customer_id,customer_name,gender,email,phone,city,state,country,registration_date
CUST00001,Oeshi Lad,Male,devanshmagar@example.com,3879151748,Motihari,Arunachal Pradesh,India,2024-03-20
CUST00002,Jagvi Shah,Male,wmohanty@example.org,8961169693,Siliguri,Uttar Pradesh,India,2025-03-27
CUST00003,Megha Varghese,Male,tmangat@example.org,0046890819,Sri Ganganagar,Karnataka,India,2026-04-04
CUST00004,Tejas Kara,Female,sanghachatresh@example.com,8219044335,Nashik,Meghalaya,India,2023-10-13
CUST00005,Qasim Aurora,Male,mannenisha@example.net,7607984171,Kozhikode,Meghalaya,India,2025-01-27
CUST00006,Irya Bora,Female,nadkarnivedhika@example.net,9466208266,Gulbarga,Kerala,India,2026-06-29
CUST00007,Mohammed Bhargava,Female,naveen36@example.net,7276085187,Guna,Andhra Pradesh,India,2022-09-04
CUST00008,Jhalak Borra,Female,tnarasimhan@example.net,6870233127,North Dumdum,Meghalaya,India,2024-03-17
CUST00009,Rajata Khosla,Male,kadelila@example.com,4308040618,Kumbakonam,Manipur,India,2025-03-26
CUST00010,Yug Puri,Female,borahsarthak@example.com,9022951251,Gorakhpur,Arunachal Pradesh,India,2023-06-17
CUST00011,Adya Lanka,Female,chanchal42@example.org,2090483480,Gandhidham,Odisha,India,2022-04-24
CUST00012,Falak Dhillon,Female,ykurian@example.org,0465815878,Gangtok,Nagaland,India,2025-06-16
CUST00013,Aayush Sunder,Male,moak@example.com,8562147760,Gurgaon,Punjab,India,2021-12-12
CUST00014,Chaitaly Chowdhury,Male,ayush36@example.com,7456751762,Kozhikode,Assam,India,2024-03-08
CUST00015,Yoshita Dada,Male,triyabansal@example.net,5553832622,Jorhat,Uttarakhand,India,2025-08-10
CUST00016,Nisha Rana,Female,shivansh79@example.net,7213316188,Anantapuram,Andhra Pradesh,India,2024-03-21
CUST00017,Indali Naik,Female,prabhulakshit@example.org,2781949140,Chittoor,Nagaland,India,2021-12-19
CUST00018,Ucchal Sarkar,Female,aadhyakala@example.com,7431962282,Kozhikode,Telangana,India,2026-02-14
CUST00019,Dalaja Som,Female,ldevan@example.org,7664894147,Farrukhabad,Andhra Pradesh,India,2024-12-25
CUST00020,Zinal Shenoy,Female,jdewan@example.com,8805602266,Hubli–Dharwad,Karnataka,India,2023-05-28
CUST00021,Indrajit Contractor,Female,charan03@example.net,5840307885,Serampore,Assam,India,2021-08-10
CUST00022,Ekantika Sani,Male,jairaj86@example.org,5562615688,Mehsana,Assam,India,2023-06-28
CUST00023,Aadi Ramanathan,Male,oni31@example.com,8143621904,Bhiwani,West Bengal,India,2025-10-12
CUST00024,Yahvi Shankar,Female,nicholas98@example.com,6052022956,Uluberia,Tripura,India,2026-07-07
CUST00025,Kevin Padmanabhan,Male,vyanjanaapte@example.net,3376633601,Bhilai,Mizoram,India,2024-08-07
CUST00026,Atharv Grewal,Male,ztoor@example.org,1916295001,Bikaner,Maharashtra,India,2023-09-03
CUST00027,Sudiksha Rau,Male,ishwar57@example.org,5629731417,Alappuzha,Kerala,India,2022-10-06
CUST00028,Warda Bhalla,Male,fdas@example.net,7796881090,Asansol,Manipur,India,2023-02-05
CUST00029,Udarsh Ramakrishnan,Male,bumbkrish@example.org,5065876508,Gaya,Assam,India,2022-10-05
CUST00030,Shivani Subramaniam,Female,jchoudhry@example.net,7083989414,Ghaziabad,Uttarakhand,India,2023-01-03
CUST00031,Varenya Kari,Male,dalaja99@example.org,0242797659,Salem,Haryana,India,2023-08-01
CUST00032,Laban Deo,Male,fbasak@example.org,0491099570,Purnia,Tripura,India,2023-07-29
CUST00033,Laksh Barman,Male,deobalhaar@example.net,8289278918,Faridabad,Mizoram,India,2021-11-11
CUST00034,Ishaan Mandal,Male,deshpandedarpan@example.org,6568755484,Sikar,Chhattisgarh,India,2023-03-15
CUST00035,Nirja Tak,Female,kalamaster@example.org,4968349815,Serampore,Sikkim,India,2025-09-20
CUST00036,Wazir Parikh,Female,lakshmisekhon@example.com,0204365080,Ujjain,Sikkim,India,2026-06-08
CUST00037,Kevin Taneja,Male,shivansh32@example.org,5776283482,Vellore,Arunachal Pradesh,India,2024-08-30
CUST00038,Neelima Ravel,Female,lbadami@example.org,1575621185,Gudivada,Madhya Pradesh,India,2026-03-09
CUST00039,Reva Puri,Female,keyashankar@example.org,5069982563,Chinsurah,Tamil Nadu,India,2023-05-23
CUST00040,Amaira Garg,Female,ukulkarni@example.com,2620977075,Indore,Uttar Pradesh,India,2025-07-14
CUST00041,Eesha Sathe,Female,gulatibakhshi@example.com,2145140872,Thrissur,Manipur,India,2025-05-12
CUST00042,Yamini Sem,Female,triptibhakta@example.com,2869418407,Gandhinagar,Assam,India,2022-07-07
CUST00043,Vasatika Subramaniam,Male,libnichaudhuri@example.org,0015925579,Kalyan-Dombivli,Nagaland,India,2024-06-25
CUST00044,Robert Virk,Female,bajajharita@example.net,9605054409,Warangal,Kerala,India,2024-04-06
CUST00045,Oviya Dua,Male,baradlaksh@example.com,5463053320,Bardhaman,Rajasthan,India,2024-02-26
CUST00046,Rachita Nazareth,Male,riyabose@example.com,8566009522,Raebareli,Meghalaya,India,2023-12-15
CUST00047,Vivaan Divan,Female,advay12@example.org,3080589826,Kulti,Manipur,India,2022-03-08
CUST00048,Upadhriti Brahmbhatt,Female,wmunshi@example.net,4996004031,Nagaon,Madhya Pradesh,India,2025-09-19
CUST00049,Ayush Ramaswamy,Female,rmemon@example.net,5715021646,Mira-Bhayandar,Rajasthan,India,2022-08-28
CUST00050,Aachal Handa,Female,hardik68@example.com,7988270813,Karimnagar,Arunachal Pradesh,India,2022-02-20
CUST00051,Om Merchant,Male,groveradvik@example.org,3920185417,Bidar,Gujarat,India,2024-01-26
CUST00052,Fitan Sheth,Female,ekapadsura@example.org,8677914154,Ahmednagar,Gujarat,India,2024-02-04
CUST00053,Harita Setty,Female,isinha@example.com,9105107674,Gandhinagar,Chhattisgarh,India,2025-02-02
CUST00054,Gayathri Narasimhan,Female,manthandewan@example.com,6344801807,Begusarai,Gujarat,India,2023-12-02
CUST00055,Ekavir Merchant,Female,uchoudhary@example.org,3799123323,Rohtak,Tripura,India,2021-11-03
CUST00056,Yachana Shukla,Female,pmohan@example.com,9069783236,Muzaffarpur,Telangana,India,2022-12-10
CUST00057,Ranbir Sarna,Female,jbasu@example.org,6764744774,Arrah,Jharkhand,India,2026-06-19
CUST00058,Warinder Vohra,Male,mpalan@example.org,9932611998,Siliguri,Rajasthan,India,2021-09-02
CUST00059,Suhani Pant,Female,svenkataraman@example.com,7861292805,Ambattur,Nagaland,India,2023-02-18
CUST00060,Manan Goel,Female,ranbir85@example.org,2928725599,Bulandshahr,Jharkhand,India,2022-03-16
CUST00061,Panini Memon,Female,valaaarush@example.net,8150786671,Unnao,Haryana,India,2025-04-16
CUST00062,Chanakya Lala,Female,ekantikaghosh@example.net,4451387509,Solapur,Bihar,India,2024-10-02
CUST00063,Reyansh Mani,Female,gabriel26@example.com,1255778189,Farrukhabad,Himachal Pradesh,India,2024-05-27
CUST00064,Anya Basu,Female,bhardwajdeepa@example.com,8346428706,Rampur,Gujarat,India,2022-05-16
CUST00065,Laksh Bhasin,Male,qarin23@example.com,1892342619,Arrah,Odisha,India,2025-10-15
CUST00066,Kashvi Lalla,Female,parsajason@example.net,3100272871,Sikar,Assam,India,2024-04-23
CUST00067,Odika Sangha,Male,gautami39@example.net,9570249443,Indore,Rajasthan,India,2026-02-17
CUST00068,Kamya Samra,Male,nandini58@example.net,5720235769,Karawal Nagar,Sikkim,India,2024-12-22
CUST00069,William Bobal,Female,ikshita20@example.com,2948760343,Jhansi,Assam,India,2022-02-14
CUST00070,Michael Ramakrishnan,Male,advikadyal@example.org,3960700431,Chandigarh,Andhra Pradesh,India,2022-05-27
CUST00071,Abhimanyu Bawa,Female,parmersaumya@example.com,1651737533,Adoni,Meghalaya,India,2025-11-10
CUST00072,Vaishnavi Hans,Male,chanakya60@example.org,7624073322,Meerut,Goa,India,2024-02-06
CUST00073,Ganga Dayal,Female,ibedi@example.org,3066394356,Deoghar,Rajasthan,India,2022-12-10
CUST00074,Rachit Sani,Male,hemalgala@example.net,6271356948,Nashik,Chhattisgarh,India,2025-01-08
CUST00075,Onveer Kara,Female,peterpal@example.net,2964457387,Aizawl,Manipur,India,2026-03-17
CUST00076,Vasatika Sahni,Male,nsaha@example.com,3056373171,Siliguri,Uttar Pradesh,India,2026-02-19
CUST00077,Dhriti Sur,Female,vchaudhary@example.org,2974060425,Khora ,Mizoram,India,2026-04-30
CUST00078,Yashica Kalita,Female,tellawarinder@example.net,9154958616,Silchar,Chhattisgarh,India,2024-04-21
CUST00079,Pallavi Muni,Male,harinakshisachdeva@example.com,9992335258,Nanded,Arunachal Pradesh,India,2023-11-20
CUST00080,Tamanna Lad,Male,rdoctor@example.org,8810320389,Sagar,Rajasthan,India,2023-07-15
CUST00081,Anusha Anne,Male,jasmit60@example.net,2966708241,Mathura,Uttar Pradesh,India,2022-06-17
CUST00082,Osha Basu,Male,xsuri@example.org,8876200477,Adoni,Chhattisgarh,India,2024-09-19
CUST00083,Charles Date,Male,matthewramesh@example.net,9324277442,Jabalpur,Meghalaya,India,2026-04-04
CUST00084,Shravya Nath,Male,naveen25@example.org,6514184549,Chandigarh,Meghalaya,India,2022-06-25
CUST00085,Mekhala Boase,Male,thomaskapadia@example.com,9977318872,Meerut,Uttar Pradesh,India,2022-10-27
CUST00086,Meghana Mukherjee,Female,purinilima@example.com,3947754661,Tadepalligudem,Mizoram,India,2024-09-13
CUST00087,Jyoti Garg,Female,kdube@example.net,5276223993,Naihati,Haryana,India,2024-12-12
CUST00088,Udarsh Varty,Female,timothy24@example.com,8449652622,Surendranagar Dudhrej,Chhattisgarh,India,2023-12-14
CUST00089,Brijesh Pau,Male,rreddy@example.org,9050439722,Udaipur,Haryana,India,2021-08-29
CUST00090,Ekavir Yogi,Female,aarushrattan@example.org,7411659489,Tirupati,Goa,India,2021-12-24
CUST00091,Veda Rajan,Female,pushtipai@example.net,8392478980,Anantapur,Meghalaya,India,2022-11-13
CUST00092,Triya Dhingra,Male,saraparikh@example.com,3549795553,Ongole,Punjab,India,2023-03-03
CUST00093,Finn Banerjee,Female,ravelyashoda@example.net,8081775964,Jabalpur,Mizoram,India,2026-03-03
CUST00094,Ria Lata,Female,gollachaitaly@example.org,1217921007,Hubli–Dharwad,Haryana,India,2023-03-01
CUST00095,Netra Savant,Female,chaudhryaarnav@example.net,5485964660,Kochi,Goa,India,2026-02-28
CUST00096,Aditya Ranganathan,Female,kdar@example.net,6973521898,Muzaffarpur,Goa,India,2025-01-21
CUST00097,Netra Randhawa,Female,maanasdugal@example.com,5909044264,Vadodara,Kerala,India,2026-06-09
CUST00098,Diya Dalal,Female,divyadayal@example.org,8721652891,Kakinada,Chhattisgarh,India,2025-04-06
CUST00099,Baljiwan Dada,Male,barkha31@example.net,5798451149,Guwahati,West Bengal,India,2025-01-09
CUST00100,Arunima Solanki,Male,nrajagopal@example.com,5503150896,Kanpur,Mizoram,India,2023-05-20
CUST00101,Nathan Bose,Male,kevin47@example.com,8426883521,Noida,West Bengal,India,2025-08-13
CUST00102,Orinder Sani,Female,saumya43@example.net,9773134347,Shahjahanpur,Odisha,India,2025-08-21
CUST00103,Anjali Saini,Female,urmiraj@example.org,6963149293,Bhopal,Assam,India,2023-04-20
CUST00104,Shivansh Deol,Female,hardik39@example.com,3882570625,Firozabad,Haryana,India,2026-01-30
CUST00105,Fitan Sidhu,Female,shahrayaan@example.net,4836056747,Uluberia,Telangana,India,2024-08-12
CUST00106,Brijesh Keer,Female,ishita32@example.net,8937275397,Vadodara,Gujarat,India,2026-06-14
CUST00107,Vidhi Mander,Male,zgara@example.com,2625146909,Varanasi,Maharashtra,India,2026-06-14
CUST00108,Gautami Savant,Male,dgopal@example.com,3971551130,Bokaro,Manipur,India,2026-01-02
CUST00109,Peter Madan,Female,jacksontoor@example.com,0779297616,Bongaigaon,Maharashtra,India,2025-03-19
CUST00110,Dhruv Sood,Male,lvenkataraman@example.com,3934790028,Arrah,Gujarat,India,2022-01-05
CUST00111,Hemal Das,Female,dnarang@example.net,3494613332,Ahmedabad,Rajasthan,India,2025-09-04
CUST00112,Tanveer Chander,Female,vvirk@example.com,5822877389,Uluberia,Rajasthan,India,2023-06-10
CUST00113,Jhalak Bhargava,Female,bborra@example.org,4378286291,Visakhapatnam,Gujarat,India,2026-02-25
CUST00114,Kalpit Mukhopadhyay,Male,buchlaksh@example.com,7578856165,Mau,Haryana,India,2026-05-31
CUST00115,Azaan Ghose,Female,rudrachakrabarti@example.org,5517250560,Phagwara,Haryana,India,2022-12-30
CUST00116,Rachana Kanda,Male,mugdhakadakia@example.org,0864743220,Bharatpur,Madhya Pradesh,India,2023-12-03
CUST00117,Warjas Issac,Male,narayanchanakya@example.net,3531688791,Ongole,Uttar Pradesh,India,2022-07-26
CUST00118,Watika Andra,Male,okota@example.net,9562746273,Gurgaon,West Bengal,India,2025-06-14
CUST00119,Saumya Cherian,Female,hchaudhary@example.com,7756058946,Burhanpur,Haryana,India,2025-11-29
CUST00120,Prisha Khanna,Female,pantjyoti@example.net,3930917343,Bikaner,Jharkhand,India,2023-10-08
CUST00121,Girindra Choudhury,Female,iyeraryan@example.net,4218873714,Kolhapur,Maharashtra,India,2024-09-28
CUST00122,Ekanta Setty,Male,dhruv64@example.net,8148928147,Kolhapur,Nagaland,India,2025-06-08
CUST00123,Veer Srinivas,Female,psandal@example.org,1338950860,Pondicherry,Meghalaya,India,2021-08-20
CUST00124,Naveen Viswanathan,Male,logan60@example.com,6920578107,Bathinda,Uttar Pradesh,India,2022-05-03
CUST00125,Yauvani Palan,Male,dakshesh46@example.com,2166626194,Ranchi,Madhya Pradesh,India,2022-11-28
CUST00126,Anjali Brar,Male,yrai@example.com,2884937770,Varanasi,Uttar Pradesh,India,2022-11-01
CUST00127,Balveer Mohanty,Female,rtak@example.com,9703835044,Gurgaon,Karnataka,India,2026-02-13
CUST00128,Anamika Korpal,Female,isha27@example.org,5746335835,Morbi,Goa,India,2021-12-22
CUST00129,Janani Bala,Female,azaanpall@example.net,2295992361,Ghaziabad,Gujarat,India,2024-07-17
CUST00130,Abhimanyu Wali,Female,nakshnarayanan@example.org,9549672157,Tiruppur,Goa,India,2026-05-06
CUST00131,Bhavya Morar,Female,revachokshi@example.com,0169634666,Raebareli,Haryana,India,2024-03-07
CUST00132,Ishanvi Pandya,Male,oscarsarna@example.com,1688203389,Raipur,Gujarat,India,2023-09-13
CUST00133,Yamini Pillay,Male,dhruvmagar@example.net,2926084114,Bhatpara,Haryana,India,2023-12-07
CUST00134,Tanmayi Gupta,Female,siddharthkonda@example.com,1875151573,Varanasi,Mizoram,India,2025-06-13
CUST00135,Caleb Garde,Male,palanubika@example.net,0587476686,Tumkur,Tripura,India,2026-07-15
CUST00136,Geetika Sule,Female,quincychad@example.net,7976134497,Udupi,West Bengal,India,2024-11-03
CUST00137,Patrick Ratti,Male,mdoshi@example.net,4719185846,Ranchi,Uttarakhand,India,2024-10-10
CUST00138,Jairaj Saini,Female,dayamai49@example.com,7964101804,Khammam,Assam,India,2022-09-20
CUST00139,Harshil Lata,Male,pvig@example.org,0964959121,Haridwar,Odisha,India,2022-10-15
CUST00140,Dakshesh Doshi,Female,aarush29@example.com,5533813622,Raebareli,Assam,India,2022-01-13
CUST00141,Upma Dhar,Male,falguniedwin@example.net,0979637648,Bhalswa Jahangir Pur,Maharashtra,India,2022-07-26
CUST00142,Kala Pillai,Female,dpathak@example.org,9252780589,Dharmavaram,Jharkhand,India,2023-11-15
CUST00143,Rishi Murty,Male,vihaan51@example.org,2036611711,Bilaspur,Maharashtra,India,2024-02-07
CUST00144,Hiral Bhatti,Female,nitarajha@example.com,0609749416,Rohtak,Punjab,India,2021-08-17
CUST00145,Gagan Mittal,Male,santkavya@example.org,6032330925,Ongole,Bihar,India,2023-01-05
CUST00146,Faris Peri,Female,hansmahika@example.org,2113759352,Bidhannagar,Haryana,India,2026-07-21
CUST00147,Vritti Nigam,Male,chawlaanmol@example.net,2061347803,Davanagere,Tamil Nadu,India,2024-10-10
CUST00148,Dhruv Krishna,Female,anshrana@example.net,4262142953,Ramgarh,Haryana,India,2024-05-22
CUST00149,Isaac Prabhu,Female,sbanerjee@example.net,6149766173,Thanjavur,Maharashtra,India,2024-02-13
CUST00150,Varsha Yohannan,Male,ndada@example.com,5397538060,Bhagalpur,Haryana,India,2023-12-12
CUST00151,Fiyaz Mishra,Female,wahab75@example.com,9312373914,Tenali,Arunachal Pradesh,India,2025-12-03
CUST00152,Umang Wason,Male,dugalbrinda@example.net,3752984293,Bihar Sharif,Punjab,India,2023-10-02
CUST00153,Andrew Kurian,Male,nrama@example.com,7326099402,Pali,Odisha,India,2025-09-03
CUST00154,Qasim Varughese,Male,ikbaldhillon@example.net,3259445980,Latur,Uttar Pradesh,India,2023-06-07
CUST00155,Ekansh Dyal,Female,nihal27@example.org,8277354997,Bihar Sharif,West Bengal,India,2026-05-15
CUST00156,Luke Peri,Female,ybobal@example.com,6104008150,Tirunelveli,Jharkhand,India,2021-11-24
CUST00157,Max Dora,Female,gaurangi86@example.com,6204561222,Giridih,Tripura,India,2024-03-18
CUST00158,Jalsa Seth,Male,samuel83@example.net,0415806732,Dehri,Haryana,India,2025-06-24
CUST00159,Ubika Nayak,Male,cdyal@example.com,3840715389,Shimoga,Karnataka,India,2022-06-02
CUST00160,Robert Ratti,Female,misramadhavi@example.org,4962333913,Mysore,Tripura,India,2021-08-03
CUST00161,Shivansh Butala,Male,mandafaqid@example.com,7362421195,Bettiah,Haryana,India,2025-01-19
CUST00162,Abha Dhawan,Male,bawayashica@example.org,7692696222,Morena,Telangana,India,2022-08-15
CUST00163,Anusha Swamy,Female,oeshibandi@example.com,6537995785,Gopalpur,Goa,India,2022-03-31
CUST00164,Harrison Joshi,Male,dgopal@example.net,5670023354,Dehradun,Maharashtra,India,2024-06-11
CUST00165,Nitara Mannan,Male,manbirnayar@example.net,3586660845,Bhavnagar,Karnataka,India,2025-03-06
CUST00166,Aadhya Koshy,Female,reyansh23@example.com,4675044079,Anantapur,Mizoram,India,2023-05-31
CUST00167,Warhi Purohit,Female,qdave@example.net,9828634156,Thiruvananthapuram,Uttarakhand,India,2022-08-30
CUST00168,Ishwar Wagle,Male,badamiranveer@example.org,6839990191,Patna,Nagaland,India,2024-03-18
CUST00169,Ayush Tiwari,Male,onveersidhu@example.net,5058066486,Ballia,Jharkhand,India,2021-12-26
CUST00170,Varenya Varma,Male,fbajwa@example.com,5404283423,Fatehpur,Arunachal Pradesh,India,2021-08-15
CUST00171,Atharv Ganguly,Male,ckala@example.org,2182389443,Shimla,Manipur,India,2022-08-03
CUST00172,Chasmum Kapoor,Female,ochawla@example.com,3323816224,Cuttack,Odisha,India,2025-06-17
CUST00173,Warda Krishnan,Female,nsharma@example.net,6876136943,Bhind,Gujarat,India,2026-03-21
CUST00174,Yutika Palla,Female,cnori@example.org,5858181078,Kakinada,Uttarakhand,India,2025-04-23
CUST00175,Yashawini Vyas,Female,qbasak@example.com,9763716475,Bhubaneswar,Meghalaya,India,2025-07-06
CUST00176,Falguni Nadkarni,Female,mpalla@example.com,7018691241,Srinagar,Gujarat,India,2022-12-25
CUST00177,Wriddhish Som,Male,baljiwan44@example.com,6344776150,Srikakulam,Assam,India,2022-08-25
CUST00178,Ekaja Chaudhary,Female,balyadavi@example.net,2772808740,Motihari,Manipur,India,2021-08-15
CUST00179,Vedant Verma,Male,yatin81@example.net,0207083193,Sultan Pur Majra,Sikkim,India,2023-06-20
CUST00180,Ati Sankaran,Female,qadimmadan@example.net,5799576889,Ratlam,Chhattisgarh,India,2021-09-07
CUST00181,Warhi Lalla,Male,anita22@example.net,4266599333,Bhimavaram,Goa,India,2024-02-11
CUST00182,Udarsh Savant,Female,gargbahadurjit@example.org,7487633693,Hubli–Dharwad,Uttar Pradesh,India,2023-11-24
CUST00183,Jyoti Dhar,Female,arinmishra@example.net,0269427210,Buxar,Sikkim,India,2025-10-09
CUST00184,Vincent Doctor,Male,xghosh@example.org,0289793304,Jaunpur,Meghalaya,India,2023-08-10
CUST00185,Adya Issac,Female,amrita40@example.net,9479324962,Barasat,Meghalaya,India,2023-06-07
CUST00186,Harinakshi Narayan,Male,ykaul@example.com,4382904339,Malegaon,Nagaland,India,2023-07-29
CUST00187,Hamsini Subramaniam,Female,radhikapathak@example.com,9306045327,Buxar,Tamil Nadu,India,2026-04-02
CUST00188,Rehaan Balan,Male,yashicasaraf@example.org,6222243396,Tiruvottiyur,Sikkim,India,2023-10-18
CUST00189,Chanakya Rattan,Female,fmenon@example.com,1118369223,Gopalpur,Uttar Pradesh,India,2021-07-25
CUST00190,Vaishnavi Kari,Female,warhi23@example.org,5701778556,Adoni,Rajasthan,India,2026-02-17
CUST00191,Tanvi Cherian,Female,yachananarayanan@example.org,9380631540,Chinsurah,West Bengal,India,2025-03-29
CUST00192,Vanya Maharaj,Male,viraj51@example.net,2522126576,Rohtak,West Bengal,India,2024-06-23
CUST00193,Sudiksha Ben,Male,yohannannilima@example.net,9011309283,Raichur,Tamil Nadu,India,2024-10-02
CUST00194,Eiravati Patla,Male,fsethi@example.org,1278694222,Naihati,Kerala,India,2025-08-22
CUST00195,Chasmum Bhatt,Male,yashicaprashad@example.net,0409461771,Agra,Sikkim,India,2022-04-06
CUST00196,Arunima Parekh,Male,odugar@example.net,5503878415,Bhatpara,Tamil Nadu,India,2023-12-15
CUST00197,Warjas Mishra,Female,narayanrajeshri@example.com,9876102553,Panvel,Tripura,India,2022-06-10
CUST00198,Jeremiah Subramaniam,Male,madanchavvi@example.org,7953162253,Rewa,Punjab,India,2025-05-08
CUST00199,Nimrat Mall,Female,dhawangaurangi@example.com,4477794869,Aligarh,Kerala,India,2022-10-04
CUST00200,Nakul Gaba,Female,zachariayash@example.net,1257858371,Kumbakonam,Uttar Pradesh,India,2026-02-26
CUST00201,Hitesh Sur,Male,zbaria@example.com,9925780407,Maheshtala,Haryana,India,2024-06-11
CUST00202,Kevin Soni,Male,boasejoshua@example.com,2044470831,Hosur,West Bengal,India,2025-07-19
CUST00203,Ijaya Hari,Female,bhaktabhavani@example.net,9587396479,Rajpur Sonarpur,Rajasthan,India,2023-03-02
CUST00204,Gaurangi Hari,Male,agastya97@example.net,0493284298,Thane,Haryana,India,2026-01-03
CUST00205,Meera Sunder,Male,ngokhale@example.com,7482287273,Udaipur,Uttar Pradesh,India,2025-03-12
CUST00206,Upkaar Boase,Male,baghyawatisaxena@example.net,6917432104,Thrissur,Madhya Pradesh,India,2024-09-25
CUST00207,Samar Srinivas,Male,voraronith@example.org,0528098590,Kishanganj,Andhra Pradesh,India,2023-12-27
CUST00208,Ishaan Gera,Male,zchander@example.com,8619022218,Khora ,Karnataka,India,2024-08-31
CUST00209,Amol Krish,Female,dayita97@example.org,2713398311,Jalna,Rajasthan,India,2022-04-22
CUST00210,Chavvi Narayan,Male,narayanpooja@example.com,2549072224,Panipat,Meghalaya,India,2021-08-10
CUST00211,Forum Om,Male,jhalak00@example.com,4189801351,Hindupur,Bihar,India,2023-12-08
CUST00212,Upma Pai,Female,tanveer93@example.com,9826820342,Karaikudi,Uttar Pradesh,India,2022-08-10
CUST00213,Dominic Maharaj,Male,idikasangha@example.com,3210197110,Guntakal,West Bengal,India,2026-06-05
CUST00214,Bachittar Randhawa,Male,magarkrishna@example.org,0947522001,Karawal Nagar,Haryana,India,2026-03-18
CUST00215,Yochana Edwin,Male,pantnitara@example.com,0121048623,Mau,Tamil Nadu,India,2026-04-26
CUST00216,Girish Buch,Male,cbassi@example.com,2908989751,Bhubaneswar,Uttarakhand,India,2021-07-28
CUST00217,Farhan Rajagopal,Male,wahab80@example.net,2101015173,Bidhannagar,Punjab,India,2025-12-11
CUST00218,Viraj Shankar,Male,aarav76@example.com,6359673387,Belgaum,Andhra Pradesh,India,2024-06-21
CUST00219,Ishanvi Savant,Male,galamason@example.com,0055273755,Patna,Tripura,India,2025-04-09
CUST00220,Chakrika Arora,Female,girindrasoni@example.com,0305434327,Vadodara,Punjab,India,2024-11-03
CUST00221,Ishita Chad,Male,anitakant@example.com,7968387408,Bhiwandi,Uttar Pradesh,India,2021-11-06
CUST00222,Mekhala Shroff,Male,saanvihegde@example.org,6175039327,Nadiad,Karnataka,India,2025-08-16
CUST00223,Lajita Thakkar,Male,tbajwa@example.org,0653926121,Kirari Suleman Nagar,Sikkim,India,2024-09-25
CUST00224,Qasim Dara,Female,mahika78@example.com,1957379811,Noida,Manipur,India,2025-11-09
CUST00225,Joshua Jani,Male,qadim34@example.net,1583280774,Shimla,Odisha,India,2022-06-20
CUST00226,Garima Subramaniam,Male,harini91@example.org,8068589494,Guna,Jharkhand,India,2025-01-18
CUST00227,Fiyaz Swamy,Male,telladeepa@example.net,6706420124,Jalandhar,Andhra Pradesh,India,2023-12-23
CUST00228,Shravya Bassi,Male,faras04@example.net,3530342163,Hubli–Dharwad,Bihar,India,2023-07-29
CUST00229,Triveni More,Male,tanish02@example.com,4049602590,Bardhaman,Madhya Pradesh,India,2023-10-25
CUST00230,Nimrat Deep,Male,yashawinidash@example.net,5981171917,Srikakulam,Odisha,India,2025-05-09
CUST00231,Finn Mahajan,Female,priyahayer@example.net,0375228617,Ramgarh,Gujarat,India,2026-02-17
CUST00232,Sara Jhaveri,Male,chatura45@example.org,1966839044,Bijapur,Nagaland,India,2023-09-17
CUST00233,Tarak Batta,Male,ekavirsavant@example.com,0535757177,Nadiad,Goa,India,2025-04-11
CUST00234,Oscar Bassi,Male,raghav65@example.org,6884169519,Bhind,Madhya Pradesh,India,2025-11-23
CUST00235,Zayan Mangat,Male,kritika57@example.org,6780299763,Gorakhpur,Arunachal Pradesh,India,2025-03-06
CUST00236,Lavanya Sahota,Male,dalianidra@example.org,1133471142,Lucknow,Uttar Pradesh,India,2025-08-09
CUST00237,Ekapad Sem,Female,pantsamar@example.com,3586290658,Jodhpur,Goa,India,2026-02-19
CUST00238,Avni Dhingra,Female,warhi72@example.net,1490346764,Thane,Punjab,India,2023-12-20
CUST00239,Zansi Ghosh,Female,pbansal@example.net,5645354892,Jaipur,Nagaland,India,2024-01-20
CUST00240,Abeer Jaggi,Female,chadhalopa@example.org,2278678133,Berhampur,Uttar Pradesh,India,2023-11-15
CUST00241,Bhavya Suresh,Male,cbhagat@example.org,4090574402,Patiala,Odisha,India,2022-02-11
CUST00242,Bhavani Bansal,Male,avarma@example.net,4508633653,Pondicherry,Jharkhand,India,2026-04-02
CUST00243,Shivansh Manda,Female,zansi17@example.org,8543137039,Bhimavaram,West Bengal,India,2022-10-01
CUST00244,Ronith Varty,Female,qbora@example.com,7702666538,Kadapa,Sikkim,India,2024-01-04
CUST00245,Samaksh Mammen,Female,hansyauvani@example.org,7915545763,Sikar,Telangana,India,2023-05-20
CUST00246,Wriddhish Dhillon,Male,yahvi73@example.net,3803779242,Bikaner,Assam,India,2023-09-23
CUST00247,Hamsini Dora,Female,siya70@example.com,3430161668,Barasat,Arunachal Pradesh,India,2021-10-25
CUST00248,Unni Deep,Female,kauranmol@example.net,9921552785,Jalgaon,Mizoram,India,2024-07-27
CUST00249,Unnati Saini,Male,kashishgarde@example.net,6378318606,Ghaziabad,Meghalaya,India,2025-06-16
CUST00250,Patrick Shankar,Male,tdua@example.org,1455088413,Shivpuri,Tamil Nadu,India,2025-06-29
CUST00251,Michael Khanna,Female,izacharia@example.org,8750634905,Rampur,Punjab,India,2024-10-02
CUST00252,Kritika Manda,Female,theodoresahota@example.org,2348559808,North Dumdum,Kerala,India,2024-03-24
CUST00253,Wakeeta Savant,Male,qarinbhandari@example.com,6389583311,Sri Ganganagar,Andhra Pradesh,India,2026-03-29
CUST00254,Kabir Kale,Male,gopalgandhi@example.com,4930295682,Serampore,Tripura,India,2024-07-17
CUST00255,Kamya Pathak,Male,vedant58@example.com,1179429818,Kochi,Bihar,India,2026-03-22
CUST00256,Balvan Bhardwaj,Female,sharafkrishna@example.org,2274785665,Pimpri-Chinchwad,Himachal Pradesh,India,2022-03-08
CUST00257,Baghyawati Kumer,Female,zayyan28@example.org,6749580793,Guntakal,Maharashtra,India,2023-05-02
CUST00258,Hamsini Chatterjee,Female,zashil84@example.com,3652359051,Mau,Chhattisgarh,India,2022-11-15
CUST00259,Chasmum Bali,Female,banjeetchadha@example.net,8284113898,Medininagar,Chhattisgarh,India,2022-08-14
CUST00260,Ekaja Mitter,Male,daksha54@example.org,7081863380,Unnao,Sikkim,India,2024-05-01
CUST00261,Samuel Karpe,Female,ekanimanda@example.org,9169937782,Ajmer,Nagaland,India,2025-10-15
CUST00262,Samar Arya,Female,qbava@example.org,2305271853,Sikar,Kerala,India,2024-01-09
CUST00263,Amol Tara,Male,lmorar@example.org,4082943902,Noida,Kerala,India,2026-03-20
CUST00264,Omya Narayan,Male,dhritisuri@example.com,2767752636,Vellore,Karnataka,India,2025-11-24
CUST00265,Gopal Purohit,Male,menonpahal@example.org,7984402997,Patiala,Andhra Pradesh,India,2024-07-24
CUST00266,Darika Yogi,Female,dprabhakar@example.net,5742503047,Ramagundam,Arunachal Pradesh,India,2022-06-19
CUST00267,Jatin Rout,Male,chatresh20@example.net,0160816560,Dibrugarh,West Bengal,India,2023-02-18
CUST00268,Brinda Bajwa,Male,kantthomas@example.net,5384030470,Rohtak,Sikkim,India,2024-02-29
CUST00269,Bhavani Gaba,Female,aryadalal@example.org,0226816977,Gwalior,Goa,India,2024-09-30
CUST00270,Farhan Mahal,Male,shaaashi@example.com,3969423389,Bhusawal,Goa,India,2024-06-29
CUST00271,Aarini Sidhu,Male,anthony08@example.org,7514423829,Khammam,Assam,India,2025-03-09
CUST00272,Rachana Manne,Female,onkaroza@example.org,9579569760,Raebareli,Maharashtra,India,2021-12-10
CUST00273,Rajeshri Parikh,Female,bsinghal@example.org,0142478684,Parbhani,Chhattisgarh,India,2022-02-03
CUST00274,Anthony Shetty,Female,vedagarde@example.net,0029309305,Amritsar,West Bengal,India,2021-10-01
CUST00275,Hemani Setty,Male,masonsankar@example.org,5390735112,Malegaon,Tamil Nadu,India,2022-09-19
CUST00276,Gaurav Vora,Male,elijah55@example.org,1269976766,Firozabad,Meghalaya,India,2021-11-07
CUST00277,Peter Kota,Male,settyfinn@example.net,3989407116,Berhampore,Bihar,India,2021-11-26
CUST00278,Bakhshi Choudhry,Male,wlall@example.org,7568718734,Salem,Assam,India,2025-11-17
CUST00279,Odika Manda,Male,oommensamaksh@example.com,4501323181,Nagpur,Gujarat,India,2023-11-05
CUST00280,Madhav Bajwa,Female,sanghvibishakha@example.net,9289425949,Kochi,Meghalaya,India,2023-08-01
CUST00281,Kala Toor,Female,yatan82@example.org,4749258569,Bhavnagar,Himachal Pradesh,India,2022-01-10
CUST00282,Adweta Dora,Male,aadhyabhakta@example.net,6309762993,Secunderabad,Arunachal Pradesh,India,2023-05-03
CUST00283,Kiaan Pradhan,Male,tellakalpit@example.org,3045951547,Bokaro,Manipur,India,2022-12-09
CUST00284,Raksha Shan,Female,usuri@example.net,3299428728,Kishanganj,Meghalaya,India,2024-06-23
CUST00285,Krisha Bose,Female,yaminigrover@example.com,8491234655,Panchkula,Himachal Pradesh,India,2021-09-27
CUST00286,Hitesh Gulati,Female,chatreshbadal@example.net,9887350200,Mumbai,Mizoram,India,2025-04-26
CUST00287,Ishwar Kapoor,Male,tristansarma@example.net,3301178329,Mathura,Goa,India,2025-06-04
CUST00288,Nisha Setty,Female,acharyaomkaar@example.org,1167991461,Saharanpur,Karnataka,India,2025-10-10
CUST00289,Nilima Devan,Female,nidhibhalla@example.org,1600674091,Jabalpur,Andhra Pradesh,India,2023-10-15
CUST00290,Bahadurjit Batta,Male,priyarama@example.com,0969426634,Davanagere,Sikkim,India,2025-09-25
CUST00291,Jagvi Minhas,Female,miteshbehl@example.com,2254638368,Aurangabad,Haryana,India,2022-09-10
CUST00292,Leena Hegde,Male,shuklabrijesh@example.com,7545313802,Barasat,Punjab,India,2026-02-27
CUST00293,Triveni Sridhar,Male,srana@example.com,5507943993,Ratlam,Haryana,India,2022-05-06
CUST00294,Abha Joshi,Male,amara86@example.com,7653229138,Solapur,Kerala,India,2024-02-23
CUST00295,Sanya Nadig,Female,bhanumatidugar@example.net,0541738494,Dewas,Telangana,India,2025-11-23
CUST00296,Varenya Radhakrishnan,Male,gaurikapur@example.org,1512937688,Chapra,Manipur,India,2024-11-14
CUST00297,Vasatika Suresh,Male,yasti29@example.net,0397697296,Maheshtala,Haryana,India,2023-07-31
CUST00298,Aayush Malhotra,Male,sarafchavvi@example.com,0024878547,Ambattur,Bihar,India,2024-08-31
CUST00299,William Deol,Female,indrajit54@example.com,7376299074,Ballia,West Bengal,India,2023-12-07
CUST00300,Vrishti Natt,Male,maanasdoshi@example.org,4461761546,Firozabad,Assam,India,2024-02-16
CUST00301,Aadi Kurian,Male,qsinha@example.com,2614718073,Naihati,Tripura,India,2024-06-26
CUST00302,Vincent Sachdeva,Male,sarya@example.org,6604950315,Siwan,Kerala,India,2024-02-11
CUST00303,Joshua Shah,Male,ebadal@example.com,9749601736,Darbhanga,Mizoram,India,2026-02-19
CUST00304,Ekiya Pant,Male,ysha@example.net,4699526011,Jaipur,Karnataka,India,2025-03-18
CUST00305,Lekha Basu,Male,pratyush41@example.org,7909309514,Kadapa,Jharkhand,India,2022-02-10
CUST00306,Saanvi Balan,Male,udant61@example.net,5452600943,Kolkata,Nagaland,India,2022-08-27
CUST00307,Kai Rama,Female,arintailor@example.org,6284387647,Phusro,Andhra Pradesh,India,2024-05-14
CUST00308,Deepa Sur,Male,oscar94@example.org,8207861220,Gandhidham,Chhattisgarh,India,2022-11-20
CUST00309,Daksh Nagarajan,Female,meeramani@example.com,4145968905,Nadiad,Andhra Pradesh,India,2026-01-16
CUST00310,Chaitaly Barad,Male,guptamahika@example.net,0513441059,Raichur,Maharashtra,India,2025-02-21
CUST00311,Andrew Verma,Male,vinaya05@example.net,3146845073,Bhubaneswar,Haryana,India,2024-08-04
CUST00312,Balhaar Mistry,Male,idoshi@example.org,6409527360,Gopalpur,Telangana,India,2025-11-20
CUST00313,Jai Comar,Female,chokshijatin@example.com,8297902484,Buxar,Karnataka,India,2024-05-27
CUST00314,Rishi Mody,Male,wjani@example.net,1347318255,Panchkula,Uttar Pradesh,India,2025-08-20
CUST00315,Ishaan Arya,Male,kalpitdoshi@example.com,8019574539,Bhiwandi,Telangana,India,2022-05-01
CUST00316,Harita Bava,Male,zachariayoshita@example.com,8279856579,Agartala,Uttarakhand,India,2025-07-31
CUST00317,Fariq Goel,Male,poojakurian@example.net,8950132159,Jaipur,Tamil Nadu,India,2026-02-10
CUST00318,Oviya Malhotra,Male,waidasathe@example.com,4725710875,Chandigarh,Assam,India,2022-01-24
CUST00319,Ryan Nori,Male,vivaan97@example.net,2977740918,Bidar,Tripura,India,2025-02-02
CUST00320,Shaurya Sheth,Female,contractoramaira@example.com,9927369942,Rajahmundry,Arunachal Pradesh,India,2022-10-16
CUST00321,Imaran Subramaniam,Male,jeetchakraborty@example.org,1828793768,Bhavnagar,Haryana,India,2021-12-26
CUST00322,Zayan Tata,Male,samaksh75@example.net,5747660790,Jabalpur,Nagaland,India,2022-10-13
CUST00323,Praneel Choudhury,Male,zachariawarjas@example.org,5873278666,Madhyamgram,Uttarakhand,India,2022-03-05
CUST00324,Krisha Sangha,Female,luckypalla@example.com,9388159865,Srinagar,Maharashtra,India,2026-06-10
CUST00325,Wridesh Andra,Male,ojas70@example.com,1072128219,Eluru,Manipur,India,2022-11-08
CUST00326,Eesha Ghosh,Female,rattayashodhara@example.org,6886455744,Bhalswa Jahangir Pur,Meghalaya,India,2024-09-27
CUST00327,Diya Ray,Female,saanvivarghese@example.org,3063977424,Ongole,Karnataka,India,2022-05-06
CUST00328,Wahab Ramakrishnan,Male,mannandaksh@example.org,1860617135,Darbhanga,Meghalaya,India,2025-07-17
CUST00329,Qadim Anand,Male,loyalgirik@example.org,6520532026,Satna,Sikkim,India,2025-05-05
CUST00330,Anya Uppal,Female,royyahvi@example.org,7817311188,Chandrapur,Telangana,India,2022-03-10
CUST00331,Varsha Om,Male,franganathan@example.com,7975743076,Sangli-Miraj & Kupwad,Manipur,India,2022-03-14
CUST00332,Sai Munshi,Female,jacob44@example.com,4898978559,Kavali,Uttarakhand,India,2024-11-16
CUST00333,Ekta Tripathi,Male,charitathakkar@example.net,3415686191,Chittoor,West Bengal,India,2026-05-17
CUST00334,Sai Ghose,Male,bhavnamutti@example.org,4579051545,Bhind,Haryana,India,2024-07-12
CUST00335,Ayushman Swaminathan,Male,batranaveen@example.net,1442887003,Muzaffarnagar,Maharashtra,India,2025-11-29
CUST00336,Harini Dhillon,Male,dshetty@example.com,0191440635,Hazaribagh,Karnataka,India,2022-10-19
CUST00337,Radhika Kala,Female,bbumb@example.net,0574325934,Madurai,Goa,India,2024-06-15
CUST00338,Azad Singh,Female,pchhabra@example.com,8013935286,Aurangabad,Himachal Pradesh,India,2023-09-21
CUST00339,Rudra Bala,Female,baljiwansachdev@example.com,2638015234,Gopalpur,Karnataka,India,2021-07-31
CUST00340,Xiti Anne,Male,dominicprashad@example.net,5300619374,Mumbai,Uttar Pradesh,India,2025-05-27
CUST00341,Shivansh Das,Male,vsuri@example.org,0931481704,Sagar,Uttar Pradesh,India,2024-04-24
CUST00342,Amol Krishnamurthy,Female,vritti85@example.org,2212000800,Giridih,Assam,India,2023-10-20
CUST00343,Varenya Chokshi,Female,mandanamika@example.org,1617759557,Nagaon,Punjab,India,2022-02-17
CUST00344,Yashvi Hayer,Female,ikshitaedwin@example.org,0535594682,Gandhidham,Maharashtra,India,2024-04-14
CUST00345,Nidra Modi,Female,anmolraman@example.net,2349107398,Bahraich,Uttarakhand,India,2023-04-14
CUST00346,Turvi Kulkarni,Female,yashvi17@example.net,6808345512,Vijayanagaram,Mizoram,India,2021-11-16
CUST00347,Omaja Batra,Female,darshmandal@example.com,7682495159,Parbhani,Jharkhand,India,2025-08-05
CUST00348,Triveni Mody,Female,bhavyabarad@example.net,0410146120,Guwahati,Uttarakhand,India,2021-12-30
CUST00349,Triveni Iyengar,Male,kharerachita@example.org,8212453673,Akola,Uttarakhand,India,2023-12-22
CUST00350,Nimrat Aurora,Female,ahans@example.com,8468547721,Serampore,Mizoram,India,2021-12-18
CUST00351,Rajata Bhat,Female,dalbir98@example.net,4498951348,Dhule,Kerala,India,2025-07-27
CUST00352,Frederick Mutti,Female,watika84@example.net,0731151894,Madanapalle,Sikkim,India,2023-05-18
CUST00353,Xiti Chahal,Male,imody@example.net,4381538011,Hosur,Arunachal Pradesh,India,2023-09-26
CUST00354,Ekantika Peri,Female,bhavanirattan@example.org,8430144487,Kamarhati,Himachal Pradesh,India,2025-04-24
CUST00355,Falak Sani,Female,aishani79@example.net,4300940101,Patiala,Madhya Pradesh,India,2023-01-21
CUST00356,Wakeeta Mukherjee,Male,madhav43@example.com,0061742368,Serampore,Tamil Nadu,India,2025-12-10
CUST00357,Wishi Rajagopal,Female,dayaljackson@example.org,8826570302,Raiganj,Maharashtra,India,2022-08-27
CUST00358,Forum Kale,Female,inayaprakash@example.com,1681510061,Ujjain,Rajasthan,India,2025-07-24
CUST00359,Daniel Yadav,Female,daraamrita@example.org,5915386416,Rajkot,Assam,India,2022-02-20
CUST00360,Ubika Kohli,Female,kotaraghav@example.org,9403858629,Purnia,Tamil Nadu,India,2026-03-06
CUST00361,Amruta Dhar,Male,mkaur@example.com,3748119531,Tumkur,Kerala,India,2023-08-30
CUST00362,Anvi Bail,Male,dipta46@example.org,3461048115,Jammu,Andhra Pradesh,India,2021-10-11
CUST00363,Qasim Borah,Male,kaurekta@example.org,4836912898,Shimla,Sikkim,India,2021-10-04
CUST00364,Pallavi Karnik,Female,netra85@example.org,6223518726,Jamalpur,Arunachal Pradesh,India,2025-12-01
CUST00365,Samesh Datta,Male,masterpanini@example.com,4719373055,Phagwara,Odisha,India,2023-09-08
CUST00366,Tristan Narula,Male,alka53@example.com,1485320384,Gaya,Nagaland,India,2024-04-26
CUST00367,Wriddhish Ramesh,Female,jeevika93@example.net,0298365178,Ratlam,Punjab,India,2023-04-21
CUST00368,Ria Kashyap,Male,krishna29@example.org,3061226196,Erode,Bihar,India,2022-08-13
CUST00369,Krisha Raval,Female,nihaldora@example.org,5112088986,Sirsa,Mizoram,India,2026-01-07
CUST00370,Abdul Virk,Male,usaxena@example.com,8962467456,Jalgaon,Andhra Pradesh,India,2023-09-14
CUST00371,Manan Date,Male,siddharth51@example.com,0322991556,Imphal,Arunachal Pradesh,India,2023-07-12
CUST00372,Advay Kalita,Female,ridhi62@example.com,2014180322,Chinsurah,Manipur,India,2023-04-19
CUST00373,Wazir Parmar,Male,farhan35@example.org,5076969474,Rewa,Nagaland,India,2026-05-22
CUST00374,Samar Majumdar,Male,leena42@example.net,2527570803,Kottayam,Manipur,India,2025-04-15
CUST00375,Bhavani Mahal,Male,anvichandra@example.com,2264821814,Aizawl,Meghalaya,India,2022-08-12
CUST00376,Ria Kala,Male,deyluke@example.org,4469463241,Fatehpur,Andhra Pradesh,India,2024-02-29
CUST00377,Jason Master,Male,sureshanika@example.net,1432568267,Saharsa,Madhya Pradesh,India,2022-09-26
CUST00378,Darika Bhatt,Female,yochana54@example.org,0987654963,Cuttack,Arunachal Pradesh,India,2021-10-30
CUST00379,Tristan Sharma,Male,hemal45@example.com,6423178609,Dewas,Goa,India,2026-03-13
CUST00380,Waida Bhattacharyya,Male,nidhimadan@example.net,1422331561,Latur,West Bengal,India,2022-03-22
CUST00381,Umang Sheth,Female,chandraishwar@example.org,1065286038,Jehanabad,Chhattisgarh,India,2026-05-31
CUST00382,Waida Varma,Male,obajaj@example.com,4459054315,Ongole,Karnataka,India,2022-11-12
CUST00383,Vasatika Gill,Male,matthewsuri@example.org,7683172758,Morbi,Himachal Pradesh,India,2023-11-19
CUST00384,Ikshita Jaggi,Female,manthanbalasubramanian@example.org,8783449617,Imphal,Tamil Nadu,India,2024-03-22
CUST00385,Jonathan Mallick,Male,anyabhattacharyya@example.org,9347872137,Madurai,Haryana,India,2023-01-04
CUST00386,Nitara Nagi,Female,isaiah97@example.net,9090531701,Anantapuram,Goa,India,2022-04-09
CUST00387,Upadhriti Sachar,Female,pbalan@example.com,1642888800,Thiruvananthapuram,Andhra Pradesh,India,2022-02-06
CUST00388,Nakul Sagar,Male,awadhwa@example.net,7975070797,Bathinda,Karnataka,India,2022-03-08
CUST00389,Upma Vala,Female,chanakya42@example.org,1947583658,Bangalore,Meghalaya,India,2021-08-11
CUST00390,Advaith Kata,Female,nbir@example.com,1962779854,Alappuzha,Manipur,India,2025-08-10
CUST00391,Rajata Kulkarni,Male,muniaahana@example.net,4706959094,Bettiah,Andhra Pradesh,India,2024-05-22
CUST00392,Ekta Raghavan,Male,manan36@example.net,0562836495,Bhatpara,Meghalaya,India,2025-06-21
CUST00393,Sathvik Shankar,Male,teerthbhat@example.net,2003907597,Bhilwara,Manipur,India,2024-12-18
CUST00394,Girik Bala,Female,sharafhredhaan@example.com,3579338229,Tirunelveli,Mizoram,India,2022-10-29
CUST00395,Ekantika Chatterjee,Male,hmallick@example.org,9986128386,Bahraich,Goa,India,2022-10-15
CUST00396,Shivansh Dada,Female,kanne@example.net,5164934014,Amroha,Assam,India,2026-05-15
CUST00397,Fiyaz Sarin,Male,george16@example.org,7940288872,Bongaigaon,Haryana,India,2025-09-28
CUST00398,Tanveer Rao,Male,tristanbahri@example.net,3023176011,Mehsana,Maharashtra,India,2021-10-27
CUST00399,Parth Halder,Female,gerazayyan@example.net,7003748746,Bhilai,Jharkhand,India,2021-07-31
CUST00400,Joshua Devi,Male,nimrat24@example.com,3530367342,Sambalpur,Goa,India,2024-09-16
CUST00401,Widisha Jayaraman,Male,darleena@example.org,4990040834,Udaipur,Tripura,India,2023-12-04
CUST00402,Abhimanyu Parsa,Female,ikbalsalvi@example.org,4898283495,Sultan Pur Majra,Haryana,India,2026-04-28
CUST00403,Vivaan Brahmbhatt,Male,watikanadkarni@example.com,0187474039,Jalgaon,Manipur,India,2026-05-22
CUST00404,Ucchal Dave,Female,abhasin@example.org,6815597871,Jaunpur,Punjab,India,2026-04-05
CUST00405,Abha Amble,Female,nagidevansh@example.com,7221684511,Rohtak,Telangana,India,2022-02-04
CUST00406,Bhavani Vohra,Female,nathaniel01@example.com,5517783890,Kurnool,West Bengal,India,2023-04-02
CUST00407,Chakradhar Zachariah,Male,gopalchadha@example.com,9801782930,Malda,Karnataka,India,2024-03-01
CUST00408,Azaan Sharaf,Male,pathakomisha@example.org,9280434881,Agra,Chhattisgarh,India,2025-06-14
CUST00409,Meghana Murty,Male,gautami35@example.net,5594173946,Jaunpur,Odisha,India,2022-09-07
CUST00410,Rohan Parekh,Female,vsavant@example.com,2881390634,Bihar Sharif,Tamil Nadu,India,2023-04-12
CUST00411,Abdul Badami,Female,jasonpatel@example.org,5885148370,Anand,Telangana,India,2023-10-25
CUST00412,Lila Mukherjee,Female,ekavir67@example.com,7956677016,Ozhukarai,Kerala,India,2024-12-10
CUST00413,Ekalinga Bawa,Male,sanesara@example.net,3646042159,Sikar,Karnataka,India,2022-06-02
CUST00414,Jagdish Verma,Female,parikhrajata@example.org,2360106190,Raipur,Himachal Pradesh,India,2023-10-21
CUST00415,Omaja Nadig,Male,raymadhav@example.org,5163018682,Meerut,Goa,India,2025-11-21
CUST00416,Daksha Patla,Female,bhavnajayaraman@example.com,4976877095,Jabalpur,Telangana,India,2025-05-03
CUST00417,Qarin Bahri,Female,munishravya@example.org,2010828961,Korba,Rajasthan,India,2026-05-29
CUST00418,Gavin Walia,Female,jainati@example.com,3037893925,Jalgaon,Arunachal Pradesh,India,2024-03-30
CUST00419,Atharv Ramaswamy,Male,vrindapall@example.com,9929624615,Siwan,Arunachal Pradesh,India,2025-12-11
CUST00420,Oni Dara,Female,mistryfinn@example.org,7712502006,Secunderabad,Mizoram,India,2021-09-04
CUST00421,Abeer Thakkar,Female,oakkashish@example.org,7706054338,Latur,Kerala,India,2024-11-12
CUST00422,Gaurangi Nigam,Female,benchandresh@example.net,2935500799,Madurai,Nagaland,India,2021-08-14
CUST00423,Kai Palan,Female,tluthra@example.com,8958463881,Shimoga,Jharkhand,India,2023-04-05
CUST00424,Riya Swamy,Male,pradhanjeremiah@example.com,6431238948,Ambarnath,Tamil Nadu,India,2023-03-22
CUST00425,Bhavya Bahl,Male,jayaramanhitesh@example.net,7168070963,Vijayawada,Himachal Pradesh,India,2021-12-31
CUST00426,Ekiya Sachdeva,Female,qbrar@example.com,3360368043,Bongaigaon,Manipur,India,2023-01-06
CUST00427,Prisha Anand,Female,leena48@example.net,2299193032,Alappuzha,Jharkhand,India,2023-07-10
CUST00428,Aayush Narang,Female,dalajasem@example.net,7423934494,Rourkela,Uttar Pradesh,India,2024-10-05
CUST00429,Zashil Yadav,Male,swaminathanlaban@example.com,8945629878,Ambala,Uttarakhand,India,2026-07-18
CUST00430,Oviya Chokshi,Male,nagarajanurmi@example.com,6672058298,Dindigul,West Bengal,India,2024-04-30
CUST00431,Samaksh Mishra,Male,gopaldey@example.com,6528742213,Anantapuram,Uttar Pradesh,India,2025-02-28
CUST00432,Praneel Kant,Female,ganga13@example.com,3045381481,Korba,Goa,India,2025-09-24
CUST00433,Yachana Kanda,Female,christopher56@example.org,4042763966,Ranchi,Himachal Pradesh,India,2023-08-15
CUST00434,Pranav Bahl,Female,manbir18@example.com,0898750504,Jamshedpur,West Bengal,India,2023-02-15
CUST00435,Chakradhar Trivedi,Female,kpalla@example.org,2598579933,Loni,Chhattisgarh,India,2022-07-22
CUST00436,Indali Mahal,Female,yashasvibhasin@example.com,6746447318,Danapur,Assam,India,2025-03-16
CUST00437,Ijaya Zacharia,Female,zlala@example.com,1136520540,Pali,Haryana,India,2023-07-09
CUST00438,Jagrati Kota,Male,iyengaryashawini@example.com,6036167365,Darbhanga,Maharashtra,India,2023-08-15
CUST00439,Shivani Rai,Male,lbhargava@example.org,5807329922,Hospet,Arunachal Pradesh,India,2026-02-17
CUST00440,Charita Savant,Male,akshaypal@example.net,9051114972,Anantapur,Arunachal Pradesh,India,2025-03-17
CUST00441,Samuel Rau,Female,onkarnayak@example.org,0516582858,Chandigarh,Maharashtra,India,2022-11-18
CUST00442,Tarak Luthra,Male,vparmar@example.org,9704002827,Serampore,Goa,India,2025-02-12
CUST00443,Inaya Nagar,Male,jreddy@example.net,2781729734,Gangtok,Himachal Pradesh,India,2021-10-30
CUST00444,Aryan Shankar,Male,raaginiramakrishnan@example.net,9027107923,Tadipatri,Goa,India,2022-12-01
CUST00445,Dakshesh Mane,Male,labanprabhu@example.com,5641312122,Mira-Bhayandar,Jharkhand,India,2025-08-03
CUST00446,Jatin Rajagopal,Female,zbalay@example.net,5093212962,Tadipatri,Mizoram,India,2025-03-31
CUST00447,Bhavani Sant,Male,zarna81@example.net,5150449885,Akola,West Bengal,India,2022-10-25
CUST00448,Yauvani Karan,Female,urvashikaul@example.net,2103328016,Howrah,Meghalaya,India,2026-04-07
CUST00449,Falguni Walia,Male,ekalingatella@example.net,7429489155,Gandhinagar,Manipur,India,2026-01-28
CUST00450,Chakrika Batta,Female,cwali@example.org,2931616085,Sultan Pur Majra,West Bengal,India,2026-04-29
CUST00451,Kevin Garde,Female,mittaljanani@example.com,9948901850,Tirupati,Arunachal Pradesh,India,2026-02-16
CUST00452,Falan Palan,Male,vartyekiya@example.com,9742350604,Vasai-Virar,Karnataka,India,2024-06-29
CUST00453,Zehaan Hayre,Male,yochanatalwar@example.net,2233347995,Ujjain,Chhattisgarh,India,2023-03-21
CUST00454,Riya Atwal,Female,pchakraborty@example.org,0939077000,Bhusawal,Manipur,India,2023-02-21
CUST00455,Simon D’Alia,Female,lallanidra@example.org,1965748914,Tiruppur,Nagaland,India,2025-09-13
CUST00456,Neelima Kunda,Male,irya35@example.net,0127913333,Rampur,Telangana,India,2023-09-12
CUST00457,Amara Vig,Female,mishrayatan@example.com,6656493856,Sirsa,Arunachal Pradesh,India,2023-10-05
CUST00458,Manan Sinha,Male,lmorar@example.net,3030779680,Shahjahanpur,Arunachal Pradesh,India,2021-10-11
CUST00459,Sai Bora,Male,frederickoak@example.net,5858701882,Singrauli,Rajasthan,India,2026-07-17
CUST00460,Farhan Sarma,Female,achaudhary@example.org,0587821709,Gorakhpur,Tamil Nadu,India,2022-11-12
CUST00461,Sneha Dhingra,Male,joshitarak@example.net,4655065873,Raebareli,Maharashtra,India,2023-05-25
CUST00462,Avi Gill,Female,palltanay@example.com,1063468411,Adoni,Assam,India,2021-12-30
CUST00463,Bimala Barman,Female,osawhney@example.com,7775407778,Eluru,Nagaland,India,2022-02-19
CUST00464,Krishna Batra,Female,abhimanyulad@example.com,6262346403,Navi Mumbai,Tamil Nadu,India,2025-10-18
CUST00465,Mohini Sinha,Male,charan70@example.org,5265976721,Pudukkottai,Maharashtra,India,2024-05-23
CUST00466,Dayamai Goswami,Female,fde@example.org,2599535923,Hospet,Bihar,India,2023-01-13
CUST00467,Naksh Khare,Female,subramanianomkaar@example.org,9267923390,Sagar,Bihar,India,2025-01-05
CUST00468,Ekaraj Mody,Male,brahmbhatthenry@example.org,9094198846,Tirunelveli,Rajasthan,India,2024-11-06
CUST00469,Geetika Sanghvi,Female,girish82@example.org,3368162941,Buxar,Maharashtra,India,2022-11-27
CUST00470,Lila Sahni,Female,diyathaman@example.org,0475724078,Mira-Bhayandar,Sikkim,India,2022-09-29
CUST00471,Janani Ganesan,Male,vinayachoudhry@example.net,8646350653,Guwahati,Jharkhand,India,2021-10-08
CUST00472,Ekansh Buch,Male,dbanik@example.org,1316670003,Anantapur,Punjab,India,2025-10-08
CUST00473,Vamakshi Dewan,Female,oliverratta@example.net,7825924853,Ahmedabad,Mizoram,India,2024-05-06
CUST00474,Eesha Bhasin,Female,umangtripathi@example.com,6269307972,Hyderabad,Andhra Pradesh,India,2025-02-09
CUST00475,Yuvraj Tank,Male,balveermadan@example.net,6569241428,Bhatpara,Uttar Pradesh,India,2023-10-19
CUST00476,Ekavir Butala,Male,ode@example.org,6280796563,Belgaum,Tamil Nadu,India,2025-03-17
CUST00477,Chandresh Ganguly,Female,kapoorkalpit@example.com,9522176908,Chinsurah,Mizoram,India,2024-04-08
CUST00478,Anirudh Bora,Male,baralisha@example.org,4917364739,Chapra,Maharashtra,India,2021-12-21
CUST00479,Anmol Sridhar,Female,ekajareddy@example.net,4635635527,Naihati,Assam,India,2025-04-21
CUST00480,Chandran Char,Male,miteshkeer@example.com,6176042303,Shahjahanpur,Karnataka,India,2026-02-13
CUST00481,Nitara Sangha,Male,benjaminhari@example.org,1263739377,Faridabad,Punjab,India,2022-06-30
CUST00482,Yauvani Sibal,Female,jagvi72@example.com,5975984619,Mehsana,Andhra Pradesh,India,2024-04-13
CUST00483,Hritik Maharaj,Male,bhavani88@example.net,8681880858,Ahmedabad,Tripura,India,2025-01-13
CUST00484,Nathan Khurana,Female,mdhar@example.org,6882790815,Kolkata,Andhra Pradesh,India,2025-07-18
CUST00485,Warhi Rout,Male,lucky20@example.org,9282142806,Darbhanga,Tamil Nadu,India,2025-10-27
CUST00486,Sathvik Parmar,Female,omyaarora@example.org,0082100113,Kolkata,Manipur,India,2022-12-04
CUST00487,Peter Deep,Female,fbhavsar@example.org,7433212861,Howrah,Bihar,India,2026-02-28
CUST00488,Vanya Grewal,Male,yashasvi00@example.net,8337021691,Pimpri-Chinchwad,Tripura,India,2024-10-19
CUST00489,Irya Rajagopal,Male,matthew01@example.org,7649640539,Khammam,Assam,India,2021-10-08
CUST00490,Wahab Pillay,Male,charita00@example.net,9326077557,Ramgarh,Jharkhand,India,2026-04-29
CUST00491,Neha Walla,Male,yashicakrishnamurthy@example.com,4333992295,Shivpuri,Karnataka,India,2023-12-07
CUST00492,Damyanti Mangat,Male,lopa93@example.org,1717954972,Saharanpur,Telangana,India,2026-03-08
CUST00493,Abhimanyu Jha,Female,vbava@example.net,9422592823,Imphal,Punjab,India,2026-02-09
CUST00494,Meera Kota,Female,vbatra@example.com,7578852752,Jamnagar,Karnataka,India,2024-07-23
CUST00495,Jasmit Shenoy,Female,gokhaleabhiram@example.com,8688463933,Dhule,West Bengal,India,2026-06-19
CUST00496,Farhan Kohli,Female,edhithaghosh@example.com,4128258750,Raichur,Karnataka,India,2022-05-05
CUST00497,Yauvani Sha,Female,jairajtank@example.org,5593162341,Pimpri-Chinchwad,Goa,India,2026-01-18
CUST00498,Ekanta Wason,Male,ethanchawla@example.net,3124980339,Jaipur,Kerala,India,2023-12-12
CUST00499,Siya Natt,Male,xiti08@example.net,9075155673,Katni,Chhattisgarh,India,2022-06-11
CUST00500,Ranbir Lad,Female,aishani88@example.net,8712765132,Hyderabad,Rajasthan,India,2026-05-28
CUST00501,Robert Bhatt,Female,adyatripathi@example.com,4744016743,Adoni,Gujarat,India,2022-11-14
CUST00502,Joshua Nadig,Female,kamalakashyap@example.org,4681939283,Bhubaneswar,Odisha,India,2024-11-19
CUST00503,Osha Comar,Male,baghyawati77@example.com,5256468135,Bareilly,Uttar Pradesh,India,2023-01-22
CUST00504,Udarsh Contractor,Male,jhaverisamaksh@example.org,2416135888,Vadodara,Nagaland,India,2026-03-15
CUST00505,Onveer Natt,Female,hsheth@example.org,9038938826,Bhusawal,Andhra Pradesh,India,2023-05-21
CUST00506,Jyoti Chowdhury,Male,duttranveer@example.com,9462128777,Dhanbad,Odisha,India,2023-01-10
CUST00507,Kai Hayer,Female,manthan84@example.org,9904587723,Ambarnath,Uttar Pradesh,India,2021-08-15
CUST00508,Zaid Prasad,Female,zilmilswaminathan@example.net,0464778334,Guntakal,Assam,India,2022-07-22
CUST00509,Kiaan Rama,Male,uandra@example.org,2811795047,Mumbai,Andhra Pradesh,India,2023-02-05
CUST00510,Om Varughese,Male,david77@example.org,6687209924,Miryalaguda,Andhra Pradesh,India,2023-07-22
CUST00511,Abhiram Naik,Male,bhattdominic@example.com,3983789519,Arrah,Karnataka,India,2023-06-26
CUST00512,Manya Das,Male,nathan28@example.com,5994719060,Asansol,Odisha,India,2021-12-29
CUST00513,Gabriel Choudhary,Male,anirudh46@example.com,8632651185,Nizamabad,Uttarakhand,India,2021-12-30
CUST00514,Nandini Chada,Female,viraj58@example.com,5076528384,Noida,Nagaland,India,2024-12-13
CUST00515,Riya Mahal,Male,qushidhar@example.org,0237579896,Ghaziabad,Jharkhand,India,2024-03-31
CUST00516,Ekavir Ramakrishnan,Male,snehasodhi@example.net,9915072837,Tiruchirappalli,Andhra Pradesh,India,2023-03-07
CUST00517,Rajeshri Ramakrishnan,Male,avi08@example.org,9970239810,Pali,Himachal Pradesh,India,2021-12-23
CUST00518,Harita Lad,Female,chanchaldube@example.org,1044415614,Katihar,Odisha,India,2024-06-08
CUST00519,Rachit Chad,Female,mitesh31@example.net,8382489473,Sangli-Miraj & Kupwad,Gujarat,India,2024-06-16
CUST00520,Indali Soni,Female,warjas15@example.net,4187336281,Bhiwandi,Andhra Pradesh,India,2025-12-16
CUST00521,Oviya More,Female,meghanabava@example.net,7343356435,Sasaram,Mizoram,India,2022-04-26
CUST00522,Devika Doctor,Female,dassyadavi@example.com,8779756049,Ahmednagar,Tripura,India,2022-11-18
CUST00523,Gunbir Ravi,Male,bhavnapurohit@example.com,2648888921,Sambhal,Assam,India,2026-06-25
CUST00524,Janaki Joshi,Female,fariq47@example.org,9430090633,Raichur,Kerala,India,2026-01-11
CUST00525,Faraj Srinivasan,Male,kkulkarni@example.net,9060682769,Kozhikode,Uttarakhand,India,2023-01-04
CUST00526,Krishna Sem,Female,mguha@example.org,0791271225,Kalyan-Dombivli,Andhra Pradesh,India,2023-12-04
CUST00527,Amrita Dhar,Male,lmukhopadhyay@example.net,9613531328,Hosur,Madhya Pradesh,India,2022-08-06
CUST00528,Advika Tailor,Female,eandra@example.org,4374472312,Suryapet,Sikkim,India,2024-09-07
CUST00529,Vincent Hayer,Female,lohit11@example.net,7569257437,Dehradun,Tripura,India,2026-04-21
CUST00530,Chandran Hans,Male,smannan@example.org,4289840618,Gopalpur,Telangana,India,2023-07-13
CUST00531,Vrishti Boase,Female,vyanjanasandhu@example.com,7309810108,Aurangabad,Telangana,India,2022-12-06
CUST00532,Frederick Keer,Female,vasanaiyengar@example.org,2686451563,Rewa,Manipur,India,2021-12-31
CUST00533,Aahana Grover,Female,dhritisathe@example.com,6112491991,Sonipat,Bihar,India,2025-02-27
CUST00534,Upma Nanda,Female,luke68@example.net,5475483094,Thrissur,Meghalaya,India,2022-03-06
CUST00535,Teerth Jha,Female,gautam11@example.net,0113516551,Miryalaguda,Meghalaya,India,2022-01-28
CUST00536,Jai Gopal,Female,michaelmangal@example.net,2928839035,Mahbubnagar,Goa,India,2022-01-08
CUST00537,Qadim Gaba,Female,anyamurty@example.org,0033034335,Tadepalligudem,Himachal Pradesh,India,2024-03-01
CUST00538,Thomas Bumb,Male,drajagopalan@example.org,8588355470,Narasaraopet,Gujarat,India,2023-03-01
CUST00539,Pushti Bahl,Female,aachal09@example.net,0961360043,Bhusawal,Assam,India,2024-05-22
CUST00540,Yachana Bhakta,Female,chakradev07@example.com,5731278743,Kolhapur,Madhya Pradesh,India,2024-10-30
CUST00541,Bina Hegde,Male,hiral68@example.net,1964881051,Mehsana,Madhya Pradesh,India,2023-11-05
CUST00542,Mahika Anand,Male,jcomar@example.com,2676078809,Thanjavur,West Bengal,India,2025-07-11
CUST00543,Ati Goyal,Female,balvanroy@example.org,3750293585,Karimnagar,Mizoram,India,2026-06-27
CUST00544,Faras Badami,Male,gabaekaja@example.org,9016776689,Jamalpur,Mizoram,India,2024-09-05
CUST00545,Rishi Pal,Female,kalitafaras@example.com,7943888581,Solapur,Himachal Pradesh,India,2026-01-10
CUST00546,Advaith Ranganathan,Male,ikshita36@example.net,9495862986,Jammu,Arunachal Pradesh,India,2022-03-14
CUST00547,Pahal Uppal,Female,aurorasai@example.com,7821922116,Kalyan-Dombivli,Madhya Pradesh,India,2023-09-30
CUST00548,Anthony Deep,Female,jai29@example.org,9724301247,Bhalswa Jahangir Pur,Nagaland,India,2023-11-21
CUST00549,Ekansh Barad,Female,raychampak@example.net,6426498926,Raurkela Industrial Township,Kerala,India,2025-02-15
CUST00550,Aahana Chandran,Male,riapatel@example.com,2230636463,Firozabad,Tamil Nadu,India,2021-08-28
CUST00551,Vedhika Sandal,Male,arunimavenkataraman@example.com,8525525492,Anantapuram,Arunachal Pradesh,India,2025-01-06
CUST00552,Jasmit Nagy,Male,rayomya@example.net,2289748360,Tezpur,Maharashtra,India,2022-07-04
CUST00553,Gagan Pillai,Male,champak98@example.org,6915979310,Moradabad,Goa,India,2024-04-25
CUST00554,Jyoti Sama,Male,oviyanagarajan@example.com,4063334802,Gulbarga,Sikkim,India,2025-12-24
CUST00555,Zayan Karpe,Male,idyal@example.net,7291017215,Haldia,Goa,India,2026-04-22
CUST00556,Neha Dyal,Female,santriya@example.net,3825761933,Kakinada,Odisha,India,2024-04-22
CUST00557,Devika Badal,Male,morenathan@example.com,9693747291,Ghaziabad,Karnataka,India,2024-07-11
CUST00558,Hemangini Rau,Female,niteshmunshi@example.net,7614667644,Bhopal,Assam,India,2023-12-15
CUST00559,Mohini Prakash,Female,nihalsuresh@example.com,9634529523,Unnao,Uttar Pradesh,India,2024-10-19
CUST00560,Vasana Kota,Female,rajlajita@example.net,2196817831,Ambattur,Telangana,India,2025-03-25
CUST00561,Qadim Varkey,Male,harinidas@example.net,3459381719,Guna,Maharashtra,India,2024-01-04
CUST00562,Parth Batra,Female,johalnaksh@example.net,5007794950,Karawal Nagar,Rajasthan,India,2021-08-14
CUST00563,Harita Srivastava,Female,jalsa45@example.org,7321720407,Guna,Kerala,India,2025-08-01
CUST00564,Keya Sathe,Female,oeshi42@example.org,8211421300,Naihati,Gujarat,India,2025-12-19
CUST00565,Isaac Goel,Female,rattanryan@example.net,5305761665,Panihati,Madhya Pradesh,India,2023-01-05
CUST00566,Omaja Rajagopal,Female,shroffchanakya@example.com,7947296383,Jehanabad,Andhra Pradesh,India,2021-12-21
CUST00567,Yashodhara Morar,Male,mohantychakrika@example.com,4282920431,Hyderabad,Uttarakhand,India,2022-09-29
CUST00568,Janani Parekh,Female,sramaswamy@example.com,8825591711,Allahabad,Assam,India,2024-07-12
CUST00569,Chakradev Walla,Female,vasabishakha@example.com,0508937574,Moradabad,Manipur,India,2023-04-06
CUST00570,Laksh Shanker,Female,yashawini65@example.net,0757693046,Hajipur,Nagaland,India,2021-12-24
CUST00571,Anya Chaudhry,Female,sacharfariq@example.net,2938753445,Hosur,Tamil Nadu,India,2021-11-12
CUST00572,Peter Rege,Female,esethi@example.com,9403318066,Raurkela Industrial Township,Punjab,India,2024-07-17
CUST00573,Pooja Bali,Male,kalachar@example.net,0694544640,Lucknow,Telangana,India,2023-08-22
CUST00574,Charles Ranganathan,Female,fmander@example.com,9546618228,Bhusawal,Meghalaya,India,2023-12-21
CUST00575,Orinder Gill,Male,chaturachatterjee@example.com,2546886695,Rampur,Himachal Pradesh,India,2023-02-14
CUST00576,Ojas Nori,Female,oni27@example.net,6216571348,Tiruvottiyur,Karnataka,India,2024-07-10
CUST00577,Rajata Banik,Male,samratheodore@example.org,1873798022,Sikar,Odisha,India,2022-12-07
CUST00578,Radha Dhawan,Male,yashawini31@example.com,7506618697,Bikaner,Andhra Pradesh,India,2022-05-01
CUST00579,Lucky Rege,Male,avikaur@example.net,9861718321,Sagar,Meghalaya,India,2025-09-11
CUST00580,Darika Chhabra,Female,idass@example.com,4831148804,Eluru,Maharashtra,India,2023-08-27
CUST00581,Wridesh Saha,Female,tkapur@example.org,1126689014,Pondicherry,Bihar,India,2021-12-08
CUST00582,Utkarsh Shenoy,Male,isaiahbalan@example.com,4991307675,Firozabad,Tamil Nadu,India,2024-12-26
CUST00583,Nandini Sampath,Male,kapurunnati@example.org,1812044868,Bhatpara,Himachal Pradesh,India,2026-02-24
CUST00584,Fiyaz Gaba,Male,farhansem@example.com,7629604180,Tinsukia,Kerala,India,2022-06-01
CUST00585,Harita Ratti,Female,ubiswas@example.net,4344322716,Munger,Andhra Pradesh,India,2023-11-25
CUST00586,Tarak Sundaram,Male,sastrynoah@example.org,6055047265,Thanjavur,Haryana,India,2023-04-25
CUST00587,Eta Rege,Male,dayitaperi@example.org,7022113865,Pallavaram,Maharashtra,India,2024-11-29
CUST00588,Warhi Sabharwal,Female,widishareddy@example.org,7019637803,Raebareli,Odisha,India,2024-07-05
CUST00589,Vrinda Deep,Male,ygala@example.com,0341171889,Gudivada,Jharkhand,India,2024-11-20
CUST00590,Chavvi Tak,Male,yug62@example.com,8139072200,Ambarnath,Sikkim,India,2022-05-09
CUST00591,Thomas Mishra,Female,pdivan@example.org,3662606689,Mira-Bhayandar,Tamil Nadu,India,2024-06-02
CUST00592,Vedhika Kakar,Male,inayapadmanabhan@example.net,6585910136,Panvel,Rajasthan,India,2025-08-01
CUST00593,Kamya Ramesh,Male,lavanya63@example.org,1579408803,Bongaigaon,Haryana,India,2025-02-11
CUST00594,Theodore Dar,Female,abeergill@example.net,2085514355,Orai,Tripura,India,2023-02-26
CUST00595,Abdul Mukherjee,Male,shahisaiah@example.org,7398164156,Asansol,West Bengal,India,2022-03-01
CUST00596,Wyatt Lata,Male,jbhattacharyya@example.org,1470336534,Akola,Manipur,India,2023-06-04
CUST00597,Darsh Bhatti,Male,vsuresh@example.org,3538132192,Ajmer,Sikkim,India,2022-07-11
CUST00598,Anmol Roy,Female,anvi32@example.net,3627098096,Danapur,Arunachal Pradesh,India,2025-04-20
CUST00599,Udarsh Bobal,Male,nidhichowdhury@example.net,0547228699,Bidar,Andhra Pradesh,India,2023-02-13
CUST00600,Sathvik Badami,Male,sulemanya@example.com,1758149129,Asansol,Meghalaya,India,2025-10-18
CUST00601,Jeevika Rai,Male,tatabakhshi@example.org,8071925636,Bahraich,Himachal Pradesh,India,2022-07-29
CUST00602,Rohan Roy,Female,jhabalendra@example.org,7004849678,Panipat,Madhya Pradesh,India,2024-08-04
CUST00603,Tanay Hegde,Female,ansh06@example.com,8465699084,Darbhanga,Kerala,India,2023-09-08
CUST00604,Samesh Kibe,Female,kumerniharika@example.org,8204435608,Farrukhabad,Haryana,India,2023-01-02
CUST00605,Pooja Nazareth,Male,chauhandiya@example.org,1426164471,Tinsukia,Sikkim,India,2021-12-31
CUST00606,Naksh Bains,Male,aashirao@example.com,6260652090,Jamshedpur,Mizoram,India,2022-04-25
CUST00607,Rehaan Datta,Male,anaygill@example.net,5234486986,Kirari Suleman Nagar,Bihar,India,2023-09-09
CUST00608,Teerth Sood,Female,samiwarda@example.org,8653430697,Narasaraopet,West Bengal,India,2026-04-05
CUST00609,Rachita Chada,Male,sbose@example.org,9147220283,Kakinada,Uttar Pradesh,India,2023-02-18
CUST00610,Sara Kumer,Female,wallasiya@example.net,1959460770,Jaunpur,Madhya Pradesh,India,2022-10-05
CUST00611,Aarnav Biswas,Female,warjas73@example.com,4233801341,Muzaffarnagar,Odisha,India,2024-06-13
CUST00612,Lipika Bath,Female,qasim84@example.net,5431526217,Ratlam,Nagaland,India,2022-10-25
CUST00613,Jagvi Brar,Male,vrindapalla@example.com,8222338926,Pudukkottai,Tripura,India,2024-04-17
CUST00614,Warinder Ghose,Female,deepamammen@example.org,3908396455,Jaunpur,Meghalaya,India,2022-11-13
CUST00615,Triya Bansal,Female,shauryapalla@example.net,9456618542,Bhavnagar,Telangana,India,2024-01-14
CUST00616,Gaurangi Tata,Male,jramakrishnan@example.net,9751367852,Suryapet,Himachal Pradesh,India,2024-08-31
CUST00617,Pranit Iyer,Female,narasimhanjalsa@example.org,0697133268,Kollam,Goa,India,2024-07-01
CUST00618,Joshua Baral,Female,thans@example.net,2280729771,Arrah,Maharashtra,India,2025-08-10
CUST00619,Jeet Boase,Female,lekhasanghvi@example.org,0000202919,Shimoga,Tamil Nadu,India,2024-07-15
CUST00620,Sudiksha Karnik,Female,ramriya@example.net,7031210793,Chittoor,Meghalaya,India,2023-06-08
CUST00621,Nikita Pandey,Female,varenya98@example.org,5266864848,Bareilly,Chhattisgarh,India,2024-08-26
CUST00622,Odika Bajwa,Male,ishitadixit@example.org,7246108905,Kishanganj,Punjab,India,2023-07-28
CUST00623,Jagat Date,Female,lsoni@example.org,5924064994,Visakhapatnam,Arunachal Pradesh,India,2025-09-26
CUST00624,Omkaar Jayaraman,Female,hiral08@example.org,7853250318,Bihar Sharif,Uttarakhand,India,2025-10-08
CUST00625,Omkaar Amble,Female,sodhizehaan@example.net,3412705901,Pallavaram,Punjab,India,2024-07-22
CUST00626,Ishita Kala,Female,qdeol@example.net,2677091323,Khora ,Nagaland,India,2022-03-02
CUST00627,Isaac Nath,Female,mgoda@example.net,1345302898,Varanasi,Tripura,India,2023-07-28
CUST00628,Mekhala Pillai,Female,alkamitter@example.org,9650943986,Bhopal,Mizoram,India,2026-02-05
CUST00629,Udarsh Khare,Male,saideep@example.com,5199236984,Karaikudi,Kerala,India,2023-11-07
CUST00630,Indali Cheema,Female,aayushsethi@example.net,5051888411,Tadepalligudem,Manipur,India,2026-02-01
CUST00631,Advay Munshi,Male,mohinimangat@example.net,8841598864,Hosur,West Bengal,India,2022-07-27
CUST00632,Zarna Baral,Female,minhasanthony@example.org,2222754730,Nagaon,Punjab,India,2023-05-12
CUST00633,Darika Kala,Female,tripathizehaan@example.net,8945541221,Bahraich,Mizoram,India,2023-12-22
CUST00634,Tamanna Vora,Female,khareurvashi@example.net,7812942652,Hubli–Dharwad,Kerala,India,2022-10-08
CUST00635,Akshay Sastry,Female,mugdha33@example.com,1671599942,Kochi,Telangana,India,2023-04-12
CUST00636,Rudra Behl,Female,oliver72@example.net,4696007145,Aurangabad,Tamil Nadu,India,2023-08-24
CUST00637,Ronith Rai,Female,barkha74@example.com,3524444969,Vadodara,Tripura,India,2024-11-15
CUST00638,Wishi Sabharwal,Male,sodhibhavini@example.com,8938898672,Ratlam,Arunachal Pradesh,India,2025-10-16
CUST00639,Manthan Bahl,Female,aarinidoctor@example.org,4816310334,South Dumdum,Sikkim,India,2024-03-13
CUST00640,Dhruv Kulkarni,Male,charansaini@example.com,2500967883,Nizamabad,Telangana,India,2025-06-18
CUST00641,Aradhana Sachar,Female,ghoshchaaya@example.org,9204936345,Gwalior,Maharashtra,India,2025-04-01
CUST00642,Oscar Atwal,Male,brinda06@example.org,3833398729,Gulbarga,West Bengal,India,2024-08-28
CUST00643,Jason Chauhan,Female,nagibhanumati@example.net,4331310372,Haridwar,West Bengal,India,2024-02-14
CUST00644,Girik Narasimhan,Female,wmand@example.com,0175960145,Rajkot,Manipur,India,2023-06-14
CUST00645,Rudra Khurana,Male,savantpushti@example.org,8684660194,Baranagar,Arunachal Pradesh,India,2024-02-14
CUST00646,Charan Uppal,Male,danielchauhan@example.net,5506080549,Arrah,Mizoram,India,2025-12-12
CUST00647,Victor Vala,Male,chakrabortyforum@example.com,7327951673,Bongaigaon,Punjab,India,2024-03-31
CUST00648,Vaishnavi Gupta,Female,thakernaksh@example.org,2906793868,Tezpur,Bihar,India,2022-08-09
CUST00649,Daniel Bose,Male,walihamsini@example.net,3121851597,Ramgarh,Maharashtra,India,2025-02-15
CUST00650,Jatin Deo,Male,ikshitadalal@example.org,4364959486,Motihari,Rajasthan,India,2021-09-21
CUST00651,Aarav Gupta,Male,xvasa@example.net,8592245668,Dhanbad,Assam,India,2022-06-05
CUST00652,Ranveer Goswami,Male,gabasaksham@example.net,9193318405,Loni,Madhya Pradesh,India,2025-07-03
CUST00653,Bachittar Choudhary,Female,idora@example.org,5458771818,Machilipatnam,Haryana,India,2024-12-22
CUST00654,Abhiram Banerjee,Female,rbhat@example.net,6808342020,Bihar Sharif,Himachal Pradesh,India,2024-10-13
CUST00655,Geetika Kala,Female,arya76@example.net,9268653829,Amritsar,Rajasthan,India,2026-06-10
CUST00656,Upma Rajagopalan,Male,xaviervohra@example.net,9419085117,Vijayawada,Tamil Nadu,India,2024-04-10
CUST00657,Yatan Date,Female,meerapanchal@example.net,5544343641,Aurangabad,Andhra Pradesh,India,2023-10-30
CUST00658,Jai Biswas,Male,jjhaveri@example.net,8605449126,Kolkata,Arunachal Pradesh,India,2024-01-15
CUST00659,Banjeet Bhakta,Male,elijahmanda@example.com,2372055948,Salem,Kerala,India,2025-06-26
CUST00660,Aarna Jaggi,Male,ganga70@example.net,2740076568,Salem,Assam,India,2023-11-16
CUST00661,Ethan Kuruvilla,Female,widisha13@example.net,7688057675,Durgapur,Uttarakhand,India,2026-07-09
CUST00662,Aashi Randhawa,Female,royria@example.com,9624458308,Phusro,Uttar Pradesh,India,2023-12-22
CUST00663,Nicholas Narang,Female,binadoctor@example.net,8955901736,Hubli–Dharwad,Jharkhand,India,2023-04-19
CUST00664,Panini Sarkar,Male,flal@example.net,5764096640,Ahmedabad,Goa,India,2023-06-02
CUST00665,Oscar Mand,Male,saumya36@example.org,9559482849,Bhalswa Jahangir Pur,Sikkim,India,2022-04-15
CUST00666,Hemang Shankar,Male,viraj87@example.org,9697064066,Jammu,Telangana,India,2025-04-10
CUST00667,Matthew Bumb,Female,cbala@example.org,5849708274,Ichalkaranji,Gujarat,India,2022-02-01
CUST00668,Isaiah Raj,Male,xiti08@example.org,1004417398,Thane,Uttarakhand,India,2025-11-14
CUST00669,Benjamin Master,Female,yoshita58@example.org,4019364527,Farrukhabad,Punjab,India,2022-05-22
CUST00670,Oni Misra,Male,xvirk@example.org,1773668160,Udaipur,Haryana,India,2022-06-14
CUST00671,Rayaan Kothari,Female,odua@example.org,1375609313,Bahraich,Chhattisgarh,India,2022-12-12
CUST00672,Fiyaz Chakraborty,Female,urishillaben@example.org,5338480928,Indore,Karnataka,India,2023-12-25
CUST00673,Megha Babu,Female,snadig@example.net,1247959134,Bulandshahr,Punjab,India,2026-05-30
CUST00674,Aarush Chaudhry,Female,chaaya30@example.org,3306437726,Fatehpur,Punjab,India,2026-05-03
CUST00675,Riya Guha,Male,rachitacherian@example.net,6396378600,Raichur,Meghalaya,India,2023-12-18
CUST00676,Dhruv Borde,Male,varkeycaleb@example.org,4277415253,Ichalkaranji,Uttar Pradesh,India,2024-03-26
CUST00677,Utkarsh Golla,Female,neelima40@example.org,8383749514,Karaikudi,Goa,India,2026-04-21
CUST00678,Anay Behl,Male,lalachristopher@example.com,2093718509,Rajpur Sonarpur,Bihar,India,2022-05-02
CUST00679,Waida Ravi,Male,joshua64@example.net,5032890577,Durg,Bihar,India,2025-05-03
CUST00680,Omaja Dasgupta,Female,doctoraahana@example.org,4428771711,Patiala,Sikkim,India,2021-12-24
CUST00681,Manbir Bhatt,Male,mekhalabahri@example.net,0378599781,Kamarhati,Goa,India,2026-01-30
CUST00682,Adya Sangha,Male,boramegha@example.com,4483569919,Haridwar,Uttarakhand,India,2021-12-30
CUST00683,Wazir Ghosh,Female,banjeet10@example.org,3810597895,Ghaziabad,Arunachal Pradesh,India,2026-05-13
CUST00684,Ladli Chokshi,Male,atata@example.org,0330864586,Nagercoil,Andhra Pradesh,India,2024-03-30
CUST00685,Chavvi Keer,Female,rushilbehl@example.net,8103630542,Bangalore,Meghalaya,India,2023-10-23
CUST00686,Pushti Parekh,Female,wagleonkar@example.org,7649856627,Patiala,Jharkhand,India,2025-04-08
CUST00687,Megha Peri,Female,virkyashawini@example.net,6119153241,Mumbai,Madhya Pradesh,India,2023-05-07
CUST00688,Isaac Hayre,Female,nehasha@example.com,2664962790,Kamarhati,Nagaland,India,2024-01-31
CUST00689,Joshua Shanker,Male,vkumar@example.com,5788462406,Bihar Sharif,Himachal Pradesh,India,2026-05-05
CUST00690,Zayan Patel,Male,mkoshy@example.com,4867057620,Tirupati,Assam,India,2026-05-12
CUST00691,Viraj Kashyap,Male,deshmukhyadavi@example.net,5226893067,Rourkela,Mizoram,India,2025-07-23
CUST00692,Faris Natarajan,Female,ravikalpit@example.net,9286583559,Panvel,Uttarakhand,India,2022-08-09
CUST00693,Radha Nagi,Female,jdara@example.com,2991829869,Surendranagar Dudhrej,Bihar,India,2023-01-13
CUST00694,Amrita Mukhopadhyay,Male,zmadan@example.com,4422164931,Jhansi,Himachal Pradesh,India,2021-11-06
CUST00695,Dev Oommen,Female,ekavir95@example.org,6799177669,Aligarh,Kerala,India,2022-04-08
CUST00696,Krishna Sachdev,Male,ebhakta@example.com,3204627283,Guntakal,Meghalaya,India,2025-10-17
CUST00697,Manbir Dara,Female,ekbal85@example.net,0345334435,Dewas,Odisha,India,2023-12-09
CUST00698,Vihaan Gokhale,Female,ekavirraj@example.net,4220505576,Bidar,Uttar Pradesh,India,2025-02-04
CUST00699,Yadavi Behl,Female,aggarwaldeepa@example.net,2504546446,Karaikudi,Punjab,India,2025-06-22
CUST00700,Ayush Vaidya,Male,tvarkey@example.net,8804763146,Kochi,Maharashtra,India,2026-01-31
CUST00701,Liam Dayal,Male,oeshi07@example.org,4542066592,Aizawl,West Bengal,India,2024-11-19
CUST00702,Girik Warrior,Female,anmolvarma@example.org,0808384158,Phagwara,Mizoram,India,2024-02-03
CUST00703,Jackson Sibal,Male,olanka@example.org,4813861624,Anand,Gujarat,India,2025-10-15
CUST00704,Henry Baral,Male,sarafarin@example.com,5095093584,Aurangabad,Kerala,India,2021-11-26
CUST00705,Vasudha Bala,Male,girik99@example.org,1303059528,Coimbatore,Kerala,India,2022-03-19
CUST00706,Nimrat Bhat,Male,iraprashad@example.com,1467553503,Tiruchirappalli,Nagaland,India,2022-06-30
CUST00707,Ishaan Sehgal,Female,iarora@example.net,1524837561,Patiala,Haryana,India,2024-05-18
CUST00708,David Shah,Male,hgokhale@example.org,1284835346,Karawal Nagar,Nagaland,India,2023-11-13
CUST00709,Aarini Mannan,Male,isolanki@example.org,2089522967,New Delhi,Bihar,India,2021-08-13
CUST00710,Arunima Mandal,Female,dshukla@example.org,5804612626,Suryapet,Kerala,India,2024-11-19
CUST00711,Abha Luthra,Male,neelima31@example.com,4569547815,Visakhapatnam,Chhattisgarh,India,2021-08-20
CUST00712,Janya Ravel,Female,waida80@example.com,3617756579,Satna,Bihar,India,2024-03-16
CUST00713,Watika Misra,Male,cherianfalguni@example.com,3835647122,Burhanpur,Nagaland,India,2022-08-31
CUST00714,Theodore Mane,Male,faqidlala@example.net,4437432709,Pondicherry,Nagaland,India,2023-08-09
CUST00715,Eta Nori,Female,damyantiwalla@example.com,1102990109,Faridabad,West Bengal,India,2022-12-29
CUST00716,Balhaar Joshi,Female,gaurangi97@example.net,9329264677,Nizamabad,Haryana,India,2022-01-25
CUST00717,Ira Arya,Female,warinder76@example.net,2954398766,Bhatpara,Sikkim,India,2023-04-21
CUST00718,Ekaraj Mangal,Male,zrajan@example.net,3889280391,Ramagundam,Kerala,India,2024-11-06
CUST00719,Gauri Lalla,Female,duaxalak@example.net,8713936749,Katihar,Tamil Nadu,India,2024-05-02
CUST00720,Daniel Badami,Male,alexanderbose@example.net,5190753817,Tiruchirappalli,Uttarakhand,India,2023-03-02
CUST00721,Nilima Tank,Female,jbakshi@example.org,2398015358,Ranchi,Andhra Pradesh,India,2024-04-05
CUST00722,Daksha Narain,Female,prisha37@example.com,2084826118,Latur,Jharkhand,India,2023-04-19
CUST00723,Sathvik Puri,Female,tankrajata@example.org,1264959150,Dehradun,Punjab,India,2024-01-07
CUST00724,Jagrati Chaudhry,Male,yatan49@example.com,7674975394,Gandhinagar,Meghalaya,India,2026-06-08
CUST00725,Lekha Hayer,Female,hchakraborty@example.org,1479245717,Visakhapatnam,Karnataka,India,2024-03-21
CUST00726,Arin Dara,Male,qasim88@example.org,7862063234,Ahmednagar,Kerala,India,2025-06-12
CUST00727,Rachita Vasa,Male,mallicklogan@example.com,7484960393,Dharmavaram,Gujarat,India,2022-01-20
CUST00728,Rehaan Vasa,Male,yashawini57@example.net,4574361998,Aurangabad,Himachal Pradesh,India,2026-01-16
CUST00729,Zilmil Gokhale,Female,sbhattacharyya@example.net,6953755811,Muzaffarnagar,Punjab,India,2024-05-10
CUST00730,Timothy Sachar,Male,jsagar@example.com,3016021023,Sasaram,Maharashtra,India,2023-10-05
CUST00731,Oliver Sandal,Male,yochanakrishna@example.net,7059169672,Ozhukarai,Telangana,India,2023-06-23
CUST00732,Divya Vyas,Female,ksaha@example.com,8426163685,Gulbarga,Nagaland,India,2025-12-17
CUST00733,Bahadurjit Loke,Male,bhattaarna@example.org,8879951331,Nizamabad,Nagaland,India,2022-08-11
CUST00734,Yatan Jayaraman,Female,upasna84@example.com,0085348396,Surendranagar Dudhrej,Tripura,India,2022-02-20
CUST00735,Rajata Shah,Female,shethwarjas@example.net,6562590010,Gaya,Maharashtra,India,2024-11-04
CUST00736,Irya Ramesh,Male,pavani87@example.com,1061636675,Mira-Bhayandar,Bihar,India,2026-02-19
CUST00737,Jagat Borah,Female,narayananmichael@example.org,2387359194,Pudukkottai,Goa,India,2023-09-03
CUST00738,Mason Gulati,Female,hegdegauri@example.org,6073077961,Raiganj,Jharkhand,India,2025-11-21
CUST00739,Yahvi Barad,Female,radhika34@example.com,8387994092,Udaipur,Maharashtra,India,2022-09-08
CUST00740,Brinda Buch,Female,balparth@example.com,7574474929,Khora ,Madhya Pradesh,India,2024-06-17
CUST00741,Rachana Kalita,Male,nramanathan@example.com,5029342522,Dhanbad,Karnataka,India,2022-12-14
CUST00742,Girish Grewal,Female,oeshihora@example.org,7885866161,Rourkela,Himachal Pradesh,India,2023-11-18
CUST00743,Veer Iyengar,Female,maharajyadavi@example.com,7518236087,Thane,Jharkhand,India,2025-09-09
CUST00744,William Purohit,Female,jalsagrewal@example.com,4899680222,Bhavnagar,Uttar Pradesh,India,2024-02-06
CUST00745,Charles Khanna,Male,chandranisha@example.com,5758621399,Malegaon,Mizoram,India,2022-12-11
CUST00746,Vasatika Prakash,Male,benjaminray@example.com,2252091748,Anantapuram,Arunachal Pradesh,India,2022-05-07
CUST00747,Hritik Dutt,Female,xkuruvilla@example.net,8563937215,Kamarhati,Odisha,India,2026-05-04
CUST00748,Hitesh Mittal,Female,adyadey@example.net,1531497280,Jammu,Meghalaya,India,2023-08-25
CUST00749,Nihal Suri,Female,isaac08@example.com,5949479697,Bahraich,Odisha,India,2025-01-11
CUST00750,Aayush Chowdhury,Male,odika63@example.org,6390836289,Tenali,Uttar Pradesh,India,2024-11-27
CUST00751,Naveen Ratti,Female,anjaliarya@example.org,5536420578,Jodhpur,Mizoram,India,2026-03-01
CUST00752,Krishna Vyas,Female,poojagill@example.org,7125601748,Miryalaguda,Karnataka,India,2026-06-29
CUST00753,Azad Palan,Male,rsrivastava@example.net,6901423776,Khandwa,Karnataka,India,2023-09-01
CUST00754,Akshay Karan,Female,kadevasana@example.org,4254872482,Jalgaon,Uttar Pradesh,India,2022-01-09
CUST00755,Abeer Hari,Male,rajanlajita@example.net,6587312219,Jalgaon,Nagaland,India,2023-08-26
CUST00756,Chatresh Yogi,Male,saumyajaggi@example.com,9682242530,Sikar,Himachal Pradesh,India,2023-06-08
CUST00757,Janani Roy,Male,meeralad@example.com,7936356247,Gudivada,Andhra Pradesh,India,2023-10-11
CUST00758,Netra Kaul,Male,ramaswamyaahana@example.net,2853302207,Dhanbad,Haryana,India,2021-11-20
CUST00759,Zayan Dalal,Female,yganguly@example.net,5429268319,Howrah,Bihar,India,2024-05-13
CUST00760,Oliver Rout,Male,falanbera@example.com,4517210066,Panipat,Haryana,India,2026-01-20
CUST00761,Varenya D’Alia,Male,anthonynayar@example.org,2401503306,Bhubaneswar,Gujarat,India,2024-10-23
CUST00762,Anya Iyengar,Female,samaksh82@example.org,9986758980,Kurnool,Rajasthan,India,2023-02-28
CUST00763,Ati Bhakta,Male,vrandhawa@example.com,2347964915,Deoghar,Odisha,India,2025-08-13
CUST00764,Victor Anne,Male,mangaljagdish@example.org,3989949455,Bongaigaon,Rajasthan,India,2025-09-22
CUST00765,Jeevika Sundaram,Male,vbarman@example.com,2820760252,Naihati,Punjab,India,2023-08-28
CUST00766,Anthony Bhagat,Female,karnikanusha@example.com,0974430360,Guntur,Uttarakhand,India,2024-11-11
CUST00767,Vihaan Kohli,Female,kkulkarni@example.net,4798930160,Karnal,Nagaland,India,2026-07-04
CUST00768,Pallavi Koshy,Female,frederickwadhwa@example.org,1635475461,Bhavnagar,Mizoram,India,2024-06-19
CUST00769,Ekansh Tailor,Male,andrew15@example.net,8557360646,Haldia,Bihar,India,2024-05-12
CUST00770,Ria Malhotra,Female,sanimeera@example.com,1316026844,Bardhaman,Goa,India,2022-12-31
CUST00771,Naveen Dani,Male,jeevikakala@example.org,5369910822,Barasat,Rajasthan,India,2024-07-13
CUST00772,Jackson Karpe,Female,nagarkamala@example.net,6363019746,Saharsa,Gujarat,India,2022-01-14
CUST00773,Brijesh Dara,Male,jlad@example.net,6410498967,Mehsana,Andhra Pradesh,India,2021-10-02
CUST00774,Vritti Sura,Male,ekavirswaminathan@example.net,1663388623,Guna,West Bengal,India,2024-06-08
CUST00775,Ekbal Deshmukh,Female,qbalakrishnan@example.org,2047347846,Eluru,Karnataka,India,2024-03-16
CUST00776,Jack Vasa,Male,krishna71@example.org,5825311940,Dindigul,Rajasthan,India,2024-09-23
CUST00777,Siya Nori,Male,hardikzachariah@example.net,4054508582,Shimla,Karnataka,India,2024-11-02
CUST00778,Osha Prakash,Male,chargabriel@example.com,9400580395,Hajipur,Uttarakhand,India,2023-05-29
CUST00779,Naveen Nagar,Male,rchadha@example.com,8137211890,Bhagalpur,Haryana,India,2025-03-19
CUST00780,Zansi Krishnamurthy,Female,bishakhagulati@example.com,5824614423,Kottayam,Telangana,India,2022-10-08
CUST00781,Dayita Palan,Female,chatura46@example.com,5825964470,Jalna,Andhra Pradesh,India,2023-12-04
CUST00782,Tanay Mane,Female,kundabanjeet@example.net,0345329852,Chandrapur,Arunachal Pradesh,India,2023-05-27
CUST00783,Noah Bhatia,Female,mannchavvi@example.com,3725467435,Phusro,Bihar,India,2025-01-04
CUST00784,Jagat Pradhan,Female,mseshadri@example.org,6884724789,Farrukhabad,Gujarat,India,2021-09-02
CUST00785,Omisha Parikh,Male,pallavicomar@example.org,6753209637,Mumbai,Meghalaya,India,2024-01-05
CUST00786,Omya Rastogi,Female,aroraleena@example.net,0196424595,Raiganj,Goa,India,2023-12-19
CUST00787,Janaki Garde,Female,yachana09@example.net,4726118568,Mirzapur,Assam,India,2022-11-06
CUST00788,Janani Kumer,Female,edhitha29@example.net,5310198114,Nanded,Tamil Nadu,India,2021-12-18
CUST00789,Yatin Ramaswamy,Female,luthraabhimanyu@example.org,7917304771,Gandhinagar,Meghalaya,India,2021-09-11
CUST00790,Logan Bahl,Female,kothariyashasvi@example.com,2300622872,Kishanganj,West Bengal,India,2024-05-17
CUST00791,Inaya Gandhi,Female,tdugar@example.com,9489046563,Durgapur,Gujarat,India,2022-03-21
CUST00792,Nitara Sidhu,Male,baradtanish@example.com,6837119736,Latur,Punjab,India,2024-05-28
CUST00793,Ekalinga Pall,Male,chandbakhshi@example.com,4754316040,Etawah,Gujarat,India,2023-08-28
CUST00794,Baghyawati Mall,Female,shankarjeet@example.org,8113989715,Allahabad,Tamil Nadu,India,2021-10-22
CUST00795,Hitesh Sarin,Male,nachiketandra@example.org,5731248591,Bhusawal,Manipur,India,2023-06-09
CUST00796,Advaith Kothari,Female,bathkrish@example.net,7851431173,Patna,Chhattisgarh,India,2024-02-08
CUST00797,Dakshesh Balan,Female,boasesuhani@example.com,1153796210,Jhansi,Punjab,India,2023-07-22
CUST00798,Chandani Bhakta,Female,sarrafurishilla@example.org,2235664026,Katihar,Chhattisgarh,India,2022-10-25
CUST00799,Pratyush Cherian,Male,garima79@example.org,5890251266,Bhimavaram,Andhra Pradesh,India,2022-06-10
CUST00800,Lekha Pingle,Male,rrattan@example.org,1703608135,Dehradun,Jharkhand,India,2022-06-13
CUST00801,Zarna Bawa,Male,sabharwaljason@example.org,6608082209,Salem,Andhra Pradesh,India,2022-02-23
CUST00802,Onveer Patla,Female,noah68@example.net,2006077958,Rajahmundry,Haryana,India,2025-12-29
CUST00803,Waida Puri,Male,radhika93@example.org,1242430562,Berhampur,Manipur,India,2022-06-25
CUST00804,Aarnav Chakraborty,Female,nicholaskaul@example.org,2988201616,Farrukhabad,Sikkim,India,2023-03-07
CUST00805,Fiyaz Brar,Female,mittervyanjana@example.net,1680006809,Mirzapur,Sikkim,India,2023-03-24
CUST00806,Oscar Dutt,Male,garajanuja@example.com,6974027173,Bharatpur,Telangana,India,2022-02-26
CUST00807,Omkaar Kapoor,Female,teerth93@example.org,4694032980,Adoni,Odisha,India,2025-06-06
CUST00808,Ansh Chandra,Male,warinderbahri@example.com,7974744060,Siwan,Arunachal Pradesh,India,2024-03-22
CUST00809,Kala Atwal,Female,parth02@example.org,2049300680,Gandhidham,Kerala,India,2022-12-08
CUST00810,Manya Chad,Female,aishanichad@example.com,7878906558,Ratlam,Goa,India,2024-01-03
CUST00811,Tanveer Ahuja,Male,eiravati59@example.net,1540644710,Ongole,Jharkhand,India,2025-07-30
CUST00812,Kashvi Pai,Female,eeshagill@example.com,4199520032,Muzaffarnagar,Uttar Pradesh,India,2021-08-08
CUST00813,Andrew Kanda,Male,yochanasankar@example.org,8645229992,Mehsana,Rajasthan,India,2025-01-14
CUST00814,Amrita Thaman,Female,nirja47@example.com,1588926963,Junagadh,Bihar,India,2021-09-08
CUST00815,Ishaan Iyengar,Male,yashasvi99@example.org,4125835546,Baranagar,Rajasthan,India,2022-12-21
CUST00816,Veer Parmar,Male,tbajwa@example.org,9173349126,Shimoga,Kerala,India,2023-05-19
CUST00817,Indira Dass,Male,rajeshri76@example.org,6337342717,Chinsurah,Haryana,India,2025-09-01
CUST00818,Tarak Pall,Male,samueldash@example.net,7885427939,Yamunanagar,Himachal Pradesh,India,2024-09-05
CUST00819,Ridhi Bhardwaj,Male,borahbanjeet@example.com,6074745949,Chittoor,Manipur,India,2022-09-13
CUST00820,Chaitanya Vig,Female,jbadal@example.com,7437489274,Nandyal,Sikkim,India,2025-09-22
CUST00821,Pavani Pandey,Male,gayathrikhanna@example.net,3669261389,Kumbakonam,Meghalaya,India,2025-07-22
CUST00822,Warinder Thaker,Female,mannaditya@example.net,8425521285,Khandwa,Goa,India,2024-02-11
CUST00823,Logan Subramanian,Female,mannrachana@example.com,6192845847,Saharsa,Punjab,India,2024-03-07
CUST00824,Yashasvi Pant,Male,kashviwadhwa@example.net,7849019413,Patiala,Arunachal Pradesh,India,2026-01-21
CUST00825,Vaishnavi Jaggi,Female,grewalshivansh@example.org,6771725919,Amravati,Andhra Pradesh,India,2024-05-17
CUST00826,Chandani Sagar,Female,gabriel76@example.com,4504609724,Solapur,Goa,India,2025-12-09
CUST00827,Abdul Natt,Female,tejas89@example.org,3370013252,Ramgarh,Haryana,India,2022-07-27
CUST00828,Gaurang Borah,Male,ckadakia@example.net,8397947283,Imphal,Goa,India,2025-03-15
CUST00829,Suhani Karpe,Female,kbhat@example.net,2380346034,Kanpur,Manipur,India,2026-03-19
CUST00830,Faris Dada,Male,oliver85@example.com,1422878292,Dehradun,Meghalaya,India,2025-10-01
CUST00831,Pushti Mangal,Male,eratta@example.org,3621426626,Ozhukarai,Madhya Pradesh,India,2022-07-30
CUST00832,Meghana Radhakrishnan,Female,kalitaeshana@example.org,7244277913,Moradabad,Meghalaya,India,2023-01-01
CUST00833,Baljiwan Rout,Female,arin44@example.net,0917836479,Delhi,Telangana,India,2025-10-19
CUST00834,Sachi Dhillon,Female,akshayagarwal@example.org,7280426947,Proddatur,Karnataka,India,2024-02-19
CUST00835,Warinder Dugar,Male,farhan68@example.org,7893618870,Darbhanga,Chhattisgarh,India,2026-05-11
CUST00836,Sathvik Wadhwa,Female,jatinshenoy@example.net,3914144387,Katihar,Manipur,India,2024-03-29
CUST00837,Lekha Ramachandran,Female,zaidkota@example.com,6877507081,Tadepalligudem,Punjab,India,2022-06-07
CUST00838,Hema Gupta,Female,nandini00@example.net,5576326243,Siliguri,Rajasthan,India,2025-03-22
CUST00839,Victor Lall,Female,anushamutti@example.com,7912773404,Nagpur,Manipur,India,2021-11-20
CUST00840,Omkaar Babu,Female,advika56@example.net,7747682126,Deoghar,Meghalaya,India,2024-05-02
CUST00841,Hardik Natarajan,Female,koshyzashil@example.org,9708238194,Tumkur,Telangana,India,2024-02-28
CUST00842,Farhan Aggarwal,Female,vincent78@example.org,3209214012,Tirupati,Maharashtra,India,2022-01-01
CUST00843,Watika Nanda,Male,barkhapillai@example.org,6967864245,Anantapuram,Rajasthan,India,2021-08-18
CUST00844,Ekaja Kumar,Male,jonathan17@example.org,2930690485,Vasai-Virar,Tripura,India,2025-03-29
CUST00845,Karan Chawla,Male,simonbhatt@example.com,8149163034,Kumbakonam,Uttar Pradesh,India,2024-11-25
CUST00846,Yashodhara Sule,Female,sanezaid@example.com,2669785619,Gwalior,Nagaland,India,2024-09-09
CUST00847,Aradhana Sastry,Male,dugalyasti@example.net,0656808018,Imphal,West Bengal,India,2025-06-20
CUST00848,Darika Lad,Male,advika19@example.net,5180404006,Fatehpur,Bihar,India,2023-02-18
CUST00849,Ladli Nagar,Male,narayananreyansh@example.net,2042972926,Munger,Uttar Pradesh,India,2024-04-17
CUST00850,Watika Goel,Male,jswamy@example.net,7558240018,Gwalior,Rajasthan,India,2025-12-22
CUST00851,Henry Parikh,Male,darthomas@example.com,4065898818,Jaunpur,Manipur,India,2023-12-16
CUST00852,Laksh Sarkar,Female,dugaleesha@example.com,8054739441,Jehanabad,Assam,India,2021-11-29
CUST00853,Naksh Nadig,Male,bhavyabandi@example.com,1843215088,Singrauli,Sikkim,India,2024-08-08
CUST00854,Samesh Kala,Male,somshaurya@example.org,8769620460,Giridih,Kerala,India,2023-02-08
CUST00855,Ria Raghavan,Male,tanmayi42@example.net,2389956895,Amroha,Sikkim,India,2023-09-28
CUST00856,Veda Nadig,Male,ahluwaliamegha@example.org,9087455851,Saharsa,Manipur,India,2025-09-03
CUST00857,Varenya Lad,Male,loyaltara@example.org,0859722862,Bhiwani,Assam,India,2025-01-01
CUST00858,Gautami Morar,Male,theodoresarma@example.net,9656791797,Bahraich,Tripura,India,2025-11-04
CUST00859,Rachana Sha,Male,dadariya@example.net,5313379133,Thanjavur,Tamil Nadu,India,2025-05-19
CUST00860,Darika Grover,Male,daksheshchander@example.org,5830796706,Srinagar,Goa,India,2022-01-03
CUST00861,Gautami Mohan,Male,yutikakumer@example.com,1078396789,Tenali,Gujarat,India,2022-12-23
CUST00862,Ishaan Cherian,Female,sherehiral@example.org,2877516866,Erode,Chhattisgarh,India,2023-08-21
CUST00863,Naksh Dani,Male,anneindrajit@example.org,4729757431,North Dumdum,Chhattisgarh,India,2025-06-24
CUST00864,Wazir Bava,Female,akarpe@example.net,2918785430,Rourkela,Nagaland,India,2022-04-28
CUST00865,Vamakshi Kuruvilla,Male,zdeshpande@example.com,6640953756,Srikakulam,Telangana,India,2025-05-17
CUST00866,Amara Vasa,Female,wsehgal@example.com,3014319255,Rampur,Uttar Pradesh,India,2025-11-15
CUST00867,Rajeshri Bhatia,Female,ladli05@example.org,1210754730,Anand,Madhya Pradesh,India,2022-01-12
CUST00868,Aishani Prakash,Female,azad07@example.net,2450642445,Panchkula,Tamil Nadu,India,2024-04-28
CUST00869,Laban Babu,Female,gaggarwal@example.net,1636418843,Kochi,Tamil Nadu,India,2023-10-29
CUST00870,Riya Mitra,Female,charjeevika@example.net,5846357404,Chennai,Mizoram,India,2025-05-08
CUST00871,Zansi Dube,Female,upadhyaysimon@example.net,6874027567,Kanpur,Odisha,India,2025-03-27
CUST00872,Jai Boase,Female,neelima72@example.net,5188147749,Motihari,Punjab,India,2025-12-29
CUST00873,Chameli Keer,Female,golakamala@example.net,6034044415,Bilaspur,Telangana,India,2022-12-14
CUST00874,Unnati Karnik,Female,bhavanikala@example.com,0706463468,Satara,Rajasthan,India,2023-01-23
CUST00875,Jackson Murty,Female,manan98@example.net,3152578006,Fatehpur,Andhra Pradesh,India,2026-05-16
CUST00876,Omya Das,Male,rehaan86@example.net,1975902100,Katihar,Uttarakhand,India,2024-04-07
CUST00877,Dayamai Sagar,Female,vtata@example.net,8016569146,Belgaum,Karnataka,India,2025-06-02
CUST00878,Chakrika Kant,Male,hamsinisahota@example.com,9864650565,Aurangabad,Bihar,India,2021-11-01
CUST00879,Daksha Gala,Female,jminhas@example.org,3841987801,South Dumdum,Goa,India,2025-11-21
CUST00880,Sanaya Parikh,Female,radha28@example.org,4443152546,New Delhi,Odisha,India,2026-04-06
CUST00881,Anjali Raj,Male,fsidhu@example.com,6128282219,Ghaziabad,Maharashtra,India,2025-10-11
CUST00882,Naveen Grewal,Female,aadisinghal@example.com,9488452202,Bhavnagar,Rajasthan,India,2025-05-09
CUST00883,Anthony Tank,Male,ylad@example.net,5344682438,Bilaspur,Rajasthan,India,2024-01-09
CUST00884,Om Mane,Female,kamya64@example.com,7288194533,Sambalpur,Telangana,India,2022-08-26
CUST00885,Vedika Patla,Male,riya43@example.com,2614309019,Bally,Haryana,India,2022-03-28
CUST00886,Shivani Majumdar,Male,ishaan11@example.net,5657221308,Jammu,Uttar Pradesh,India,2021-11-06
CUST00887,Yatan Contractor,Female,dalbir35@example.net,8090761828,Sultan Pur Majra,Meghalaya,India,2022-11-26
CUST00888,Ikshita Nori,Female,joshua93@example.net,6052506005,Karnal,Bihar,India,2023-02-06
CUST00889,Aryan Sane,Male,krisha02@example.net,3110849920,Dehradun,Telangana,India,2022-04-12
CUST00890,Aarnav Wagle,Female,aishani97@example.org,4717282666,Bhiwandi,Punjab,India,2025-10-07
CUST00891,Naksh Shankar,Female,vritti15@example.net,7328619041,Rewa,Maharashtra,India,2025-05-07
CUST00892,Arin Devi,Female,anvimohan@example.net,1238355770,Muzaffarnagar,Maharashtra,India,2022-04-26
CUST00893,Saksham Bajaj,Male,dhruvnadig@example.com,5235745472,Danapur,Himachal Pradesh,India,2026-07-07
CUST00894,Anika Banik,Male,narainorinder@example.com,4761008713,Bihar Sharif,Uttar Pradesh,India,2022-08-17
CUST00895,Harrison Amble,Male,nairutkarsh@example.net,0996494414,Bally,Rajasthan,India,2023-11-16
CUST00896,Yashvi Datta,Male,labanbir@example.com,7182282547,Erode,Mizoram,India,2022-12-26
CUST00897,Ayushman Toor,Female,nathanielsathe@example.com,5450595045,Bhilwara,Jharkhand,India,2022-04-20
CUST00898,Ishita Wable,Female,harish55@example.org,7127014771,Sangli-Miraj & Kupwad,Arunachal Pradesh,India,2024-07-14
CUST00899,Aishani Sankar,Female,bansaldalbir@example.com,2648266730,Gudivada,Karnataka,India,2022-05-22
CUST00900,Onveer Salvi,Male,bachittar73@example.net,2272714252,Ahmednagar,Karnataka,India,2021-09-14
CUST00901,Meghana Karan,Male,rtak@example.net,4685474785,Navi Mumbai,Telangana,India,2023-03-25
CUST00902,Theodore Mishra,Female,asingh@example.net,6928719023,Bijapur,Bihar,India,2023-06-07
CUST00903,Eshana Sur,Male,kkhosla@example.org,8251717730,Kadapa,Andhra Pradesh,India,2022-03-01
CUST00904,Aarna Mannan,Male,guhatristan@example.org,4832057976,Khora ,Himachal Pradesh,India,2025-02-25
CUST00905,Joshua Verma,Female,regeupma@example.org,9969022219,Bulandshahr,Karnataka,India,2022-07-04
CUST00906,Manthan Bail,Female,blal@example.org,3862983542,Saharanpur,Himachal Pradesh,India,2023-05-03
CUST00907,Devansh Deshmukh,Female,ektananda@example.net,5984197871,Phagwara,West Bengal,India,2024-04-25
CUST00908,Divya Bajaj,Female,liam94@example.org,9907347137,Bokaro,Madhya Pradesh,India,2022-09-12
CUST00909,Brijesh Bhatt,Male,hamsini24@example.net,7579281156,Satara,Chhattisgarh,India,2023-07-14
CUST00910,Chakrika Varty,Female,yutikajayaraman@example.org,3892039366,Bihar Sharif,Madhya Pradesh,India,2025-07-05
CUST00911,Jalsa Deshmukh,Female,krish54@example.com,8779066955,Kakinada,Tripura,India,2021-10-11
CUST00912,Qarin Peri,Male,chameli58@example.com,0443438181,Ludhiana,Goa,India,2021-08-25
CUST00913,Tristan Varty,Female,saitandon@example.com,8759048032,Mangalore,West Bengal,India,2024-01-11
CUST00914,Udant Dugal,Female,gmagar@example.org,5049381915,Nanded,Jharkhand,India,2022-08-28
CUST00915,Qushi Dhaliwal,Male,lchoudhury@example.org,0741950189,Bardhaman,Mizoram,India,2024-08-27
CUST00916,Rishi Vohra,Female,kamala13@example.org,9748631230,Bhavnagar,Karnataka,India,2026-04-16
CUST00917,Veda Balay,Female,samayashodhara@example.org,1187727999,Dibrugarh,Chhattisgarh,India,2023-02-19
CUST00918,Idika Badami,Female,qbaral@example.net,2811513669,Firozabad,Rajasthan,India,2023-03-27
CUST00919,Dayamai Choudhury,Male,thamanazad@example.com,6744359455,Mangalore,Tripura,India,2025-12-06
CUST00920,Chaitanya Suresh,Male,bakhshi14@example.net,4524142652,Ludhiana,Odisha,India,2023-06-14
CUST00921,Manbir Pandey,Male,qsetty@example.com,4402433828,Burhanpur,Himachal Pradesh,India,2024-08-01
CUST00922,Brinda Venkataraman,Male,chaudhuriraksha@example.com,8314700948,Bharatpur,Manipur,India,2023-06-07
CUST00923,Tripti Gara,Female,fmane@example.com,7334641123,Chennai,Karnataka,India,2026-06-07
CUST00924,Yashawini Kurian,Female,dmangal@example.com,2811616658,Patna,Tamil Nadu,India,2022-01-24
CUST00925,Lohit Bhat,Female,chatresh33@example.net,7405781584,Howrah,Arunachal Pradesh,India,2025-10-11
CUST00926,Shivani Sarkar,Male,solankipeter@example.net,9561982642,Ranchi,Uttar Pradesh,India,2025-04-08
CUST00927,Naksh Trivedi,Female,ugala@example.com,5340721069,Jaunpur,Arunachal Pradesh,India,2022-11-22
CUST00928,Vihaan Gour,Male,warda26@example.com,8809012051,Maheshtala,Kerala,India,2022-01-13
CUST00929,Orinder Rajagopalan,Male,chauhanubika@example.net,4518427107,Thanjavur,Assam,India,2024-10-21
CUST00930,Warda Misra,Male,ishita64@example.org,0927890478,Hubli–Dharwad,Tamil Nadu,India,2023-04-24
CUST00931,Siya Ram,Female,yagnesh77@example.com,9982933588,Tenali,Tripura,India,2023-10-15
CUST00932,Vincent Date,Male,lalvihaan@example.com,8572018429,Bikaner,Assam,India,2022-07-17
CUST00933,Daksha Kara,Female,xsarraf@example.com,3088809450,Surendranagar Dudhrej,Assam,India,2023-08-31
CUST00934,Omya Ray,Female,palljeremiah@example.net,8466360793,Phagwara,Tamil Nadu,India,2022-07-08
CUST00935,Harrison Tandon,Female,lalaoni@example.org,4022506547,Howrah,Maharashtra,India,2021-07-23
CUST00936,Ekapad Narain,Male,avidalal@example.net,1920967952,Agartala,Punjab,India,2023-12-13
CUST00937,Dev Date,Male,hgandhi@example.net,8350809781,Sambhal,Goa,India,2022-09-14
CUST00938,Ayushman Dara,Female,vdate@example.net,4219860144,Pudukkottai,Gujarat,India,2022-10-24
CUST00939,Omaja Contractor,Male,faraj55@example.net,1183178468,Tenali,Nagaland,India,2023-07-05
CUST00940,Gopal Prabhakar,Female,neelimabora@example.net,5555508374,Buxar,Arunachal Pradesh,India,2022-04-24
CUST00941,Chakradhar Kakar,Male,kavyamaster@example.net,0801107818,Bongaigaon,Uttar Pradesh,India,2025-12-23
CUST00942,Ranveer Grewal,Male,tarakbalasubramanian@example.com,3774497486,Kharagpur,Uttar Pradesh,India,2025-02-12
CUST00943,Dhruv Handa,Male,banjeet88@example.net,1454081256,Sagar,Tamil Nadu,India,2025-09-03
CUST00944,Vasana Brar,Female,amoldhaliwal@example.com,7968017959,Aizawl,Punjab,India,2025-11-22
CUST00945,Henry Yogi,Female,hparmer@example.net,6125558719,Solapur,Mizoram,India,2024-10-02
CUST00946,Eesha Badami,Male,dev79@example.com,5145272435,Mehsana,Mizoram,India,2022-12-16
CUST00947,Udarsh Halder,Male,jsridhar@example.net,6953132692,Nandyal,Telangana,India,2024-08-07
CUST00948,Prisha Bobal,Female,sharafpratyush@example.com,9674057714,Bhubaneswar,Uttarakhand,India,2024-05-23
CUST00949,Ishani Murthy,Male,ojasvimurty@example.net,7994170084,Kavali,Karnataka,India,2026-03-17
CUST00950,Yashica Bhasin,Female,kiaan89@example.net,0446708962,Amroha,Uttar Pradesh,India,2023-11-16
CUST00951,Abhiram Thakur,Female,yghose@example.com,4311954502,Hapur,Haryana,India,2023-10-26
CUST00952,Ishaan Talwar,Female,nbalan@example.org,6931960082,Berhampore,Maharashtra,India,2023-08-07
CUST00953,Indrajit Mangat,Female,gsanghvi@example.com,7243749093,Sangli-Miraj & Kupwad,Goa,India,2024-10-11
CUST00954,Jeevika Sarma,Female,gaurika56@example.com,7637446167,Dehradun,Haryana,India,2022-10-19
CUST00955,Devansh Kuruvilla,Male,devanshanne@example.net,3439265162,Ulhasnagar,Maharashtra,India,2024-01-15
CUST00956,Adweta Barad,Female,jagvi47@example.org,6497671995,Shivpuri,Andhra Pradesh,India,2026-07-09
CUST00957,Amruta Thaman,Male,yramaswamy@example.org,9011279819,Jamnagar,Arunachal Pradesh,India,2022-12-16
CUST00958,Aarini Chaudhuri,Male,lallmason@example.org,3405779963,Agartala,Tripura,India,2022-12-18
CUST00959,Darpan Sarna,Female,nwalla@example.org,3029443301,Pali,Andhra Pradesh,India,2022-06-01
CUST00960,Reva Kade,Male,lmittal@example.com,4468835117,Sultan Pur Majra,Karnataka,India,2024-01-21
CUST00961,Oni Gupta,Female,nisharamesh@example.net,4088026816,Morena,Arunachal Pradesh,India,2022-12-17
CUST00962,Dayamai Venkataraman,Female,baghyawati77@example.org,8853006594,Singrauli,Kerala,India,2023-03-25
CUST00963,Hitesh Gupta,Female,ayaankulkarni@example.org,8970251532,Secunderabad,Karnataka,India,2024-10-03
CUST00964,Faris Ghose,Female,chaudhryurvi@example.org,2281615806,Coimbatore,Andhra Pradesh,India,2023-08-03
CUST00965,Logan Subramaniam,Female,yashvichadha@example.org,8219095535,Srinagar,Uttarakhand,India,2025-09-11
CUST00966,Samesh Tella,Male,hmisra@example.net,0710487678,Mehsana,Haryana,India,2025-08-10
CUST00967,Charvi Toor,Male,suppal@example.net,9971910469,Rewa,Andhra Pradesh,India,2021-08-15
CUST00968,Gabriel Raghavan,Female,uyogi@example.org,2569627860,Ujjain,Mizoram,India,2023-11-30
CUST00969,Ayushman Aggarwal,Male,balveermody@example.com,8452004593,Kamarhati,Uttar Pradesh,India,2024-11-14
CUST00970,Charita Shankar,Female,uchoudhary@example.com,1575826164,Pallavaram,Kerala,India,2024-04-28
CUST00971,Barkha Srinivasan,Female,pranit87@example.com,6385896643,Shivpuri,Meghalaya,India,2025-09-11
CUST00972,Hemani Mahal,Male,minhasalka@example.org,4816697128,Malegaon,Andhra Pradesh,India,2022-06-30
CUST00973,Rajeshri Ram,Male,smani@example.com,6287542345,Naihati,Kerala,India,2026-03-16
CUST00974,Mitesh Kara,Male,neelbrahmbhatt@example.org,8113868218,Madurai,Sikkim,India,2021-08-31
CUST00975,Vasana Aggarwal,Female,samuel16@example.com,7156395533,Miryalaguda,Nagaland,India,2026-03-13
CUST00976,Aarini Hegde,Male,udugal@example.com,2330864555,Tumkur,Arunachal Pradesh,India,2025-09-24
CUST00977,Rudra Badal,Male,rtak@example.org,6329106613,Kishanganj,Tripura,India,2023-05-09
CUST00978,Ayushman Ram,Male,hanstarak@example.com,4501694874,Kakinada,Maharashtra,India,2025-09-18
CUST00979,Aashi Dhar,Male,hemani54@example.com,4751016047,Rajpur Sonarpur,Madhya Pradesh,India,2021-08-01
CUST00980,Bhanumati Soman,Female,laksh54@example.org,7884958709,Nandyal,Himachal Pradesh,India,2025-12-16
CUST00981,Balendra Bava,Female,gokhaledayamai@example.net,6385735070,Rajahmundry,Manipur,India,2024-06-30
CUST00982,Balveer Kalla,Female,bhatnagarkabir@example.org,0270287744,Hospet,Kerala,India,2022-08-12
CUST00983,Garima Sehgal,Female,bsha@example.net,6764432026,Proddatur,Himachal Pradesh,India,2024-10-03
CUST00984,Gauri Dey,Female,falak46@example.org,4940613820,Jalna,Sikkim,India,2022-05-17
CUST00985,Nachiket Mody,Female,lkata@example.org,6370346992,Amritsar,Punjab,India,2022-12-01
CUST00986,Wahab Krish,Male,amol90@example.org,2570375253,Sonipat,Uttar Pradesh,India,2023-05-04
CUST00987,Nidhi Sen,Male,harinakshimuni@example.com,5206363748,Thanjavur,Himachal Pradesh,India,2022-09-05
CUST00988,Lopa Ramaswamy,Male,xsengupta@example.org,7743903615,Kurnool,Odisha,India,2024-03-25
CUST00989,Nicholas Chandra,Male,vidhi97@example.org,8185147313,Chapra,Andhra Pradesh,India,2025-11-25
CUST00990,Rachit Kanda,Female,charshravya@example.com,0660414984,Ambattur,Telangana,India,2022-12-04
CUST00991,Sudiksha Varghese,Male,riabarman@example.net,9722469727,Deoghar,Telangana,India,2024-01-20
CUST00992,Qushi Mistry,Male,waliamaanas@example.org,2706815648,Sikar,Sikkim,India,2023-04-02
CUST00993,Ishanvi Murthy,Female,rvala@example.com,4604055381,Bhalswa Jahangir Pur,Goa,India,2026-03-01
CUST00994,Vansha Parekh,Female,zwable@example.org,3110001801,Ballia,Odisha,India,2022-07-28
CUST00995,Sathvik Golla,Female,cmohanty@example.com,3025503458,Eluru,Uttar Pradesh,India,2025-12-09
CUST00996,Omisha Basu,Male,hardik06@example.org,1939096677,Suryapet,Tripura,India,2021-12-24
CUST00997,Varsha Hari,Female,wakeetachoudhary@example.com,0704488926,Udaipur,Meghalaya,India,2025-12-14
CUST00998,Yug Viswanathan,Female,jbutala@example.org,7994430170,Ongole,Himachal Pradesh,India,2025-12-17
CUST00999,Pushti Narayanan,Male,gloke@example.net,9789699585,Kolkata,Odisha,India,2025-01-03
CUST01000,Darika Choudhury,Female,esrinivasan@example.org,5045122637,Gorakhpur,Goa,India,2022-10-01
CUST01001,Amara Dyal,Female,yashasvi89@example.com,0596167173,Cuttack,West Bengal,India,2026-07-02
CUST01002,Bhavini Karnik,Male,indira16@example.org,7798631568,Rourkela,Jharkhand,India,2024-10-13
CUST01003,Lajita Bose,Male,ptripathi@example.com,0589673308,Bijapur,Himachal Pradesh,India,2022-04-27
CUST01004,Siddharth Hans,Male,chakrikadayal@example.org,8743278423,Imphal,Chhattisgarh,India,2024-11-24
CUST01005,Rayaan Malhotra,Male,harini66@example.net,6256409081,Agra,Telangana,India,2025-06-21
CUST01006,Oliver Sidhu,Female,jeremiahsachdev@example.com,8363294434,Dewas,Telangana,India,2026-06-10
CUST01007,Forum Mandal,Female,lalrajeshri@example.com,4515014270,Katni,Uttar Pradesh,India,2023-03-21
CUST01008,Upadhriti Devan,Male,aarav64@example.com,1991909722,Gaya,Bihar,India,2025-05-16
CUST01009,Chaitaly Kumar,Male,rajaayush@example.com,0231883551,Raebareli,Gujarat,India,2023-02-09
CUST01010,Vivaan Datta,Female,mayajoshi@example.com,0167241192,Ichalkaranji,Sikkim,India,2024-02-14
CUST01011,Jagvi Morar,Female,swaminathanwakeeta@example.com,8284175247,Shimoga,Assam,India,2025-03-24
CUST01012,Chasmum Master,Female,widisha87@example.org,3946754046,Varanasi,Meghalaya,India,2023-04-27
CUST01013,Damini Bhargava,Female,rpalan@example.com,7124700772,Mangalore,Andhra Pradesh,India,2026-07-03
CUST01014,Arunima Manda,Female,iranganathan@example.com,6796421740,Kishanganj,Mizoram,India,2025-07-11
CUST01015,Abhimanyu Lalla,Female,nadigfalan@example.org,6742480046,Yamunanagar,Tamil Nadu,India,2026-02-23
CUST01016,Ekalinga Nair,Female,patelfaras@example.org,7736902417,Sultan Pur Majra,Chhattisgarh,India,2022-11-23
CUST01017,George Lala,Female,krishbalveer@example.com,7111610767,Karimnagar,Meghalaya,India,2022-12-18
CUST01018,Sanya Morar,Female,shivansh22@example.com,5390576496,Ahmedabad,Maharashtra,India,2022-03-11
CUST01019,Jonathan Sridhar,Female,ebajaj@example.com,8494287843,Meerut,Meghalaya,India,2023-09-13
CUST01020,Aishani Parekh,Female,agateyashasvi@example.net,0336460422,Madanapalle,Madhya Pradesh,India,2025-04-07
CUST01021,Aarna Mallick,Female,thari@example.net,1007036345,Jehanabad,Arunachal Pradesh,India,2025-08-08
CUST01022,Yahvi Kala,Female,victormistry@example.net,2385892480,Gwalior,Arunachal Pradesh,India,2025-11-25
CUST01023,Reyansh Narayanan,Female,aashi21@example.net,3306081566,Bokaro,Chhattisgarh,India,2023-07-22
CUST01024,Jairaj Shankar,Male,rattanarya@example.com,8690451949,Ramgarh,Karnataka,India,2024-11-21
CUST01025,Nathaniel Manne,Female,indrajit18@example.com,0896006620,Noida,Nagaland,India,2025-05-05
CUST01026,Naksh Nadig,Female,mdeo@example.org,7735118489,Visakhapatnam,Nagaland,India,2023-10-05
CUST01027,Jagrati Bir,Female,wbatta@example.com,4066539965,Amritsar,Jharkhand,India,2021-09-05
CUST01028,Ekaraj Bumb,Female,kallaansh@example.net,3625230278,Jabalpur,Haryana,India,2024-11-14
CUST01029,Balendra Uppal,Male,janujaverma@example.net,7149027017,Mango,Nagaland,India,2025-07-31
CUST01030,Aryan D’Alia,Female,mohandaksh@example.org,9146918678,South Dumdum,Punjab,India,2024-11-13
CUST01031,Yahvi Bhardwaj,Female,noriekbal@example.org,3173196148,Baranagar,Jharkhand,India,2023-12-03
CUST01032,Sachi Saha,Male,bakhshiahluwalia@example.net,3886522090,Bihar Sharif,Chhattisgarh,India,2021-07-23
CUST01033,Hiral Agate,Male,vamakshiseth@example.com,8372459428,Bokaro,Arunachal Pradesh,India,2025-08-04
CUST01034,Vinaya Khurana,Male,rnazareth@example.net,3294869603,Bareilly,Himachal Pradesh,India,2024-09-09
CUST01035,Aishani Pingle,Male,tanveerpalla@example.org,7238945083,Udaipur,Haryana,India,2023-11-03
CUST01036,Rushil Sheth,Male,harini03@example.org,5135189979,Sambhal,Tripura,India,2025-10-09
CUST01037,Bhanumati Ratta,Female,ishaanmaharaj@example.net,1734497788,Bettiah,Arunachal Pradesh,India,2023-08-14
CUST01038,Girish Sani,Male,wazir84@example.org,5803017854,Solapur,Goa,India,2025-03-13
CUST01039,Ekapad Rana,Female,aarnav54@example.com,9417706087,Siliguri,Jharkhand,India,2022-08-17
CUST01040,Aarav Taneja,Male,harshil37@example.com,4672034871,Medininagar,Kerala,India,2025-09-20
CUST01041,Advaith Vohra,Male,yashicareddy@example.com,7871580474,Saharanpur,Telangana,India,2022-10-23
CUST01042,Qarin Pathak,Female,patelyuvraj@example.com,2360700994,Shimoga,Maharashtra,India,2025-05-30
CUST01043,Hemangini Mohanty,Female,anthonyseth@example.com,0015127306,Jaipur,Assam,India,2026-01-21
CUST01044,Gopal Salvi,Male,chandresh77@example.net,8193083000,Bhavnagar,Arunachal Pradesh,India,2024-12-09
CUST01045,Shravya Parikh,Male,garimadhar@example.net,5561750865,Raiganj,Andhra Pradesh,India,2022-06-02
CUST01046,Vihaan Agarwal,Male,netramohanty@example.com,8431846480,Phusro,Nagaland,India,2021-07-23
CUST01047,Thomas Baria,Male,chahalethan@example.net,3699380352,North Dumdum,Uttar Pradesh,India,2023-08-25
CUST01048,Kiaan Chopra,Female,omishamajumdar@example.net,2616503766,Sultan Pur Majra,Jharkhand,India,2024-10-28
CUST01049,Chavvi Gandhi,Female,yash17@example.net,3819915572,Amaravati,Uttar Pradesh,India,2023-04-23
CUST01050,Raksha Date,Male,widishadesai@example.com,2613364297,Naihati,Assam,India,2023-09-22
CUST01051,Ansh Prabhu,Female,yashhanda@example.org,0617460565,Sasaram,Manipur,India,2023-04-14
CUST01052,Rayaan Dhar,Female,diya65@example.com,0463862820,Dhule,Odisha,India,2022-02-23
CUST01053,Logan Bobal,Male,caleb93@example.org,6986108013,Yamunanagar,Chhattisgarh,India,2025-12-25
CUST01054,Eshana Chahal,Female,jeevika76@example.com,0021336356,Raipur,West Bengal,India,2023-11-03
CUST01055,Veda Korpal,Female,mannmugdha@example.com,7071689580,Udupi,Himachal Pradesh,India,2023-09-18
CUST01056,Abeer Tak,Female,manthan92@example.org,5747526289,Thoothukudi,Haryana,India,2025-04-19
CUST01057,Bimala Wagle,Male,nsinha@example.net,0040792550,Sasaram,Bihar,India,2024-09-09
CUST01058,Nidhi Pandit,Female,xitimunshi@example.net,2577194396,Akola,Karnataka,India,2025-07-06
CUST01059,Gaurang Kurian,Male,vzachariah@example.org,4397117044,Anantapuram,Manipur,India,2021-07-27
CUST01060,Vamakshi Chana,Male,janaki34@example.com,2492962912,Gaya,Madhya Pradesh,India,2025-05-19
CUST01061,Ethan Bhakta,Male,mannekiya@example.org,9122186339,Jamnagar,Uttar Pradesh,India,2023-06-20
CUST01062,Indali Vohra,Male,npurohit@example.com,3095018450,Kanpur,Himachal Pradesh,India,2024-03-14
CUST01063,Bina Narasimhan,Female,shasanya@example.net,0504561604,Phagwara,Bihar,India,2026-06-29
CUST01064,Yoshita Bedi,Male,zbhat@example.org,9352456563,Bhilai,Assam,India,2021-11-29
CUST01065,Yachana Toor,Male,gbala@example.com,2290293486,Erode,Tamil Nadu,India,2022-12-28
CUST01066,Naveen Sharaf,Female,daksheshsant@example.net,4176001851,Bidhannagar,Mizoram,India,2023-12-18
CUST01067,Ranbir Kohli,Male,khoslalajita@example.com,3519431972,Nanded,Gujarat,India,2024-04-06
CUST01068,Gauri Gour,Female,shaurya34@example.org,1276294381,Madanapalle,Assam,India,2022-01-04
CUST01069,Parth Sidhu,Male,victorpillai@example.net,6124645644,Junagadh,Karnataka,India,2023-05-15
CUST01070,Ira Bal,Female,zkapur@example.net,0117719625,Surendranagar Dudhrej,Bihar,India,2023-03-28
CUST01071,Rushil Vora,Male,bassiwahab@example.com,6070321071,Shahjahanpur,Jharkhand,India,2023-03-18
CUST01072,Pooja Sandhu,Female,devanshzacharia@example.org,6409122024,Jaunpur,Jharkhand,India,2021-11-08
CUST01073,Faqid Jain,Female,chakradhargrewal@example.org,9211862794,Ambala,Madhya Pradesh,India,2023-12-27
CUST01074,Frederick Kaul,Male,chatreshsathe@example.net,9500689323,Imphal,Tripura,India,2024-08-02
CUST01075,Mohini Verma,Male,santisaac@example.net,9935001039,Srikakulam,Uttarakhand,India,2024-11-16
CUST01076,Gavin Kapoor,Female,manya82@example.org,6684087177,Indore,Andhra Pradesh,India,2023-11-14
CUST01077,Charan Mody,Male,gadeekavir@example.net,4686771612,Bhopal,Goa,India,2026-02-07
CUST01078,Krisha Issac,Female,framesh@example.net,5321806750,Warangal,Maharashtra,India,2024-01-10
CUST01079,Andrew Mohanty,Male,rrau@example.net,1301861809,Rampur,Punjab,India,2025-01-25
CUST01080,George Aurora,Male,rachita76@example.org,9358937135,Tumkur,Assam,India,2022-05-31
CUST01081,Owen Raj,Male,akshay93@example.com,6475047965,Coimbatore,Bihar,India,2023-01-10
CUST01082,Anika Shah,Male,upma44@example.org,3962473915,Narasaraopet,West Bengal,India,2026-04-27
CUST01083,Kritika Vasa,Male,manbir29@example.org,3269612502,Varanasi,Haryana,India,2026-07-07
CUST01084,Reyansh Khare,Female,pandeychakrika@example.com,2703433197,Ludhiana,Sikkim,India,2023-03-24
CUST01085,Kritika Mangat,Male,dalbir50@example.com,4056842948,Rourkela,Sikkim,India,2026-03-16
CUST01086,Indira Mukherjee,Female,rmody@example.com,7465924755,Unnao,Odisha,India,2022-02-05
CUST01087,Yashawini Thaman,Female,dtrivedi@example.net,4230209278,Gandhinagar,Bihar,India,2023-03-05
CUST01088,Yashawini Grover,Male,girish88@example.net,9160344150,Guna,Jharkhand,India,2021-10-15
CUST01089,Hardik Jayaraman,Female,sacharethan@example.net,2116586445,Srinagar,Karnataka,India,2024-10-26
CUST01090,Daniel Sami,Male,dipta12@example.net,1568591318,Amritsar,Maharashtra,India,2024-10-05
CUST01091,Madhav Dhawan,Female,ishagoda@example.org,8881764406,Vijayawada,Tamil Nadu,India,2023-11-20
CUST01092,Gopal Sant,Female,yuvrajkhare@example.com,1731517681,Haldia,Telangana,India,2025-06-04
CUST01093,Nirja Mahajan,Male,butalarayaan@example.org,3824129154,Loni,Tripura,India,2023-07-22
CUST01094,Alexander Prabhakar,Male,dipta62@example.net,5879664198,Kakinada,Assam,India,2025-06-18
CUST01095,Odika Saini,Female,karpelila@example.com,8891280361,Munger,Jharkhand,India,2022-12-05
CUST01096,Samesh Bandi,Female,rachita02@example.com,7950071235,Karaikudi,Andhra Pradesh,India,2023-06-21
CUST01097,Dominic Gokhale,Male,abhiramsankar@example.net,1212628328,Gandhinagar,Jharkhand,India,2025-12-23
CUST01098,Ekalinga Tiwari,Male,nagihredhaan@example.com,2017062512,Noida,Haryana,India,2024-08-22
CUST01099,Nihal Kalla,Male,harinakshiroy@example.com,8177762420,Meerut,Assam,India,2022-07-16
CUST01100,Jacob Deol,Female,lajita48@example.net,1796758195,Katihar,Rajasthan,India,2025-02-18
CUST01101,Falak Sha,Female,edua@example.net,5965941407,Alwar,Andhra Pradesh,India,2026-07-03
CUST01102,Watika Dhingra,Female,lallridhi@example.org,1004030353,Dewas,Uttar Pradesh,India,2025-09-16
CUST01103,Girik Sarma,Female,bhagatmanya@example.org,4745510875,Eluru,Jharkhand,India,2025-03-09
CUST01104,Gauri Sekhon,Male,tandonmaanas@example.org,9571626002,Khandwa,Arunachal Pradesh,India,2022-02-25
CUST01105,Nikita De,Male,onveer00@example.net,0792313611,Shivpuri,Nagaland,India,2023-10-09
CUST01106,Lila Chanda,Female,gerajack@example.net,1747315554,Katni,Tripura,India,2024-10-29
CUST01107,Bina Wali,Male,jpanchal@example.net,1076603658,Thiruvananthapuram,Himachal Pradesh,India,2025-04-22
CUST01108,Rachit Nagarajan,Female,ranveerbains@example.org,3989384063,Anantapur,Uttarakhand,India,2025-11-21
CUST01109,Aarini Srinivasan,Male,tdeep@example.org,8223901028,Ahmednagar,Nagaland,India,2023-12-28
CUST01110,Kalpit Gour,Male,lila12@example.com,5207551666,Jaipur,Jharkhand,India,2023-04-12
CUST01111,Samaksh Prabhu,Male,oommenamrita@example.org,4898815991,Bellary,Haryana,India,2024-02-06
CUST01112,Yachana Sabharwal,Female,zansibutala@example.org,9569714034,Mehsana,Meghalaya,India,2024-06-14
CUST01113,Guneet Ratti,Female,siddharthpal@example.com,3193651307,Narasaraopet,Odisha,India,2025-06-18
CUST01114,Irya Rama,Male,warjas06@example.net,7654650051,Nandyal,Uttarakhand,India,2022-11-19
CUST01115,Chaaya Borde,Female,jsachdeva@example.com,3913564699,Bardhaman,Jharkhand,India,2022-09-27
CUST01116,Rohan Mammen,Male,gavin25@example.com,0916941479,Etawah,Chhattisgarh,India,2026-02-09
CUST01117,Radhika Gupta,Female,bahadurjit32@example.com,5773211261,Madhyamgram,Rajasthan,India,2021-12-22
CUST01118,Nisha Bhatia,Female,bansaltejas@example.org,1637260445,Thiruvananthapuram,Telangana,India,2022-01-03
CUST01119,Shivani Deol,Male,dkala@example.org,4781910849,Maheshtala,Gujarat,India,2024-07-23
CUST01120,Gaurang Gola,Female,upmasubramaniam@example.org,5113912700,Naihati,Gujarat,India,2022-07-25
CUST01121,Chandran Sabharwal,Male,mekhalachaudhry@example.com,0353989433,Sri Ganganagar,Chhattisgarh,India,2025-06-09
CUST01122,Jagat Kakar,Female,ubadal@example.org,4994299511,Ulhasnagar,Mizoram,India,2022-02-22
CUST01123,Tanveer Munshi,Female,vjaggi@example.org,6809508776,Raebareli,Meghalaya,India,2022-08-13
CUST01124,Chameli Tripathi,Female,abdulseshadri@example.com,1169052291,Vadodara,Chhattisgarh,India,2022-01-26
CUST01125,Chandani Raman,Male,hemani54@example.com,8772700266,Kalyan-Dombivli,Haryana,India,2025-03-10
CUST01126,Widisha Palla,Female,mandraghav@example.org,4370772142,Raiganj,Haryana,India,2025-06-07
CUST01127,Aarnav Kale,Female,rameshjack@example.net,3568139096,Baranagar,Bihar,India,2022-03-11
CUST01128,Charles Zacharia,Male,parikhgunbir@example.net,4887329170,Chandigarh,Manipur,India,2023-03-24
CUST01129,Aarnav Gulati,Male,iyerfitan@example.net,1362165617,Gulbarga,Haryana,India,2025-09-22
CUST01130,Yagnesh Ranganathan,Female,oliver06@example.com,4718573978,Alappuzha,Telangana,India,2024-08-30
CUST01131,Radha Arya,Female,vluthra@example.net,4916568152,Nagaon,Telangana,India,2024-09-22
CUST01132,Krish Chandra,Female,goyalaashi@example.com,2157640180,Bokaro,Jharkhand,India,2024-01-11
CUST01133,Jhalak Mandal,Female,rajsamaksh@example.org,4758602994,Nashik,Mizoram,India,2021-11-02
CUST01134,Advika Wadhwa,Female,diyabiswas@example.com,1855523933,Jalna,Maharashtra,India,2022-07-30
CUST01135,Falguni Amble,Male,wchaudhary@example.org,5292713789,Pune,Himachal Pradesh,India,2022-01-08
CUST01136,Advaith Sunder,Female,tgopal@example.net,0817836224,Kanpur,Himachal Pradesh,India,2023-10-13
CUST01137,Widisha Upadhyay,Male,madanpeter@example.org,8325895307,Ongole,Bihar,India,2025-06-28
CUST01138,Rudra Bhat,Female,hbaria@example.net,5903234301,Aligarh,Tripura,India,2024-01-02
CUST01139,Nicholas Kuruvilla,Female,falakravi@example.com,4029086420,Hospet,Nagaland,India,2025-01-24
CUST01140,Shravya Upadhyay,Male,chandasai@example.net,6561030366,Nandyal,Telangana,India,2022-11-11
CUST01141,Ethan Nadkarni,Female,pooja07@example.org,4516611264,Pimpri-Chinchwad,Goa,India,2023-07-11
CUST01142,Maanav Sood,Female,duttawarda@example.com,6621840634,Bokaro,Manipur,India,2022-12-20
CUST01143,Jeremiah Nigam,Male,achaudry@example.org,8913206049,Bhilwara,Maharashtra,India,2023-04-26
CUST01144,Omya Agate,Female,zhari@example.net,6542675162,Sasaram,Manipur,India,2023-06-30
CUST01145,Hiral Sha,Female,andrewtripathi@example.org,5010706149,Jalgaon,Tripura,India,2023-10-14
CUST01146,Akshay Dhaliwal,Male,llad@example.net,7579828518,Sangli-Miraj & Kupwad,Maharashtra,India,2023-05-12
CUST01147,Chasmum Nadig,Male,muttinaksh@example.net,9676533062,Mathura,Uttar Pradesh,India,2022-11-01
CUST01148,Benjamin Nadig,Female,varughesenaveen@example.com,2599498889,Guntakal,Punjab,India,2023-05-25
CUST01149,Nisha Kar,Male,arya25@example.com,5608919432,Panchkula,West Bengal,India,2026-01-30
CUST01150,Ishanvi Chakrabarti,Female,parsagarima@example.com,9695873044,Narasaraopet,Andhra Pradesh,India,2022-04-21
CUST01151,Thomas Kuruvilla,Female,ychaudry@example.net,7733123430,Madanapalle,Meghalaya,India,2023-10-24
CUST01152,Logan Natt,Male,borabachittar@example.net,6345830985,Allahabad,Karnataka,India,2025-07-31
CUST01153,Zarna Bora,Male,agatenimrat@example.org,6078234214,Madurai,Maharashtra,India,2022-11-07
CUST01154,Lucky Rege,Male,abhiram79@example.net,1321423551,Morena,Odisha,India,2025-01-21
CUST01155,Aashi Dani,Female,dalbirdasgupta@example.net,6112692680,Mango,Jharkhand,India,2023-02-01
CUST01156,Viraj Sandhu,Female,mahika37@example.org,3155776152,Darbhanga,Kerala,India,2025-11-18
CUST01157,Faraj Rajagopalan,Female,gillaayush@example.com,4881439733,Uluberia,Assam,India,2023-01-13
CUST01158,Faras Mani,Male,qdayal@example.net,9734316449,Haridwar,Gujarat,India,2022-11-25
CUST01159,Shaurya Contractor,Male,chaitalykaul@example.org,4937649152,Firozabad,Punjab,India,2024-09-16
CUST01160,Jeet Bala,Female,achoudhary@example.net,5649070784,Panchkula,Goa,India,2023-12-25
CUST01161,Rajata Gara,Female,ekantikayohannan@example.net,0779959825,Mathura,Haryana,India,2023-09-03
CUST01162,Farhan Ray,Male,wdora@example.net,7548866277,Raichur,Tripura,India,2026-03-08
CUST01163,Bahadurjit Bhandari,Male,koshyfalak@example.org,6632210219,Cuttack,Nagaland,India,2022-07-31
CUST01164,Farhan Bhakta,Male,nchoudhary@example.com,5218270476,Naihati,Karnataka,India,2026-07-03
CUST01165,Reyansh Varghese,Female,gabriel79@example.net,4555360085,Srikakulam,Assam,India,2026-02-24
CUST01166,Dominic Wadhwa,Male,hardik26@example.net,7540628133,Amroha,Punjab,India,2025-01-25
CUST01167,Ridhi Peri,Female,vincenthanda@example.org,5197319029,Berhampore,Rajasthan,India,2021-08-28
CUST01168,Geetika Borah,Female,tbehl@example.net,7474695076,Jehanabad,Meghalaya,India,2022-04-10
CUST01169,Lekha Madan,Male,merchantikshita@example.net,4921980491,Nagercoil,Mizoram,India,2023-01-23
CUST01170,Jagvi Wagle,Female,ukalla@example.org,2505383037,Deoghar,Tripura,India,2025-12-13
CUST01171,Abdul Sekhon,Male,samaksh03@example.net,2538856237,Hospet,Maharashtra,India,2024-04-28
CUST01172,Zaitra Johal,Male,janyachatterjee@example.net,1252194361,Chinsurah,Telangana,India,2025-05-18
CUST01173,Jalsa Edwin,Female,wmerchant@example.net,4605085268,Kochi,Tamil Nadu,India,2025-01-09
CUST01174,Varenya Rajagopalan,Female,masontrivedi@example.com,9933719525,Imphal,Chhattisgarh,India,2025-08-21
CUST01175,Lakshit Mammen,Female,nikitaedwin@example.com,4429618690,Sambhal,Tripura,India,2024-07-05
CUST01176,Laksh Andra,Male,rajuarya@example.org,1686511721,Durgapur,Gujarat,India,2024-02-12
CUST01177,Rajata Kunda,Male,bimalachand@example.org,7306214836,Malda,Tripura,India,2023-07-09
CUST01178,Laksh Naidu,Female,prabhuwriddhish@example.com,1096621645,Parbhani,Maharashtra,India,2022-01-11
CUST01179,Mason Tandon,Male,victorsaraf@example.com,3432420914,Bahraich,Punjab,India,2024-12-16
CUST01180,Yamini Chaudhuri,Female,harininaik@example.com,8618853873,Warangal,Assam,India,2023-07-23
CUST01181,Upkaar Acharya,Female,dvarghese@example.net,0220543457,Alwar,Jharkhand,India,2025-02-12
CUST01182,Isaiah Mani,Male,anya43@example.net,2699204131,Tumkur,Gujarat,India,2023-02-24
CUST01183,Brinda Sachar,Male,fsha@example.org,3268827781,Vellore,Odisha,India,2022-04-12
CUST01184,Ekantika Nayak,Female,sandhukamya@example.org,6663815297,Panipat,Goa,India,2024-03-17
CUST01185,Raghav Lanka,Female,sachitak@example.com,3016640204,Bidhannagar,Andhra Pradesh,India,2022-07-06
CUST01186,Avni Nigam,Male,samafrado@example.net,1419389989,Kolkata,Goa,India,2022-10-11
CUST01187,Jason Dua,Female,falangola@example.com,9997317868,Bhubaneswar,West Bengal,India,2024-04-10
CUST01188,Pranav Bhatia,Male,kotabalendra@example.org,9357728551,Sonipat,Madhya Pradesh,India,2025-06-14
CUST01189,Nakul Sampath,Female,triveniwarrior@example.com,8427057712,Imphal,Jharkhand,India,2024-09-11
CUST01190,Shivani Pau,Female,sehgalviraj@example.org,2345146799,Erode,Manipur,India,2022-09-27
CUST01191,Chasmum Bedi,Female,chakrika77@example.net,3127099020,Pallavaram,Karnataka,India,2025-01-17
CUST01192,Shivansh Krishnamurthy,Male,shahchasmum@example.net,4381896849,Thane,Jharkhand,India,2026-01-09
CUST01193,Pallavi De,Male,udyatirai@example.com,4416758569,Sikar,Madhya Pradesh,India,2021-09-07
CUST01194,Chavvi Sarna,Female,anmolsamra@example.org,6621849342,Kanpur,Jharkhand,India,2026-05-11
CUST01195,Upkaar Rastogi,Female,chaayabasak@example.net,1866830949,Noida,Gujarat,India,2022-10-24
CUST01196,Kritika Sidhu,Female,bordesiddharth@example.net,3070283391,Gangtok,Andhra Pradesh,India,2022-02-20
CUST01197,Fitan Vohra,Female,giriksampath@example.com,3685158630,Miryalaguda,Mizoram,India,2025-02-01
CUST01198,Nimrat Loke,Male,sanya68@example.org,1510082319,Katihar,Bihar,India,2023-01-30
CUST01199,Meera Sachdev,Female,mpillai@example.org,5773650619,Dindigul,Assam,India,2023-09-29
CUST01200,Gaurav Chakrabarti,Male,ryan69@example.org,4662881914,Sangli-Miraj & Kupwad,Sikkim,India,2026-03-09
CUST01201,Samar Chadha,Male,xavier40@example.com,3231097318,Proddatur,Mizoram,India,2026-07-13
CUST01202,Vrishti Verma,Female,dpathak@example.org,0937026337,Tadipatri,Mizoram,India,2026-01-31
CUST01203,Aadi Bandi,Female,chandanithaman@example.org,3166333575,Miryalaguda,Kerala,India,2023-05-09
CUST01204,Vincent Bahri,Female,isaac12@example.org,3073420530,Phusro,Mizoram,India,2023-04-01
CUST01205,Ekansh Varma,Female,shivansh72@example.com,0568545099,Nellore,Madhya Pradesh,India,2023-02-07
CUST01206,Yashawini Raman,Female,chadzilmil@example.net,2810859323,Arrah,Chhattisgarh,India,2026-04-18
CUST01207,Watika Narayan,Male,edhithavarghese@example.org,9760063345,Gaya,Himachal Pradesh,India,2023-04-03
CUST01208,Darpan Pingle,Female,pdass@example.org,3638231846,Kishanganj,Himachal Pradesh,India,2021-08-31
CUST01209,Vedant Taneja,Female,jonathan39@example.org,2197185272,Sangli-Miraj & Kupwad,Telangana,India,2023-07-01
CUST01210,Bimala Chakraborty,Male,mbumb@example.com,7873809191,Bareilly,Madhya Pradesh,India,2024-05-28
CUST01211,Upkaar Madan,Male,vsaran@example.net,4082221120,Jehanabad,Maharashtra,India,2022-12-18
CUST01212,Alka Chawla,Female,qbawa@example.com,7127657766,Hapur,Arunachal Pradesh,India,2021-10-13
CUST01213,Eshana Viswanathan,Female,isaacanne@example.com,2490749546,Bhilai,Andhra Pradesh,India,2026-02-14
CUST01214,Kamya Gour,Male,dinpriya@example.com,7453856116,Shimoga,West Bengal,India,2022-05-21
CUST01215,Bahadurjit Saini,Male,bosezinal@example.org,2720306636,Bhatpara,Kerala,India,2024-01-13
CUST01216,Hemani Tata,Male,harish55@example.net,1350650570,Ambarnath,Haryana,India,2026-03-01
CUST01217,Gopal Shankar,Male,abdulgoel@example.org,9066926100,Latur,Rajasthan,India,2023-10-15
CUST01218,Ikshita Sant,Male,ubika28@example.com,4284225280,Kolkata,Karnataka,India,2023-10-27
CUST01219,Vansha Date,Female,harita93@example.org,4869756765,Rajpur Sonarpur,Mizoram,India,2025-08-02
CUST01220,Rishi Suresh,Male,sethidevansh@example.net,3365501633,Karimnagar,Goa,India,2022-08-26
CUST01221,Ojasvi Grewal,Female,ishanvikalla@example.com,9166995980,Anand,Arunachal Pradesh,India,2022-06-29
CUST01222,Mohini Sachdev,Male,swamykrishna@example.org,4481904014,Panvel,Goa,India,2022-06-19
CUST01223,Riya Venkataraman,Female,jagratirai@example.com,5190661027,Parbhani,Jharkhand,India,2024-01-01
CUST01224,Kamya Pant,Male,deepnidra@example.org,7474371111,Srinagar,Meghalaya,India,2022-03-12
CUST01225,Girindra Badami,Male,ansh85@example.net,5055273946,Asansol,Uttar Pradesh,India,2022-07-23
CUST01226,Harinakshi Naik,Female,unnati81@example.net,5260460864,Bulandshahr,Jharkhand,India,2025-01-19
CUST01227,Warda Ravi,Male,patlaqasim@example.org,8732388853,Motihari,Meghalaya,India,2025-01-09
CUST01228,Avi Kulkarni,Female,ishani04@example.com,4305307659,Kanpur,Arunachal Pradesh,India,2025-07-06
CUST01229,Jalsa Ram,Female,krishnanvarsha@example.net,3526798231,Orai,West Bengal,India,2026-04-30
CUST01230,Rayaan Kakar,Male,sagarnidra@example.com,9796541765,Parbhani,Mizoram,India,2024-06-06
CUST01231,Riya Sagar,Male,dassdarika@example.com,8402028993,Pudukkottai,Karnataka,India,2024-11-25
CUST01232,Rayaan Manda,Female,sureshunni@example.org,5320469326,Gurgaon,Haryana,India,2022-09-19
CUST01233,Kevin Nagy,Female,gaurangi85@example.net,3962348046,North Dumdum,Himachal Pradesh,India,2023-10-05
CUST01234,Krishna Shetty,Female,pram@example.net,1522837730,Loni,Punjab,India,2022-12-08
CUST01235,Ekanta Baria,Female,bhallaakshay@example.org,8113271045,Pudukkottai,Karnataka,India,2021-08-28
CUST01236,Kavya Butala,Male,aarinivarty@example.net,3908036586,Jabalpur,Sikkim,India,2023-10-08
CUST01237,Unni Din,Female,balchaitaly@example.org,5735617656,Bikaner,Maharashtra,India,2023-09-17
CUST01238,Chaitanya Lal,Female,jalsakrish@example.com,1819275704,Bidhannagar,Goa,India,2023-07-12
CUST01239,Hritik Setty,Female,pratti@example.org,7563903968,Panihati,Tamil Nadu,India,2023-03-18
CUST01240,Yashvi De,Female,kalpitkothari@example.net,8026766735,Uluberia,Tripura,India,2023-05-21
CUST01241,Sneha Salvi,Female,smallick@example.net,1917427068,Jammu,Meghalaya,India,2025-12-15
CUST01242,Aadi Tank,Male,nimratkaul@example.net,9360687676,Saharsa,Madhya Pradesh,India,2023-03-01
CUST01243,Rayaan Gade,Female,keyaviswanathan@example.net,8685898638,Sonipat,Himachal Pradesh,India,2025-10-03
CUST01244,Yauvani Morar,Male,danielchanda@example.com,5791988915,Saharanpur,Nagaland,India,2023-02-16
CUST01245,Jacob Raju,Female,patrickmandal@example.org,3432189909,Morbi,Arunachal Pradesh,India,2024-11-21
CUST01246,Tejas Golla,Male,arinravel@example.net,4405469528,Khandwa,Sikkim,India,2025-10-12
CUST01247,Kala Biswas,Male,kkrishnamurthy@example.net,1777466261,Saharanpur,Uttarakhand,India,2025-12-27
CUST01248,Naksh Magar,Male,deopushti@example.org,3012575096,Hubli–Dharwad,Tamil Nadu,India,2024-07-01
CUST01249,Hemangini Peri,Female,imani@example.net,9466434672,Tiruchirappalli,Assam,India,2025-12-25
CUST01250,Hredhaan Pai,Female,taratara@example.net,6140867394,Madanapalle,Rajasthan,India,2025-06-16
CUST01251,Samaksh Goyal,Female,chauhanzaitra@example.org,1299331822,Thiruvananthapuram,Chhattisgarh,India,2024-10-22
CUST01252,Daniel Iyengar,Male,fmani@example.com,9032938870,Sambalpur,Assam,India,2023-07-03
CUST01253,Dev Mittal,Female,somgaurav@example.com,2501010493,Vasai-Virar,Goa,India,2024-06-29
CUST01254,Sneha Rege,Female,wazir60@example.net,3811875686,Gulbarga,Mizoram,India,2022-04-04
CUST01255,Advaith Shetty,Male,falgunichand@example.org,7062080678,Nangloi Jat,Tamil Nadu,India,2025-02-13
CUST01256,Sarthak Mann,Male,paninihari@example.com,8724203096,Kozhikode,Goa,India,2024-10-20
CUST01257,Zilmil Rau,Female,ranveer71@example.org,7368012703,Siliguri,Madhya Pradesh,India,2026-06-24
CUST01258,Alka Raja,Female,ramachandranyashoda@example.org,5995259570,Satara,Jharkhand,India,2021-08-28
CUST01259,Meera Chakraborty,Female,upadhritinadig@example.org,0851754118,Solapur,Haryana,India,2022-06-20
CUST01260,Lila Patla,Female,yvaidya@example.com,0201543496,Hindupur,Assam,India,2022-02-04
CUST01261,Leela Dhar,Male,dsangha@example.com,1469526566,Gandhinagar,Madhya Pradesh,India,2023-10-07
CUST01262,Lekha Bala,Female,yachana92@example.com,9182349033,Nangloi Jat,Assam,India,2023-08-04
CUST01263,Chakradhar Khatri,Female,vyanjanabhakta@example.com,4004351108,South Dumdum,Uttar Pradesh,India,2022-09-03
CUST01264,Daksh Shroff,Male,darasanya@example.org,4165891653,Junagadh,Arunachal Pradesh,India,2022-03-22
CUST01265,Aditya Babu,Male,bavathomas@example.com,8848712170,Jamnagar,Arunachal Pradesh,India,2024-07-02
CUST01266,Darika Ramesh,Female,edwinbhavani@example.net,4245458911,New Delhi,Bihar,India,2025-10-16
CUST01267,Chasmum Karnik,Female,christopher63@example.com,5608414270,Indore,Gujarat,India,2025-04-21
CUST01268,Vedika Mahal,Male,sahotaayaan@example.net,4953359208,Medininagar,Telangana,India,2024-11-20
CUST01269,Ekani Varty,Female,naidulakshmi@example.net,8795561734,Sikar,Arunachal Pradesh,India,2026-02-26
CUST01270,Qasim Kade,Female,advikamisra@example.net,3407661382,Deoghar,Gujarat,India,2025-03-04
CUST01271,Manbir Mody,Male,raksha10@example.net,0173083171,Bhavnagar,Goa,India,2024-12-29
CUST01272,Qadim Date,Female,chandranalka@example.net,6286915588,Thanjavur,Meghalaya,India,2023-10-10
CUST01273,Rishi Kale,Male,zinalkrishna@example.net,9377801883,Uluberia,Jharkhand,India,2022-10-08
CUST01274,Yamini Khatri,Male,quincynadig@example.org,1966727855,Ulhasnagar,Manipur,India,2024-10-18
CUST01275,Chakradhar Dey,Male,anaykashyap@example.net,2325251859,Bhilai,Kerala,India,2023-10-13
CUST01276,Zayyan Lall,Female,yutikajha@example.org,8302623676,Nadiad,Goa,India,2024-04-26
CUST01277,Anthony Basu,Female,tarak95@example.net,3556292754,Dhule,Mizoram,India,2025-01-31
CUST01278,Manan Lad,Male,hamsiniverma@example.org,3429782298,Chittoor,Karnataka,India,2024-11-24
CUST01279,Yagnesh Sharma,Male,sai33@example.org,4522348895,Darbhanga,Punjab,India,2025-08-19
CUST01280,Pushti Mital,Male,vinaya76@example.org,1870386102,Ranchi,Kerala,India,2023-06-03
CUST01281,Libni Keer,Male,swaminathanzansi@example.org,1263588718,Parbhani,Kerala,India,2023-04-27
CUST01282,Ekapad Kapur,Male,samesh11@example.com,5154623741,Gorakhpur,Uttarakhand,India,2022-02-25
CUST01283,Lucky Sachdev,Female,shahishanvi@example.com,5508491933,Madanapalle,West Bengal,India,2026-03-02
CUST01284,Hardik Gill,Female,wahab94@example.org,5736795071,Bhubaneswar,Nagaland,India,2024-03-21
CUST01285,Girindra Sethi,Male,vrishtikrish@example.net,3728375607,Dehri,Telangana,India,2023-04-19
CUST01286,Andrew Pathak,Female,jgoda@example.com,1123700953,Bhilwara,Sikkim,India,2024-06-22
CUST01287,Jeremiah Lal,Male,ktrivedi@example.net,7872710219,Morena,Assam,India,2023-10-17
CUST01288,Christopher Rout,Male,qabilbhardwaj@example.net,6112886315,Thane,Jharkhand,India,2023-12-03
CUST01289,Nirja Nagi,Male,sridharanita@example.net,8465932833,Amritsar,Odisha,India,2023-04-19
CUST01290,Urvashi Chander,Female,gbadal@example.org,7768658040,Darbhanga,Meghalaya,India,2024-11-23
CUST01291,Unnati Vaidya,Male,neelima58@example.org,3225411125,Bidhannagar,Sikkim,India,2022-10-05
CUST01292,Aishani Rao,Female,saumya59@example.net,4483698522,Lucknow,West Bengal,India,2025-11-04
CUST01293,Praneel Dar,Female,ayaan13@example.net,5356439741,Orai,Himachal Pradesh,India,2025-08-24
CUST01294,Urmi Karnik,Female,maanavvarty@example.net,3710983488,Mango,Jharkhand,India,2021-08-29
CUST01295,Umang Subramaniam,Male,psem@example.net,2065671953,Chandrapur,Punjab,India,2024-08-19
CUST01296,Mason Maharaj,Male,patlanathan@example.com,7366028888,Kalyan-Dombivli,Haryana,India,2025-10-08
CUST01297,Arunima Sule,Female,badamiyahvi@example.net,6841303007,Jabalpur,Chhattisgarh,India,2021-11-13
CUST01298,Gautami Om,Female,max49@example.org,6438946805,Silchar,Goa,India,2022-12-01
CUST01299,Darsh Subramaniam,Female,daraveda@example.org,3808152030,Hosur,Odisha,India,2025-09-29
CUST01300,Abhimanyu Natt,Male,noahdhawan@example.org,1691423933,Secunderabad,Himachal Pradesh,India,2023-11-05
CUST01301,Shivansh Raj,Male,indrajitedwin@example.net,4792851236,Bilaspur,Tripura,India,2025-09-02
CUST01302,Raghav Dhillon,Male,zsandhu@example.com,1490024578,Pune,Sikkim,India,2025-08-27
CUST01303,Tanay Borra,Male,ranganathanfaqid@example.org,2990715108,Tiruvottiyur,Odisha,India,2023-12-06
CUST01304,Harshil Kulkarni,Male,idika50@example.net,4139175970,Agra,West Bengal,India,2023-03-05
CUST01305,Advik Gade,Female,hmadan@example.org,0511604035,Nangloi Jat,Sikkim,India,2022-12-05
CUST01306,Faraj Cheema,Male,tanmayibatta@example.org,8734499354,Aurangabad,Goa,India,2024-11-15
CUST01307,Abha Rao,Female,tailoryochana@example.net,2119965382,Secunderabad,Telangana,India,2024-12-26
CUST01308,Yatin Yadav,Male,tamanna25@example.com,8627820382,Vadodara,Mizoram,India,2025-02-07
CUST01309,Kiaan Nigam,Male,swalla@example.com,3076105835,Ajmer,Odisha,India,2025-04-05
CUST01310,Bhavna Nigam,Female,vkaul@example.net,6534007682,Bhiwandi,Telangana,India,2025-03-18
CUST01311,Vidhi Chokshi,Male,rattanimrat@example.org,8010924098,Ramagundam,West Bengal,India,2022-02-05
CUST01312,Hemangini Oommen,Male,damini59@example.org,1949238900,Haldia,Madhya Pradesh,India,2025-04-18
CUST01313,Orinder Jayaraman,Male,oliver58@example.net,1396122704,Bulandshahr,Karnataka,India,2025-05-08
CUST01314,Eesha Ratta,Female,panini64@example.com,1230866254,Surat,Uttarakhand,India,2023-02-24
CUST01315,Vasana Andra,Female,aarnavkoshy@example.com,6149263771,Amritsar,Kerala,India,2024-11-21
CUST01316,Luke Gade,Male,chahalwarda@example.com,9130081429,Bettiah,Sikkim,India,2026-06-17
CUST01317,Michael Sibal,Female,zbatra@example.org,5753183719,Tadipatri,Sikkim,India,2024-05-07
CUST01318,Upma Sura,Male,kamalachoudhry@example.org,9757018303,Katni,Telangana,India,2022-06-01
CUST01319,Chatura Sastry,Male,wprabhakar@example.net,3516468086,Hazaribagh,Chhattisgarh,India,2025-07-08
CUST01320,Watika Sachdev,Female,arorapooja@example.net,7919496068,Lucknow,Madhya Pradesh,India,2026-07-22
CUST01321,Zansi Shetty,Female,fde@example.com,1549941771,Mirzapur,Uttarakhand,India,2023-06-13
CUST01322,Arya Virk,Male,adwetashenoy@example.net,7962041989,Narasaraopet,Chhattisgarh,India,2025-07-19
CUST01323,Banjeet Guha,Female,dattaishani@example.net,1270884176,Hospet,Meghalaya,India,2021-10-22
CUST01324,Chandran Naidu,Male,dugarwarinder@example.com,9553484728,Madurai,Kerala,India,2024-08-28
CUST01325,Oni Dada,Male,goswamidayamai@example.net,8698186616,Erode,Haryana,India,2024-10-29
CUST01326,Dayamai Narula,Male,asarin@example.com,4346140271,Fatehpur,Jharkhand,India,2021-12-21
CUST01327,Omya Kaul,Female,zashil28@example.com,8791831694,Secunderabad,Haryana,India,2025-06-07
CUST01328,Elijah Ramanathan,Male,uppalekantika@example.com,8971422922,Vadodara,Assam,India,2021-12-11
CUST01329,Warhi Oak,Male,udantthaman@example.net,4094925007,Dharmavaram,Bihar,India,2023-06-25
CUST01330,Ladli Sahni,Female,dayitamore@example.net,0877833142,Motihari,Himachal Pradesh,India,2026-02-07
CUST01331,Ishani Bora,Female,apalla@example.net,2845061998,Amroha,Chhattisgarh,India,2022-12-21
CUST01332,Warinder Chand,Female,orinder85@example.org,1092937855,Fatehpur,Assam,India,2022-02-03
CUST01333,Siya Wadhwa,Female,goelmaya@example.com,5461916058,Dharmavaram,Goa,India,2025-05-16
CUST01334,Nirja Luthra,Female,barmanekiya@example.com,4605273769,Sambhal,Assam,India,2024-09-06
CUST01335,Wahab Butala,Male,vpant@example.org,9846583774,Karaikudi,Goa,India,2022-06-22
CUST01336,Bhavini Nath,Female,madhavmenon@example.org,9287948137,Faridabad,Maharashtra,India,2025-08-11
CUST01337,Robert Gulati,Male,vermafaris@example.org,1240208573,Bhiwani,West Bengal,India,2021-09-16
CUST01338,Jeevika Wagle,Male,pushti88@example.net,7320388817,Dehradun,West Bengal,India,2022-01-03
CUST01339,Anirudh Shere,Male,hemabhardwaj@example.org,7039614066,Nangloi Jat,Meghalaya,India,2023-02-24
CUST01340,Oliver Srinivas,Female,biswastimothy@example.org,7972337452,Mathura,Haryana,India,2025-04-01
CUST01341,Sanya Dave,Female,krishkhalsa@example.com,0068423551,Gorakhpur,Meghalaya,India,2023-12-07
CUST01342,Adweta Toor,Female,udani@example.org,6601684693,Ratlam,Maharashtra,India,2024-05-29
CUST01343,Chaman Grewal,Female,lparikh@example.com,0609548516,Narasaraopet,Telangana,India,2025-11-06
CUST01344,Nathan Sarin,Female,aahana18@example.net,3821386024,Asansol,Tamil Nadu,India,2023-03-13
CUST01345,Dipta Salvi,Female,bbatra@example.net,1665418750,Nashik,Meghalaya,India,2024-12-26
CUST01346,Dakshesh Master,Male,egolla@example.net,4088760537,Bhavnagar,Assam,India,2024-01-31
CUST01347,Farhan Sandhu,Female,anneorinder@example.org,0344427352,Thiruvananthapuram,Punjab,India,2024-05-25
CUST01348,Elijah Andra,Female,samakshshroff@example.com,2445669235,Ambala,Rajasthan,India,2025-11-28
CUST01349,Ekbal Keer,Male,frederick45@example.net,4482042098,Morbi,Uttar Pradesh,India,2026-07-20
CUST01350,Shaurya Tara,Female,ishwar01@example.com,3243603958,Eluru,West Bengal,India,2023-03-14
CUST01351,Ubika Parekh,Male,gamble@example.net,9852472500,Faridabad,Goa,India,2021-10-12
CUST01352,Urishilla Sidhu,Male,amritabuch@example.com,8039085345,Thiruvananthapuram,Odisha,India,2021-11-23
CUST01353,Chaaya Comar,Male,banjeetdutt@example.com,2692134044,Kurnool,Jharkhand,India,2021-08-21
CUST01354,Jairaj Kala,Male,hshukla@example.org,5016768344,Bulandshahr,Odisha,India,2024-11-19
CUST01355,Benjamin Sharma,Female,samadhruv@example.net,8495845301,Lucknow,Bihar,India,2025-11-22
CUST01356,Dakshesh Baral,Male,vartydev@example.net,2615331314,Karimnagar,Sikkim,India,2022-02-26
CUST01357,Veda Sha,Male,shankervincent@example.org,5267315861,Amravati,Bihar,India,2024-10-19
CUST01358,Dakshesh Talwar,Female,imane@example.com,7293197082,Phusro,Bihar,India,2024-04-24
CUST01359,Shivansh Parsa,Female,rehaan98@example.net,7133968819,Kottayam,Tamil Nadu,India,2024-01-24
CUST01360,Januja Chad,Female,cbhakta@example.org,9986540644,Bhubaneswar,Nagaland,India,2023-07-17
CUST01361,Charles Varghese,Female,ranbirjoshi@example.net,2978978156,Chandigarh,Meghalaya,India,2022-01-30
CUST01362,Karan Chaudhari,Female,nayakbanjeet@example.org,3180934755,Singrauli,Odisha,India,2022-10-31
CUST01363,Yatin Narang,Female,vdhar@example.org,6490173361,Fatehpur,Tripura,India,2026-05-01
CUST01364,Guneet Sarraf,Female,mbora@example.net,6366041092,Kottayam,Meghalaya,India,2022-01-14
CUST01365,Saksham Mand,Female,qluthra@example.net,5608473456,Kavali,Haryana,India,2024-09-16
CUST01366,Yochana Saxena,Male,patelsanaya@example.org,1287664232,Vellore,Meghalaya,India,2022-10-20
CUST01367,David Babu,Female,ishita75@example.org,1580051735,Kanpur,Nagaland,India,2023-07-05
CUST01368,Hitesh Mittal,Female,falan77@example.org,4841943378,Tiruchirappalli,Telangana,India,2026-06-04
CUST01369,Qasim Dugal,Female,jonathanbora@example.net,2588502104,Tirupati,Haryana,India,2026-03-30
CUST01370,Saanvi Jani,Male,gunbirbal@example.net,0418313508,Ulhasnagar,Rajasthan,India,2026-03-12
CUST01371,Udyati Chakrabarti,Female,kavya51@example.net,9927488361,South Dumdum,Himachal Pradesh,India,2025-11-23
CUST01372,Onkar Pal,Female,ushetty@example.com,9440348719,Ghaziabad,Manipur,India,2022-01-27
CUST01373,Vedika Rajagopal,Male,gmaharaj@example.net,2610379316,Phagwara,Karnataka,India,2026-02-02
CUST01374,Samesh Bhargava,Male,harishloyal@example.net,8612023441,Agra,Meghalaya,India,2022-03-13
CUST01375,Osha Roy,Male,hdyal@example.net,2135841015,Vellore,Maharashtra,India,2024-07-17
CUST01376,Yamini Goda,Female,shahhemangini@example.com,4009701101,Kharagpur,Jharkhand,India,2024-06-23
CUST01377,Qadim Boase,Male,goswamichaman@example.org,8237217689,Bhatpara,Tamil Nadu,India,2025-08-15
CUST01378,Janya Mistry,Female,patrick84@example.com,5731612069,Avadi,Rajasthan,India,2021-10-20
CUST01379,Ronith Jayaraman,Female,chaaya49@example.com,8874795356,Morena,Meghalaya,India,2026-03-30
CUST01380,Omaja Sagar,Female,fmital@example.org,9521883688,Vijayawada,Chhattisgarh,India,2026-05-10
CUST01381,Nimrat Ramakrishnan,Female,triveni63@example.net,6168922306,Nagpur,Mizoram,India,2023-06-07
CUST01382,Priya Bhakta,Female,vihaan93@example.com,1827921969,Bangalore,Rajasthan,India,2023-05-18
CUST01383,Noah Bakshi,Female,yutika21@example.org,4275973309,Mehsana,Chhattisgarh,India,2023-07-19
CUST01384,Laban Sodhi,Male,daliaisaac@example.net,3297185585,Hosur,Maharashtra,India,2022-12-22
CUST01385,Jagdish Naik,Female,vvala@example.org,6310554471,Gudivada,Assam,India,2025-02-28
CUST01386,Nikita Nazareth,Female,banerjeeudant@example.net,7337596236,Gulbarga,Tamil Nadu,India,2024-02-03
CUST01387,Thomas Sangha,Female,manya85@example.net,7893967580,Siwan,Uttar Pradesh,India,2025-06-27
CUST01388,Neel Grover,Female,sahaanay@example.com,5013768156,Bhilwara,Uttar Pradesh,India,2024-08-29
CUST01389,Chakradev Kashyap,Male,unnatibal@example.net,7597871430,Bangalore,Nagaland,India,2021-09-15
CUST01390,Anita Mishra,Male,janaki54@example.com,2074836232,Ujjain,Kerala,India,2022-06-08
CUST01391,Caleb Dubey,Female,benjaminatwal@example.org,4086674699,Panihati,Kerala,India,2022-02-18
CUST01392,Yauvani Vohra,Male,anamikasaini@example.com,3779902549,Varanasi,Karnataka,India,2023-07-12
CUST01393,Orinder Raghavan,Female,hsankaran@example.org,4893404470,Ambala,Sikkim,India,2022-08-28
CUST01394,Liam Shan,Male,tkakar@example.com,0768049057,Vellore,Madhya Pradesh,India,2021-12-04
CUST01395,George Sahni,Female,warhidutt@example.net,3229401233,Fatehpur,Uttar Pradesh,India,2024-01-21
CUST01396,Naveen Brahmbhatt,Female,ekaja80@example.net,4794828405,Malda,Himachal Pradesh,India,2023-05-08
CUST01397,Hardik Shenoy,Female,tristanoza@example.com,9919525135,Shahjahanpur,Karnataka,India,2025-02-21
CUST01398,Pooja Bhat,Female,jhalakkapadia@example.com,4063379614,Pimpri-Chinchwad,Uttarakhand,India,2025-08-15
CUST01399,Vanya Raghavan,Female,ekavir80@example.com,6304599627,Ozhukarai,Uttar Pradesh,India,2024-04-26
CUST01400,Luke Lad,Male,paichandresh@example.net,9774776687,Rohtak,Maharashtra,India,2025-10-03
CUST01401,Unnati Khatri,Female,aghose@example.com,5328652497,Mumbai,Gujarat,India,2021-12-04
CUST01402,Dhruv Ratta,Male,baghyawatiapte@example.com,0924967368,Dehradun,Gujarat,India,2021-10-02
CUST01403,Bhavna Vala,Male,jeremiah78@example.org,2321750565,Gudivada,Uttar Pradesh,India,2025-10-16
CUST01404,Upasna Sachdeva,Female,manthanbatta@example.net,9772105655,Bhopal,Haryana,India,2022-11-18
CUST01405,Yashvi Kohli,Male,mdeshmukh@example.net,9724326652,Nangloi Jat,Goa,India,2026-03-01
CUST01406,Vasudha Tata,Male,brinda44@example.org,5545958225,Hubli–Dharwad,Chhattisgarh,India,2024-04-17
CUST01407,Tejas Naik,Female,sanghawarinder@example.com,0202889295,Durg,Chhattisgarh,India,2024-09-20
CUST01408,Timothy Puri,Male,jainucchal@example.org,0714046493,Tadepalligudem,Tripura,India,2023-11-19
CUST01409,Nathaniel Nigam,Female,ytata@example.org,9215584245,Giridih,Nagaland,India,2021-10-10
CUST01410,Radhika Sanghvi,Male,cwalla@example.org,4700347159,Panvel,West Bengal,India,2024-03-03
CUST01411,Isha Pingle,Female,atichaudry@example.com,9771112926,Amroha,Sikkim,India,2026-07-23
CUST01412,Vedhika Andra,Male,shanzarna@example.org,0866102633,Adoni,Manipur,India,2025-04-30
CUST01413,Ati Sachar,Male,bhavani83@example.org,2698421123,Kumbakonam,Haryana,India,2022-04-15
CUST01414,Krishna Memon,Female,wsrinivas@example.org,4091061345,Tadipatri,Himachal Pradesh,India,2026-03-22
CUST01415,Dev Varma,Female,sethiwarinder@example.org,1609707238,Dharmavaram,Himachal Pradesh,India,2023-04-30
CUST01416,Anmol Singh,Male,rajagopaladweta@example.net,2755564699,Raichur,Rajasthan,India,2026-02-19
CUST01417,Damini Grover,Male,nandinikonda@example.net,9193606735,Nagaon,Telangana,India,2022-09-10
CUST01418,Dev Doctor,Male,xben@example.org,3975599287,Burhanpur,Andhra Pradesh,India,2024-10-05
CUST01419,Saanvi Krishnamurthy,Male,kritikasama@example.com,0924864080,Ichalkaranji,Maharashtra,India,2025-02-09
CUST01420,Deepa Parikh,Female,udoshi@example.org,0536968243,Ambarnath,Maharashtra,India,2024-12-25
CUST01421,Balveer Walia,Female,wazirbehl@example.org,0160717668,Ranchi,Tamil Nadu,India,2026-01-26
CUST01422,Benjamin Chakrabarti,Male,nidhi12@example.net,1815241443,Kota,Uttarakhand,India,2026-02-19
CUST01423,Bishakha Naik,Male,zmangat@example.com,3562402361,Bahraich,Bihar,India,2023-10-18
CUST01424,Samesh Bhattacharyya,Female,dpant@example.org,8244280992,Bardhaman,Telangana,India,2026-04-17
CUST01425,Frado Nagi,Male,pallavi30@example.net,7019866782,Proddatur,Maharashtra,India,2022-07-21
CUST01426,Zarna Mangal,Female,mitalgunbir@example.net,4171884286,Muzaffarnagar,Sikkim,India,2023-05-04
CUST01427,Jagat Naik,Male,msolanki@example.net,7121570746,Kota,Chhattisgarh,India,2026-06-27
CUST01428,Avi Vaidya,Female,chandanihans@example.net,1273713498,Satara,West Bengal,India,2026-04-17
CUST01429,Inaya Sathe,Female,yutikasandal@example.com,8312984700,Bikaner,Uttarakhand,India,2026-04-12
CUST01430,Omkaar Verma,Female,yvasa@example.org,1373604601,Siwan,Gujarat,India,2025-06-29
CUST01431,Harita Jaggi,Male,ibhatia@example.com,9193739749,Farrukhabad,Manipur,India,2022-11-08
CUST01432,Kashish Chaudhry,Female,aayushrama@example.com,0146837543,Hindupur,Gujarat,India,2022-06-25
CUST01433,Falan Dani,Female,borraaishani@example.org,1892684103,Pali,Bihar,India,2023-04-03
CUST01434,Netra Prabhu,Male,ekta24@example.org,6125496005,Satara,Andhra Pradesh,India,2022-04-19
CUST01435,Laban Som,Male,laksh00@example.com,3760971504,Jammu,Goa,India,2023-10-29
CUST01436,Aachal Edwin,Male,vohramatthew@example.net,2690270263,Giridih,Chhattisgarh,India,2023-06-09
CUST01437,Bhavna Prashad,Male,lajitawable@example.net,7503733718,Kumbakonam,Himachal Pradesh,India,2022-05-03
CUST01438,Tanvi Mitter,Male,bhattijagvi@example.net,9031710005,Bhavnagar,Arunachal Pradesh,India,2024-10-07
CUST01439,Harshil Dutta,Male,owadhwa@example.net,6361939778,Hazaribagh,Odisha,India,2025-04-23
CUST01440,Edhitha Upadhyay,Female,rayaan96@example.net,3568933451,Raiganj,Sikkim,India,2025-06-19
CUST01441,Yashvi Balay,Female,balayedhitha@example.org,7154723105,Tumkur,Jharkhand,India,2026-06-03
CUST01442,Charles Sekhon,Male,sachdevayachana@example.net,7668436780,Anand,West Bengal,India,2026-05-06
CUST01443,Dhruv Barad,Female,farhan24@example.net,8577706392,Hapur,Uttarakhand,India,2025-08-12
CUST01444,Adweta Bhatia,Male,jbahri@example.org,7848330312,Amravati,Haryana,India,2022-10-15
CUST01445,Megha Pandya,Male,jagat64@example.org,9370982127,Nizamabad,Gujarat,India,2026-04-03
CUST01446,Unni Sangha,Female,farajgaba@example.org,7144254601,Bokaro,Haryana,India,2025-09-02
CUST01447,Hritik Narang,Male,ndeep@example.net,1004296814,Dhule,West Bengal,India,2025-03-15
CUST01448,Jackson Mann,Female,xgandhi@example.com,8180428510,Mira-Bhayandar,Haryana,India,2023-04-30
CUST01449,William Sarkar,Male,ibora@example.com,7456098629,Medininagar,Himachal Pradesh,India,2024-04-22
CUST01450,Rachit Sinha,Female,ebhattacharyya@example.com,6098795280,Jabalpur,Tripura,India,2023-07-10
CUST01451,Lila More,Male,sanayanagarajan@example.com,2868834540,Saharanpur,Sikkim,India,2026-05-11
CUST01452,Advaith Savant,Female,vyassathvik@example.net,0065155243,Dindigul,Andhra Pradesh,India,2023-08-08
CUST01453,Noah Borde,Female,dacharya@example.com,3403957156,Anantapur,Maharashtra,India,2025-05-22
CUST01454,Jatin Loke,Male,michaelbandi@example.com,8833472673,Guntur,Goa,India,2023-05-13
CUST01455,Wriddhish Madan,Male,bhavini53@example.org,9281934539,Siwan,Assam,India,2025-10-13
CUST01456,Kamya Samra,Female,sachi37@example.org,9358158993,Buxar,Meghalaya,India,2023-06-14
CUST01457,Kiaan Kadakia,Male,ekanibala@example.org,9242095229,Bally,Punjab,India,2022-03-08
CUST01458,Girik Chanda,Female,ekbal71@example.com,4524883270,Bilaspur,Andhra Pradesh,India,2022-09-13
CUST01459,Dayita Shetty,Male,sarthak14@example.com,5188310823,Thiruvananthapuram,Jharkhand,India,2022-10-23
CUST01460,Lekha Dass,Female,dateavni@example.com,0215046495,Rajpur Sonarpur,Uttarakhand,India,2025-06-27
CUST01461,Owen Nath,Female,bandicharvi@example.org,4415931446,Ambarnath,Sikkim,India,2022-06-13
CUST01462,Ijaya Viswanathan,Female,mdivan@example.com,2574093052,Srinagar,Maharashtra,India,2022-11-18
CUST01463,Sai Bahl,Male,peter63@example.net,7167010011,Naihati,Bihar,India,2022-06-03
CUST01464,Waida Khare,Female,pbarad@example.com,6595372105,Bellary,Uttar Pradesh,India,2025-10-31
CUST01465,Peter Natt,Female,tdubey@example.org,7441908327,Medininagar,Rajasthan,India,2022-03-30
CUST01466,Ikbal Chaudry,Male,fsandal@example.net,5734278202,Tadepalligudem,Meghalaya,India,2023-06-18
CUST01467,Anirudh Bakshi,Male,mchar@example.net,2145669403,Bharatpur,Madhya Pradesh,India,2023-10-22
CUST01468,Vasatika Chad,Male,dhingralaban@example.org,0836358518,Chittoor,Punjab,India,2022-09-03
CUST01469,Balvan Yogi,Male,zbhakta@example.net,2054466208,Delhi,Madhya Pradesh,India,2021-11-15
CUST01470,Dakshesh Ravi,Male,chandaradhika@example.net,2874763849,Jaunpur,Rajasthan,India,2025-11-22
CUST01471,Krish Natt,Male,lalanitesh@example.com,5296210598,Jalna,Sikkim,India,2023-08-19
CUST01472,Aradhana Gupta,Male,shivanibhat@example.com,6956645280,Kumbakonam,Chhattisgarh,India,2026-02-26
CUST01473,Ekani Bhat,Female,samakshroy@example.net,0235373285,Ongole,Bihar,India,2022-04-24
CUST01474,Nirja Morar,Female,ansh97@example.com,8820627129,Firozabad,Tamil Nadu,India,2023-05-24
CUST01475,Naksh Garg,Female,dloke@example.net,4355000380,Saharanpur,Nagaland,India,2021-10-24
CUST01476,Hardik Bose,Female,xitichopra@example.com,7828861336,Chandigarh,Rajasthan,India,2025-08-18
CUST01477,Rayaan Kalla,Male,tmisra@example.net,9143628351,Singrauli,Nagaland,India,2022-08-14
CUST01478,Vansha Bahri,Male,iryahegde@example.net,7638773610,Bhusawal,Gujarat,India,2023-10-04
CUST01479,Gauri Taneja,Female,xbaral@example.org,9557417027,Gandhidham,Rajasthan,India,2026-04-01
CUST01480,Zansi Chaudhary,Female,damyantisandal@example.org,2102267551,Visakhapatnam,West Bengal,India,2024-05-22
CUST01481,Xiti Trivedi,Female,ishatank@example.org,3681982575,Guwahati,Nagaland,India,2022-11-19
CUST01482,Manan Dalal,Male,pavanigole@example.com,4186489083,Buxar,Telangana,India,2024-08-28
CUST01483,Qarin Dhar,Female,qarinnarayanan@example.org,5974647204,Sangli-Miraj & Kupwad,Kerala,India,2023-07-18
CUST01484,Aadhya Sanghvi,Female,chanchalchand@example.com,2732478397,Sasaram,Meghalaya,India,2026-04-13
CUST01485,Falak Trivedi,Female,xlata@example.org,2026202795,Mathura,Telangana,India,2023-01-24
CUST01486,Oscar Date,Male,masonmohanty@example.net,9155467567,Guna,Punjab,India,2025-04-20
CUST01487,Upma Pillai,Female,ogulati@example.net,6433369258,Ichalkaranji,West Bengal,India,2024-01-12
CUST01488,Hamsini Wadhwa,Male,sachdevavi@example.org,2596797611,Yamunanagar,Nagaland,India,2024-05-26
CUST01489,Teerth Bajwa,Female,kapadiatimothy@example.net,4865452410,Belgaum,Manipur,India,2022-04-29
CUST01490,Meera Chauhan,Female,anthony89@example.com,7539444651,Jhansi,Punjab,India,2026-02-18
CUST01491,Xiti Bassi,Male,vasanakakar@example.com,4729967506,Bangalore,Manipur,India,2026-02-25
CUST01492,Simon Raju,Male,pallavibhardwaj@example.net,4514390741,Bangalore,Himachal Pradesh,India,2025-11-16
CUST01493,Samarth Nagarajan,Female,bsabharwal@example.org,8633355792,Farrukhabad,Chhattisgarh,India,2025-04-26
CUST01494,Manthan Oommen,Male,sinhaunnati@example.net,6690199064,Miryalaguda,Sikkim,India,2023-06-13
CUST01495,Faqid Rege,Male,ebhardwaj@example.net,8552164948,Panvel,West Bengal,India,2021-09-18
CUST01496,Ijaya Mander,Male,pallavi55@example.com,4421674089,Jorhat,Tripura,India,2022-03-16
CUST01497,Ekaja Tara,Female,wazir88@example.org,0357506023,Morena,Tamil Nadu,India,2024-11-04
CUST01498,Yochana Bhattacharyya,Female,qadimbalay@example.com,8850237962,Anand,Assam,India,2026-06-21
CUST01499,Jonathan Sama,Male,meghana41@example.com,2993126315,Hosur,Nagaland,India,2024-11-13
CUST01500,Anjali Sengupta,Male,mom@example.com,3976270875,Berhampur,Nagaland,India,2026-01-06
CUST01501,Robert Dayal,Male,dayitalal@example.net,1152629817,Kollam,Tripura,India,2026-04-08
CUST01502,Zayan Deo,Female,jagvikeer@example.com,1997672081,Morbi,Andhra Pradesh,India,2024-11-12
CUST01503,Lavanya Varghese,Female,umangacharya@example.net,7607055109,Dibrugarh,Madhya Pradesh,India,2023-11-08
CUST01504,Warjas Bahri,Female,vrittiboase@example.org,0300890528,Ramgarh,Manipur,India,2022-04-26
CUST01505,Bhavani Walla,Male,loyalvrishti@example.net,8491187499,Patna,Madhya Pradesh,India,2025-10-27
CUST01506,Nikita Narain,Female,upkaar82@example.net,8033439262,Guntur,Rajasthan,India,2026-02-12
CUST01507,Riya Suresh,Male,duttpraneel@example.com,3275233575,Rajkot,Meghalaya,India,2023-05-02
CUST01508,Pranit Raju,Female,htrivedi@example.org,1105342935,Karnal,Nagaland,India,2025-10-15
CUST01509,Ekaja Baral,Female,karpekai@example.com,5518504939,North Dumdum,Telangana,India,2023-02-18
CUST01510,Amrita Kari,Female,sekhonjanuja@example.net,6967301925,Vijayawada,Punjab,India,2022-01-15
CUST01511,Tristan Sem,Female,rishi56@example.net,1490456152,Korba,Haryana,India,2022-12-18
CUST01512,Dominic Ramachandran,Female,omishabadal@example.com,1306852009,Amroha,Tripura,India,2025-04-22
CUST01513,Neha Pandya,Male,jrai@example.com,6167522503,Khandwa,Arunachal Pradesh,India,2022-01-26
CUST01514,George Bala,Female,oborah@example.com,2382170957,Rewa,Punjab,India,2024-05-12
CUST01515,Ryan Zachariah,Male,noah71@example.com,7311541078,Burhanpur,Madhya Pradesh,India,2022-04-06
CUST01516,Karan Desai,Male,pallarayaan@example.com,8219399534,Anantapuram,Mizoram,India,2025-02-26
CUST01517,Nidra Mani,Female,tristansachdev@example.net,8340594985,Tiruchirappalli,Punjab,India,2023-01-17
CUST01518,Liam Rattan,Female,balanmax@example.net,9666964233,Ahmedabad,Haryana,India,2026-07-12
CUST01519,Tanish Balan,Male,wdivan@example.org,4961068111,Arrah,Bihar,India,2021-12-07
CUST01520,Maanav Aurora,Male,ekaja79@example.org,5457642394,Dibrugarh,Punjab,India,2025-06-05
CUST01521,Ishanvi Basak,Male,kperi@example.org,8863243681,Aizawl,Punjab,India,2025-05-29
CUST01522,Edhitha Jhaveri,Male,ojasshere@example.net,2961492239,Bulandshahr,Sikkim,India,2022-02-12
CUST01523,Anay Sawhney,Male,latavarsha@example.org,5124310112,Kozhikode,Odisha,India,2022-01-13
CUST01524,Jairaj Krishna,Female,kabirrau@example.org,8983990377,Guntakal,Tamil Nadu,India,2023-03-26
CUST01525,Yashodhara Kara,Male,yasti02@example.org,0091596056,Dharmavaram,Odisha,India,2025-01-11
CUST01526,Aditya Johal,Male,yagnesharora@example.net,6955848340,Orai,Uttarakhand,India,2023-08-29
CUST01527,Owen Kant,Female,opai@example.com,8453809661,Ahmednagar,Jharkhand,India,2025-12-31
CUST01528,Kritika Kohli,Male,vsur@example.com,7749196616,Udupi,Goa,India,2025-07-12
CUST01529,Ojas Oza,Male,siyadora@example.net,3388057607,Anantapuram,Manipur,India,2026-02-06
CUST01530,Yamini Soman,Female,jason45@example.net,5745751222,Shahjahanpur,Mizoram,India,2023-10-31
CUST01531,Zayan Dhar,Female,ryan52@example.com,7884164972,Dehradun,Kerala,India,2024-12-02
CUST01532,Daniel Sha,Female,bandilipika@example.org,5545228151,Junagadh,Bihar,India,2023-11-11
CUST01533,Advika Verma,Male,damyanti04@example.org,6863450045,Ramgarh,Bihar,India,2022-06-15
CUST01534,Samar Pal,Male,purigautam@example.com,0600445446,Gaya,Haryana,India,2021-11-09
CUST01535,Kritika Bhagat,Male,nisha94@example.net,2755371257,Firozabad,Gujarat,India,2025-06-27
CUST01536,Yamini Banerjee,Female,fchander@example.org,9134671748,Vijayanagaram,Meghalaya,India,2025-01-11
CUST01537,Bhavani Kadakia,Male,samakshkumar@example.net,1972216624,Ratlam,Tripura,India,2026-03-02
CUST01538,Dominic Sengupta,Female,tejasbhargava@example.com,8254533639,Navi Mumbai,Himachal Pradesh,India,2022-07-14
CUST01539,Vasana Ravi,Female,kamala80@example.org,0146472032,Etawah,Arunachal Pradesh,India,2025-01-30
CUST01540,Varsha Kala,Female,usathe@example.com,9915992740,Belgaum,Kerala,India,2023-11-30
CUST01541,Urvi Pillai,Female,chaitanya57@example.net,0331164983,Dharmavaram,Arunachal Pradesh,India,2026-03-14
CUST01542,Elijah Apte,Male,qborde@example.net,3312099792,Kochi,Madhya Pradesh,India,2022-02-06
CUST01543,Hemangini Reddy,Female,comarjagdish@example.org,9414869358,Chapra,Mizoram,India,2021-09-07
CUST01544,Chaitaly Choudhury,Female,george92@example.net,1246429768,Kolkata,Jharkhand,India,2024-03-14
CUST01545,Madhav Dyal,Female,nikita25@example.com,0388327892,Jaipur,Odisha,India,2025-10-18
CUST01546,Yoshita Sangha,Male,bhanumativenkataraman@example.com,0739133900,Kolhapur,Kerala,India,2024-05-02
CUST01547,Liam Bava,Female,bbail@example.org,2279320764,Bhiwandi,Kerala,India,2026-07-06
CUST01548,Eta Nadkarni,Female,ravalishita@example.net,1362576591,Erode,Haryana,India,2025-02-18
CUST01549,Lohit Arora,Female,tvyas@example.org,3669000568,Rajpur Sonarpur,Himachal Pradesh,India,2025-08-27
CUST01550,Darika Konda,Female,darpanmanda@example.com,3723349576,Salem,Chhattisgarh,India,2023-12-13
CUST01551,Parth Sankar,Female,alkachaudry@example.org,2814085990,Ongole,Assam,India,2023-05-29
CUST01552,Upkaar Mahajan,Female,jyotichoudhry@example.org,5868061619,Motihari,Madhya Pradesh,India,2025-09-27
CUST01553,Prisha Kakar,Male,cray@example.com,4077798112,Jehanabad,Himachal Pradesh,India,2023-04-14
CUST01554,Barkha Das,Female,mgokhale@example.net,2153756612,Bikaner,Manipur,India,2024-11-04
CUST01555,Kabir Dubey,Female,mason63@example.org,2011456654,Etawah,West Bengal,India,2022-03-06
CUST01556,Aarnav Rajagopalan,Female,nayargirik@example.com,7017452355,Tenali,Arunachal Pradesh,India,2023-12-16
CUST01557,Radha Arya,Male,varenya81@example.org,0404665308,Munger,Sikkim,India,2024-08-02
CUST01558,William Narula,Female,yochanasharma@example.com,5139370880,Proddatur,Tripura,India,2023-08-06
CUST01559,Agastya Misra,Male,champak82@example.com,4941972979,Jehanabad,Odisha,India,2025-11-01
CUST01560,Pratyush Varughese,Female,vincent12@example.org,6137410978,Tumkur,Bihar,India,2024-11-05
CUST01561,Zashil Zachariah,Male,ekantika87@example.org,0371037618,Srikakulam,Andhra Pradesh,India,2024-05-08
CUST01562,Aradhana Seth,Female,dhillonadya@example.net,2467738722,Madanapalle,Mizoram,India,2022-08-25
CUST01563,Ayaan Batta,Female,samilakshit@example.org,9609110393,Amravati,Rajasthan,India,2026-04-05
CUST01564,Deepa Saraf,Male,chaayarau@example.org,4957710479,Ambarnath,Odisha,India,2022-11-24
CUST01565,Ekta Kaur,Male,ranveerbora@example.com,8422781439,Tiruchirappalli,Tripura,India,2022-12-30
CUST01566,Xiti Sodhi,Female,tgarde@example.com,4685947039,Navi Mumbai,Assam,India,2021-11-08
CUST01567,Tanmayi Narasimhan,Male,sacharjack@example.org,8147265875,Akola,Gujarat,India,2024-12-11
CUST01568,Warda Bhavsar,Male,apatel@example.net,4242350639,Nanded,Arunachal Pradesh,India,2022-09-12
CUST01569,Ikbal Murthy,Male,aryatimothy@example.org,4401970546,Ramagundam,Assam,India,2025-08-01
CUST01570,Vrinda Bir,Female,athakkar@example.org,0694607039,Farrukhabad,Kerala,India,2026-03-13
CUST01571,Matthew Sandal,Male,pgoda@example.org,4262827439,Panvel,Rajasthan,India,2021-08-18
CUST01572,Chakradhar Joshi,Female,charan17@example.com,7087594083,Belgaum,Bihar,India,2025-07-08
CUST01573,Pavani Bhakta,Female,xchaudhari@example.net,3477459677,Bhimavaram,Maharashtra,India,2025-10-12
CUST01574,Andrew Warrior,Male,dev68@example.org,7296256900,Delhi,Tripura,India,2023-10-06
CUST01575,Samuel Chahal,Male,dubeyrohan@example.org,8534363673,Kavali,Madhya Pradesh,India,2023-10-12
CUST01576,Zaitra Sarraf,Female,zsarraf@example.org,3607967012,Bidar,Tamil Nadu,India,2024-05-04
CUST01577,Wakeeta Sunder,Male,libnirattan@example.org,6301764226,Chennai,Goa,India,2022-06-02
CUST01578,Ekapad Barman,Male,tbhagat@example.org,1613161429,Shimla,Bihar,India,2024-12-12
CUST01579,Advik Dara,Male,shaurya87@example.net,2586021862,Karnal,Manipur,India,2025-07-09
CUST01580,Anirudh Balan,Female,maya27@example.net,2959249913,Erode,Gujarat,India,2025-04-28
CUST01581,Neelima Karan,Male,zmane@example.org,4701034228,Guwahati,Himachal Pradesh,India,2022-09-12
CUST01582,Logan Barman,Male,warjas38@example.com,6392758064,Ranchi,Odisha,India,2025-08-01
CUST01583,Guneet Bhatia,Male,purohitraagini@example.org,1907622668,Jodhpur,Sikkim,India,2024-06-02
CUST01584,Jai Dara,Female,vedantsagar@example.com,3712779488,Haldia,Punjab,India,2023-04-16
CUST01585,Jacob Srivastava,Female,vinayabhagat@example.net,8444836349,Rourkela,Meghalaya,India,2024-04-06
CUST01586,Yashawini Thaman,Female,harini61@example.net,9038272694,Vijayanagaram,Arunachal Pradesh,India,2024-09-20
CUST01587,Samuel Varma,Male,jonathan08@example.com,6425337223,Ambattur,Rajasthan,India,2021-07-24
CUST01588,Imaran Lanka,Male,ladmason@example.net,8320554211,Guwahati,Punjab,India,2023-01-14
CUST01589,Zilmil Rastogi,Male,chegde@example.org,0744415138,Saharanpur,Assam,India,2025-04-30
CUST01590,Yashasvi Prashad,Female,vigsaanvi@example.net,9608462987,Gwalior,Mizoram,India,2024-09-20
CUST01591,Aashi Menon,Female,vmisra@example.org,5286428864,Hindupur,Maharashtra,India,2023-12-02
CUST01592,Theodore Nair,Female,eiravati24@example.com,0025999604,Chandrapur,Tripura,India,2022-12-26
CUST01593,Jagrati Kara,Male,chandani15@example.com,1074736779,Haldia,Assam,India,2024-04-30
CUST01594,Omya Sathe,Male,jhalakpingle@example.net,2309971891,Sangli-Miraj & Kupwad,Rajasthan,India,2022-06-01
CUST01595,Watika Yadav,Male,yashvi95@example.net,2596229343,Raiganj,Odisha,India,2021-11-29
CUST01596,Harshil Sule,Female,urishilla30@example.net,3587400721,Kottayam,Nagaland,India,2023-10-27
CUST01597,Baljiwan Prakash,Female,masonchad@example.net,4637845556,Lucknow,Assam,India,2025-12-31
CUST01598,Faras Ghose,Male,kadakiapranav@example.com,8746892900,Berhampore,Tamil Nadu,India,2025-03-27
CUST01599,Viraj Kala,Female,srinivasankashish@example.com,7876453665,Imphal,Andhra Pradesh,India,2023-11-17
CUST01600,Veda Brar,Female,irya11@example.org,1083977515,Miryalaguda,Karnataka,India,2023-11-27
CUST01601,Damini Kunda,Male,oshaprasad@example.com,8534736383,Tinsukia,Rajasthan,India,2024-09-20
CUST01602,Urvi Das,Male,udyati55@example.com,2828584128,Jabalpur,Bihar,India,2025-04-04
CUST01603,Meera Chander,Male,kashish61@example.net,9307366779,Gudivada,Nagaland,India,2022-04-29
CUST01604,Naksh Shah,Male,jeetshan@example.com,3426076180,Dindigul,Chhattisgarh,India,2025-11-10
CUST01605,Sai Varty,Male,omkaar08@example.org,0866004178,Srikakulam,Tamil Nadu,India,2024-07-15
CUST01606,Liam Tiwari,Male,karsaksham@example.com,3118388650,Bhusawal,Punjab,India,2024-04-26
CUST01607,Nisha Pathak,Male,madhav62@example.com,4122620870,Adoni,Tamil Nadu,India,2023-08-29
CUST01608,Ladli Sridhar,Male,charan49@example.com,5690098067,Warangal,Haryana,India,2021-10-05
CUST01609,Forum Munshi,Male,ikshitakaul@example.org,5034046562,Sasaram,Bihar,India,2024-10-03
CUST01610,Advay Kadakia,Female,handasai@example.net,5940541705,Nadiad,Telangana,India,2025-06-13
CUST01611,Shaurya Barman,Male,rachitchakrabarti@example.net,1688981484,Tadipatri,Assam,India,2025-09-15
CUST01612,Zansi Bobal,Male,vinayajhaveri@example.com,6924125627,Aligarh,Madhya Pradesh,India,2023-09-11
CUST01613,Adweta Sunder,Male,chackomaya@example.net,7274988467,Bettiah,Maharashtra,India,2021-09-02
CUST01614,Guneet Kanda,Male,wriddhishkhare@example.org,5255351499,Jodhpur,Jharkhand,India,2026-07-05
CUST01615,Darsh Vala,Female,ekantika85@example.com,7013478524,Bhilai,Uttarakhand,India,2021-11-26
CUST01616,Nidra Devan,Female,zbose@example.com,3594871283,Mehsana,Rajasthan,India,2024-03-21
CUST01617,Jhalak Dhar,Male,chakrabartisimon@example.net,5529782673,Nashik,Gujarat,India,2022-02-23
CUST01618,Xalak Varghese,Male,dewanvritti@example.org,4515844879,Solapur,Meghalaya,India,2021-08-04
CUST01619,Jeet Vaidya,Male,soodgaurang@example.net,7192274718,Gurgaon,Odisha,India,2022-09-14
CUST01620,Umang Sachar,Male,ridhichaudhari@example.net,6959375964,Ratlam,Haryana,India,2022-03-14
CUST01621,Isha Divan,Male,prisha94@example.org,2048405347,Allahabad,Madhya Pradesh,India,2024-02-22
CUST01622,Kala Tripathi,Male,ksagar@example.org,1091499226,Gulbarga,Assam,India,2022-06-18
CUST01623,Bhanumati Pai,Female,jkhatri@example.com,1488985513,Bathinda,Arunachal Pradesh,India,2021-12-21
CUST01624,Praneel Ray,Female,urvashisani@example.com,7543609394,Ludhiana,Gujarat,India,2023-05-14
CUST01625,Charita Hayre,Female,cheemaharini@example.net,7902936904,Jabalpur,Andhra Pradesh,India,2026-03-09
CUST01626,Isaiah Thaman,Male,minhaskashish@example.com,3040878330,Navi Mumbai,Meghalaya,India,2024-06-17
CUST01627,Siya Chaudry,Male,balvan68@example.org,6855842282,Tadipatri,Rajasthan,India,2023-08-25
CUST01628,Gaurangi Grewal,Male,vinayakhalsa@example.org,0362327688,Sangli-Miraj & Kupwad,Telangana,India,2024-12-06
CUST01629,Mitesh Jayaraman,Male,chakrikachokshi@example.com,2089476794,Uluberia,Sikkim,India,2023-08-23
CUST01630,Samar Nagy,Female,harshkrishnamurthy@example.net,0181448258,Tezpur,Bihar,India,2026-07-09
CUST01631,Nathan Gade,Male,vgolla@example.com,5741118877,Raipur,Karnataka,India,2026-07-23
CUST01632,Oni Behl,Male,chakrabortyharita@example.org,5182474176,Katihar,Rajasthan,India,2024-03-02
CUST01633,Yashawini Sahni,Male,tpurohit@example.net,0857970369,Motihari,Jharkhand,India,2025-07-04
CUST01634,Nidra Chauhan,Female,hmuni@example.org,7566613105,Amaravati,West Bengal,India,2023-07-21
CUST01635,Rachita Manda,Male,vnayar@example.com,4474859931,Chittoor,Maharashtra,India,2021-09-11
CUST01636,Bakhshi Hayre,Female,unarayan@example.org,9640212083,Ramgarh,Madhya Pradesh,India,2023-07-19
CUST01637,Amaira Kashyap,Female,agastyapatil@example.net,4313135983,Suryapet,Maharashtra,India,2026-04-11
CUST01638,Janaki Pillai,Male,unnatichawla@example.com,5358829758,Visakhapatnam,Gujarat,India,2021-07-24
CUST01639,Aashi Talwar,Female,chackosaumya@example.net,2717941885,Jaunpur,Tripura,India,2025-09-19
CUST01640,Fitan Wadhwa,Female,indrajitjohal@example.net,8372559680,Tiruchirappalli,Andhra Pradesh,India,2024-07-02
CUST01641,Chaitaly Kulkarni,Male,chandransinghal@example.com,0288585735,Navi Mumbai,Madhya Pradesh,India,2024-09-01
CUST01642,Ekaja Vohra,Female,janaki90@example.net,3652998328,Gulbarga,Uttar Pradesh,India,2022-09-29
CUST01643,Advik Ratti,Female,adya77@example.net,5922317047,Bhiwandi,Mizoram,India,2023-10-16
CUST01644,Simon Singhal,Female,niteshbaral@example.org,6829484115,Hajipur,Uttarakhand,India,2026-03-21
CUST01645,William Bhalla,Male,lmerchant@example.com,0336979293,Nagercoil,Andhra Pradesh,India,2023-03-11
CUST01646,Hamsini Krishnamurthy,Female,imandal@example.org,5212079770,Bahraich,Goa,India,2024-12-25
CUST01647,Mitesh Dhillon,Female,atharvlal@example.net,2885494117,New Delhi,Assam,India,2021-12-14
CUST01648,Gautam Shanker,Female,ayushmankapoor@example.org,5898231715,Tiruvottiyur,Meghalaya,India,2023-10-04
CUST01649,Baljiwan Naidu,Female,harish95@example.com,4032969711,Tirunelveli,Odisha,India,2023-05-24
CUST01650,Chatresh Joshi,Female,qushi05@example.org,9282887279,Nanded,Punjab,India,2025-02-19
CUST01651,Oviya Kuruvilla,Male,yahvisandhu@example.net,1655188638,Gudivada,Tamil Nadu,India,2024-12-03
CUST01652,Rajeshri Srinivasan,Female,mason87@example.net,1620389408,Varanasi,Gujarat,India,2021-09-30
CUST01653,Ekani Nigam,Female,dipta21@example.net,4653824992,Dindigul,Maharashtra,India,2023-10-20
CUST01654,Chandran Dalal,Male,kamyaraghavan@example.org,1322812615,Ozhukarai,Gujarat,India,2024-02-02
CUST01655,Vasana Shukla,Female,vmanne@example.org,7078599792,Ahmedabad,Tripura,India,2023-11-15
CUST01656,Neelima Mahal,Male,warhi56@example.com,8660641326,Thrissur,Arunachal Pradesh,India,2021-12-08
CUST01657,Jagrati Goda,Male,ekantarajan@example.org,3235847657,Hazaribagh,Punjab,India,2022-08-06
CUST01658,Bhavika Bhargava,Male,sneha25@example.net,8769639371,Purnia,Odisha,India,2026-05-09
CUST01659,Upasna Mitter,Female,narayanazaan@example.com,2494971486,Varanasi,West Bengal,India,2026-05-03
CUST01660,Riya Brahmbhatt,Female,juppal@example.com,6703925548,Bhopal,Haryana,India,2022-12-30
CUST01661,Fiyaz Solanki,Female,rpurohit@example.org,0599946163,Kota,Haryana,India,2024-07-11
CUST01662,Alexander Agrawal,Male,dugarniharika@example.com,2775856119,Srinagar,Goa,India,2022-09-19
CUST01663,Krishna Dani,Male,uchada@example.net,6349006847,Begusarai,Nagaland,India,2022-04-08
CUST01664,Saumya Choudhry,Male,bhavanibiswas@example.com,4903000243,Chinsurah,Himachal Pradesh,India,2024-04-02
CUST01665,Lucky Anand,Female,balveer55@example.com,7790728872,North Dumdum,Tamil Nadu,India,2024-10-05
CUST01666,Sneha Bora,Male,xlanka@example.com,1310341147,Malegaon,Meghalaya,India,2022-07-10
CUST01667,Hamsini Mallick,Female,sara80@example.com,5746153124,Suryapet,Uttarakhand,India,2023-06-04
CUST01668,Upkaar Kara,Female,urvashiom@example.net,7469074435,Navi Mumbai,Tamil Nadu,India,2023-05-27
CUST01669,Champak Kala,Female,hnarang@example.com,1167257604,Nellore,Nagaland,India,2023-12-23
CUST01670,Tamanna Borde,Female,maanasyogi@example.org,0121753537,Delhi,Rajasthan,India,2024-01-20
CUST01671,Harita Lata,Male,kbalasubramanian@example.org,2902332203,Mehsana,Bihar,India,2024-10-24
CUST01672,Anirudh Krish,Female,joshua39@example.org,4166192826,Muzaffarpur,Goa,India,2024-01-01
CUST01673,Ira Goswami,Male,onirajagopal@example.com,8259807991,Ujjain,Odisha,India,2025-07-11
CUST01674,Yashasvi Kulkarni,Male,nkhare@example.org,0307350087,Unnao,Madhya Pradesh,India,2022-07-07
CUST01675,Januja Garde,Female,leela77@example.org,8963901511,Srikakulam,Tamil Nadu,India,2022-04-05
CUST01676,Anvi Mishra,Male,devika78@example.com,8473823029,Kakinada,Chhattisgarh,India,2021-09-27
CUST01677,Hemal Bal,Male,chadhajairaj@example.com,8298841731,Thrissur,Madhya Pradesh,India,2022-04-09
CUST01678,Logan Behl,Male,advikaparsa@example.com,7194060303,Tinsukia,Manipur,India,2023-04-17
CUST01679,Mahika Nair,Female,bsem@example.com,3601152149,Jehanabad,Haryana,India,2023-12-04
CUST01680,Peter Kuruvilla,Female,schaudhari@example.net,0544261398,Ongole,Sikkim,India,2024-01-07
CUST01681,Shravya Sem,Female,madanvedika@example.net,5888348815,Alwar,Kerala,India,2025-07-19
CUST01682,Aadhya Chhabra,Female,suhani99@example.org,0252544613,Mehsana,Chhattisgarh,India,2026-02-23
CUST01683,Arin Sidhu,Female,royirya@example.org,5625626223,Gaya,Uttarakhand,India,2024-12-18
CUST01684,Vinaya Talwar,Male,pushtihari@example.com,5539062309,Chittoor,Kerala,India,2022-02-27
CUST01685,Yahvi Chander,Male,sacharmaya@example.org,3230417931,Satara,Himachal Pradesh,India,2022-10-18
CUST01686,Ishani Roy,Male,girik74@example.org,0489816366,Bellary,Goa,India,2023-12-22
CUST01687,Matthew Datta,Female,kumaraachal@example.net,2822148892,Malegaon,Nagaland,India,2024-12-27
CUST01688,Kiaan Kumer,Male,vchahal@example.com,3298604560,Bikaner,Nagaland,India,2023-03-18
CUST01689,Vansha Sridhar,Female,taraksankaran@example.org,9093527516,Korba,Jharkhand,India,2024-05-23
CUST01690,Timothy Sathe,Female,wakeeta90@example.com,4793924144,Satara,Karnataka,India,2023-08-15
CUST01691,Krishna Virk,Female,khoslakashish@example.net,8338050297,Vijayanagaram,Haryana,India,2021-12-15
CUST01692,Lopa Padmanabhan,Male,qabil76@example.com,9357358862,Madurai,Manipur,India,2022-06-01
CUST01693,Divya Pai,Female,broy@example.com,9322784680,Ongole,Tamil Nadu,India,2022-08-26
CUST01694,Daksha Dhar,Female,upatla@example.net,0154322606,Davanagere,Uttarakhand,India,2023-03-22
CUST01695,Madhav Barman,Female,chavvi40@example.net,0010536503,Bellary,Odisha,India,2023-07-28
CUST01696,Vanya Boase,Male,gollachakradev@example.net,2268970798,Tirunelveli,Uttar Pradesh,India,2026-07-05
CUST01697,Hamsini Subramaniam,Female,wyattradhakrishnan@example.org,7065446295,Barasat,Manipur,India,2025-06-02
CUST01698,Ikbal Wagle,Male,dewananamika@example.net,9442415870,Madhyamgram,Madhya Pradesh,India,2022-04-12
CUST01699,Niharika Ganguly,Female,hpatel@example.org,8703817388,Vellore,Odisha,India,2022-10-05
CUST01700,Onveer Shere,Male,sagarwal@example.net,8325224543,Panihati,Jharkhand,India,2025-04-29
CUST01701,Dhriti Chawla,Female,radhika33@example.org,0277453880,Khandwa,Punjab,India,2022-06-29
CUST01702,Robert Jha,Female,ishita68@example.org,8351674403,Bhiwani,Bihar,India,2025-01-14
CUST01703,Anika Dhar,Female,ekajagera@example.net,4840485501,Thiruvananthapuram,Mizoram,India,2022-11-13
CUST01704,Gopal Jain,Male,gopalmerchant@example.org,1852171394,Shivpuri,Tamil Nadu,India,2021-09-30
CUST01705,Rayaan Kannan,Female,ekiyamagar@example.net,4168410082,Bhusawal,Uttarakhand,India,2022-07-10
CUST01706,David Sarraf,Female,sathvik43@example.net,0347727920,Dhanbad,Goa,India,2021-07-28
CUST01707,Garima Lala,Male,golahemal@example.net,3901860114,Kolkata,Andhra Pradesh,India,2025-12-26
CUST01708,Indali Sagar,Male,hredhaan48@example.com,9489949419,Amroha,Madhya Pradesh,India,2025-09-23
CUST01709,Rohan Pant,Female,vincent38@example.com,9945813373,Chennai,Andhra Pradesh,India,2026-02-25
CUST01710,Forum Bava,Female,geetikakaul@example.net,2246961628,Silchar,Gujarat,India,2022-08-13
CUST01711,Isaiah Seshadri,Male,saranfrederick@example.com,3649954664,Bahraich,Gujarat,India,2024-10-17
CUST01712,Vihaan Chawla,Male,lekhanaidu@example.net,5033761408,Ichalkaranji,Sikkim,India,2021-10-15
CUST01713,Leena Kothari,Female,cswaminathan@example.com,0703421538,Navi Mumbai,Sikkim,India,2025-09-03
CUST01714,Wakeeta Bora,Male,tanish02@example.net,4818181362,Adoni,Madhya Pradesh,India,2024-03-16
CUST01715,Pratyush Chahal,Male,amarasankar@example.org,8020995902,Solapur,Haryana,India,2024-06-22
CUST01716,Indira Reddy,Female,akshay61@example.org,4867861674,Ajmer,Andhra Pradesh,India,2025-02-17
CUST01717,Lavanya Prakash,Female,dugalpahal@example.net,5528371429,Avadi,Sikkim,India,2025-06-03
CUST01718,Vanya Tella,Female,paiira@example.com,0515093520,Gandhidham,Tamil Nadu,India,2025-08-13
CUST01719,Dalaja Mannan,Male,unnatibhandari@example.com,7214994494,Bongaigaon,Assam,India,2022-12-02
CUST01720,Pranit Saha,Male,ddin@example.org,7819336546,Jaunpur,Tamil Nadu,India,2024-06-27
CUST01721,Eshana Varty,Female,omisha77@example.net,9380990303,Dindigul,Meghalaya,India,2021-08-29
CUST01722,Dalbir Raja,Male,gvarghese@example.com,7832441118,Begusarai,Goa,India,2024-10-04
CUST01723,Tanay Vyas,Male,janaki91@example.com,9452883331,Vadodara,Gujarat,India,2023-09-27
CUST01724,Hemangini Bhat,Female,zansi44@example.net,4931872886,Muzaffarpur,Goa,India,2024-06-14
CUST01725,Rajata Aggarwal,Female,faqidbabu@example.com,1137043749,Ozhukarai,Madhya Pradesh,India,2024-05-14
CUST01726,Ekantika Rastogi,Female,samralaban@example.org,4800218676,Naihati,Punjab,India,2022-05-05
CUST01727,Jhalak Chad,Male,aryachawla@example.com,5272543278,Jamalpur,Tamil Nadu,India,2024-09-26
CUST01728,Nitesh Viswanathan,Female,qlad@example.net,0829620200,Maheshtala,Uttar Pradesh,India,2025-01-05
CUST01729,Pavani Panchal,Male,bdasgupta@example.net,8233250229,Siwan,Arunachal Pradesh,India,2024-09-10
CUST01730,Vedhika Saini,Male,spalla@example.net,6574615292,Kirari Suleman Nagar,Haryana,India,2021-11-12
CUST01731,Ranbir Guha,Female,yram@example.net,7063735221,Agartala,Chhattisgarh,India,2022-06-30
CUST01732,Tejas Jani,Female,upant@example.com,8400499375,Dharmavaram,Nagaland,India,2024-01-18
CUST01733,Forum Ganesh,Female,narasimhanqushi@example.net,2336512120,Katni,Assam,India,2024-08-17
CUST01734,Warjas Roy,Female,ekanisingh@example.com,8091325297,Aizawl,Uttarakhand,India,2025-07-29
CUST01735,Watika Thakur,Male,ramanadya@example.net,1236765994,Kamarhati,Jharkhand,India,2024-12-21
CUST01736,George Patla,Male,ijaya83@example.org,8512294371,Maheshtala,Meghalaya,India,2021-10-18
CUST01737,Lucky Solanki,Female,ayushmanmitter@example.com,1998730929,Aizawl,Mizoram,India,2023-12-19
CUST01738,Om Hora,Female,hemalsuresh@example.com,2832234946,Proddatur,Karnataka,India,2024-08-27
CUST01739,Sachi Dar,Female,anyashenoy@example.net,3539164994,Guna,Tamil Nadu,India,2021-11-08
CUST01740,Harish Bahri,Male,aarnavarya@example.com,3395677107,Pondicherry,Odisha,India,2023-11-11
CUST01741,Warinder Naidu,Female,gaurangrajagopal@example.org,0065342667,Kota,Tamil Nadu,India,2024-03-28
CUST01742,Adya Oak,Male,tarakmahajan@example.org,3691523139,Eluru,Maharashtra,India,2022-08-11
CUST01743,Tamanna Garg,Male,morarnathaniel@example.net,8996755016,Shimoga,Tamil Nadu,India,2024-08-06
CUST01744,Ayush Rama,Female,gourteerth@example.net,8478365266,Maheshtala,Himachal Pradesh,India,2022-01-24
CUST01745,Kritika Prabhu,Female,cgill@example.org,5211715255,Motihari,Maharashtra,India,2022-01-08
CUST01746,Frado Luthra,Male,mekhalatak@example.net,1820284664,Narasaraopet,Kerala,India,2024-04-06
CUST01747,Devika Varty,Female,lallchaaya@example.net,2385206348,Malegaon,Arunachal Pradesh,India,2022-06-02
CUST01748,Ekalinga Korpal,Male,nsarin@example.org,4942346548,Tezpur,Uttar Pradesh,India,2022-04-21
CUST01749,Lopa Bobal,Male,adweta14@example.org,8625278070,Kishanganj,Tamil Nadu,India,2025-09-16
CUST01750,Yashica Rout,Male,anusha70@example.net,3987421976,Orai,Telangana,India,2021-09-02
CUST01751,Ojas Bal,Female,warriorjeevika@example.com,2825135472,Moradabad,Himachal Pradesh,India,2022-01-24
CUST01752,Noah More,Male,nmodi@example.com,6083455015,Eluru,Haryana,India,2025-09-14
CUST01753,Eesha Agate,Male,yoshitadeshpande@example.org,2835433715,Chandrapur,Jharkhand,India,2024-07-17
CUST01754,Parth Minhas,Female,adityashenoy@example.org,5392021516,Sikar,Gujarat,India,2023-01-06
CUST01755,Januja Kala,Male,irya49@example.com,5219578966,Darbhanga,Tripura,India,2024-09-04
CUST01756,Ishwar Bhat,Male,dev36@example.net,3069860197,Bhusawal,Bihar,India,2025-05-22
CUST01757,Hiral Bansal,Male,rajatriveni@example.org,2608407781,Bardhaman,Sikkim,India,2021-08-20
CUST01758,Krishna Mitter,Female,andrewsom@example.com,8032389392,Karimnagar,Bihar,India,2021-10-06
CUST01759,Meera Saraf,Male,doctorchaman@example.com,2149314392,Rourkela,Sikkim,India,2022-11-11
CUST01760,Karan Sani,Female,dayamaizachariah@example.net,2569790545,Hindupur,Madhya Pradesh,India,2023-10-17
CUST01761,Kamya Ranganathan,Male,salviom@example.com,9671966447,Gwalior,Telangana,India,2022-08-15
CUST01762,Ranbir Nagarajan,Female,bhasinfaqid@example.net,4775299445,Korba,Uttar Pradesh,India,2025-11-24
CUST01763,Jhalak Deo,Female,balasubramanianidika@example.com,9623910687,Secunderabad,Gujarat,India,2023-07-27
CUST01764,Hemang Jani,Female,neelimasem@example.net,6326540271,Panvel,Rajasthan,India,2023-09-08
CUST01765,Aayush Karpe,Female,devansh97@example.com,6137560715,Latur,Rajasthan,India,2025-09-29
CUST01766,Anika Chakrabarti,Female,bchaudhary@example.org,8450874272,Pudukkottai,Mizoram,India,2021-12-22
CUST01767,Januja Madan,Female,samble@example.com,8839438729,Malda,Uttar Pradesh,India,2023-04-28
CUST01768,Yagnesh Doshi,Male,mekhalaagate@example.com,2808308725,Kamarhati,Andhra Pradesh,India,2023-12-14
CUST01769,Bhavani Rajan,Male,shethsamar@example.com,3399755701,Pudukkottai,Sikkim,India,2026-03-20
CUST01770,Faraj Bala,Male,forumdara@example.com,6819908555,Nanded,Odisha,India,2023-10-31
CUST01771,Meera Jain,Female,yogidaksh@example.net,3683972812,Hazaribagh,Nagaland,India,2024-03-22
CUST01772,Amara Kothari,Male,uluthra@example.com,5254457056,Phusro,Maharashtra,India,2024-10-09
CUST01773,Gavin Parsa,Female,benwidisha@example.net,7486625545,Hazaribagh,Goa,India,2022-07-16
CUST01774,Jonathan Dani,Male,omya39@example.com,4376277507,Alwar,Telangana,India,2023-02-25
CUST01775,Kiaan Wali,Female,kmander@example.net,6727202187,Allahabad,Manipur,India,2025-04-25
CUST01776,Ekiya Kothari,Male,hmore@example.org,0183589389,Gopalpur,Uttar Pradesh,India,2024-08-31
CUST01777,Vanya Agarwal,Male,battapavani@example.org,9687507853,Parbhani,Goa,India,2023-08-04
CUST01778,Neel Gulati,Female,chatterjeesamuel@example.org,0272974661,Surat,Sikkim,India,2025-09-21
CUST01779,Samarth Bose,Male,andrewghose@example.com,7957633364,Katihar,Manipur,India,2021-08-19
CUST01780,Nicholas Srinivasan,Female,prishasen@example.com,7988881992,Vellore,Kerala,India,2023-05-10
CUST01781,Chakradev Dugar,Female,riyasankar@example.net,7988936643,Lucknow,Andhra Pradesh,India,2025-09-13
CUST01782,Ayush Sathe,Male,ranbirdhar@example.com,6173087208,Malegaon,Nagaland,India,2022-06-04
CUST01783,Ria Karan,Male,tkeer@example.net,2828246455,Bijapur,Maharashtra,India,2026-07-19
CUST01784,Fariq Mammen,Female,henrykade@example.net,9956742983,Raichur,Tripura,India,2023-11-24
CUST01785,Onveer Viswanathan,Female,ekiya71@example.org,5279351471,Mirzapur,Jharkhand,India,2023-05-19
CUST01786,Tanvi Konda,Female,iyertanmayi@example.com,4856395237,Bhilwara,Karnataka,India,2022-01-03
CUST01787,Hredhaan Nath,Female,nrajagopalan@example.org,8464371744,Bally,Telangana,India,2025-09-29
CUST01788,Ria Iyer,Female,nchaudry@example.com,2735717468,Bhalswa Jahangir Pur,Meghalaya,India,2024-02-28
CUST01789,Dayamai Ramakrishnan,Female,lmore@example.net,5696241819,Purnia,Haryana,India,2025-10-23
CUST01790,Chameli Mani,Female,amairaagate@example.org,3319318584,Sultan Pur Majra,Andhra Pradesh,India,2025-10-22
CUST01791,Tejas Shan,Female,senguptanitesh@example.org,0219360667,Bally,Punjab,India,2022-02-14
CUST01792,Zinal Char,Male,jmishra@example.org,5502768448,Kollam,Kerala,India,2022-12-17
CUST01793,Parth Nagar,Male,skrishna@example.org,4156559190,Chinsurah,West Bengal,India,2023-10-08
CUST01794,Ekanta Krish,Male,yoshita95@example.net,8760290400,Ranchi,Arunachal Pradesh,India,2023-11-19
CUST01795,Amrita Loyal,Male,forumnarasimhan@example.net,2978164920,South Dumdum,Andhra Pradesh,India,2022-01-11
CUST01796,Bhavika Kuruvilla,Female,vinayagera@example.net,4717458427,Katni,Meghalaya,India,2023-11-25
CUST01797,Eta Parsa,Male,pallaeesha@example.org,4415869352,Kochi,Jharkhand,India,2023-04-09
CUST01798,Vedika Sane,Female,dhawanchavvi@example.net,8444506409,Kanpur,West Bengal,India,2023-04-01
CUST01799,Balendra Nayar,Female,shauryadate@example.net,3631354304,Miryalaguda,Bihar,India,2025-11-03
CUST01800,Vrinda Reddy,Female,nazarethijaya@example.net,2309802135,Coimbatore,Karnataka,India,2024-12-18
CUST01801,Farhan Nair,Male,mandaonkar@example.net,6918702478,Chandrapur,Goa,India,2024-03-02
CUST01802,Yuvraj Badal,Male,azachariah@example.net,0957020062,Sonipat,Sikkim,India,2023-04-29
CUST01803,Gaurang Grewal,Male,omishamadan@example.net,3408946134,Rewa,Karnataka,India,2025-07-03
CUST01804,Upadhriti Lad,Male,gshan@example.org,3884636879,Erode,Kerala,India,2022-03-04
CUST01805,Omaja Shah,Male,ipalan@example.com,2581878905,Agra,Tamil Nadu,India,2022-12-11
CUST01806,Quincy Dar,Female,ysundaram@example.org,0784257234,Narasaraopet,Arunachal Pradesh,India,2023-09-03
CUST01807,Lucky Raj,Female,radhakrishnanharshil@example.com,7249377921,Avadi,Goa,India,2025-07-18
CUST01808,Saksham Agate,Male,krishnazayan@example.org,1652685063,Maheshtala,Madhya Pradesh,India,2023-06-22
CUST01809,Aarush Peri,Male,yochana69@example.com,8018742962,Shahjahanpur,Himachal Pradesh,India,2023-02-21
CUST01810,Robert Lata,Male,zinalpant@example.net,2785702817,Allahabad,Tripura,India,2023-07-17
CUST01811,Sara Narayan,Female,dcomar@example.org,9717346213,Firozabad,Himachal Pradesh,India,2024-05-29
CUST01812,Omya Gandhi,Female,harinishankar@example.org,7315379147,Aurangabad,Chhattisgarh,India,2024-03-27
CUST01813,Avni Natt,Female,chahalleena@example.net,3488788757,Gangtok,Uttarakhand,India,2022-10-09
CUST01814,Yashawini Banerjee,Male,yjaggi@example.com,5779538970,Nashik,Uttar Pradesh,India,2022-04-21
CUST01815,Jatin Goda,Female,atiraman@example.com,3576607346,Raurkela Industrial Township,Rajasthan,India,2022-09-26
CUST01816,Fitan Ramanathan,Male,saksham89@example.com,1201941743,Raichur,Goa,India,2026-06-17
CUST01817,Rajata Dugal,Male,fsule@example.net,3297002442,Amaravati,Chhattisgarh,India,2026-03-07
CUST01818,Darsh Borde,Male,jainshaurya@example.net,7147443096,Panchkula,Jharkhand,India,2023-04-04
CUST01819,Megha Mital,Male,dharliam@example.com,9320213914,Buxar,Haryana,India,2025-03-06
CUST01820,Hiral Keer,Female,hegdeyash@example.com,9077255122,Phusro,Manipur,India,2024-12-21
CUST01821,Wazir Kota,Female,zramachandran@example.com,9199211436,Kolhapur,West Bengal,India,2024-08-10
CUST01822,Chanchal Gandhi,Female,fbhattacharyya@example.net,1823058435,Morena,Telangana,India,2024-09-18
CUST01823,Vyanjana Misra,Female,nimrat34@example.com,4865669707,Kharagpur,Punjab,India,2023-03-27
CUST01824,Logan Chaudhuri,Female,rayladli@example.com,1056517010,Kharagpur,Mizoram,India,2024-02-17
CUST01825,Tarak Om,Female,aachal18@example.net,4511315255,Bhopal,Assam,India,2021-10-25
CUST01826,Lila Samra,Female,zashilroy@example.net,0278456045,Bharatpur,Tripura,India,2025-10-23
CUST01827,Faraj Bhat,Female,ronith48@example.com,9083038063,Noida,Tamil Nadu,India,2025-10-07
CUST01828,Ishaan Barman,Female,goswamitanmayi@example.org,8873932680,Vijayanagaram,Haryana,India,2024-03-13
CUST01829,Dayamai Salvi,Female,ekbalsrinivas@example.com,7811886691,Aligarh,Jharkhand,India,2024-07-10
CUST01830,Sudiksha Dugal,Female,saisuri@example.com,0737309319,Suryapet,Tamil Nadu,India,2025-03-17
CUST01831,Elijah Patla,Female,morexavier@example.com,2979230736,Madhyamgram,Bihar,India,2024-11-04
CUST01832,Parth Om,Male,yatinkhosla@example.org,4576470141,Mahbubnagar,Mizoram,India,2023-12-18
CUST01833,Azad Mane,Female,ramanathanvritti@example.org,3929503113,Tumkur,Chhattisgarh,India,2024-06-06
CUST01834,Raksha Dass,Male,oviyabhandari@example.net,0133181146,Barasat,Jharkhand,India,2025-08-05
CUST01835,Pooja Lanka,Male,yamini11@example.org,6522347861,Bangalore,Goa,India,2026-05-04
CUST01836,Nandini Grover,Male,hsandhu@example.net,8583752308,Hosur,Tamil Nadu,India,2022-11-23
CUST01837,Hemal Modi,Male,hahuja@example.com,6402178753,Medininagar,Tripura,India,2024-11-07
CUST01838,Champak Krish,Female,cganguly@example.org,4646448468,Tiruppur,West Bengal,India,2024-01-30
CUST01839,Bhavna Subramaniam,Male,ramanwridesh@example.net,8563817812,Nadiad,Jharkhand,India,2023-09-07
CUST01840,Harish Dada,Female,ahluwalialucky@example.com,4831263187,Mehsana,Nagaland,India,2026-03-21
CUST01841,Nachiket Das,Male,tsandhu@example.net,1993229566,Akola,Rajasthan,India,2022-01-12
CUST01842,Warda Ramesh,Female,nhayre@example.com,3141140789,Kadapa,Goa,India,2023-07-02
CUST01843,Hemani Sandhu,Male,sundaramorinder@example.com,4799351681,Surendranagar Dudhrej,Madhya Pradesh,India,2022-11-12
CUST01844,Odika Choudhury,Female,farismanda@example.com,5844565163,Akola,Telangana,India,2022-03-01
CUST01845,Simon Maharaj,Male,damini97@example.org,3826261997,Bhind,Uttar Pradesh,India,2021-10-19
CUST01846,Deepa Sarin,Male,mohammedbuch@example.com,6673622953,Patiala,Karnataka,India,2026-03-13
CUST01847,Ojasvi Sama,Female,dnori@example.net,9888033807,Gudivada,Arunachal Pradesh,India,2026-01-21
CUST01848,Luke Som,Female,vrindakannan@example.net,5999901821,Madurai,Haryana,India,2022-12-12
CUST01849,Arya Minhas,Male,ronith41@example.org,7603559893,Mangalore,Uttarakhand,India,2025-08-24
CUST01850,Yoshita Narayan,Female,champakjani@example.net,1604103168,Gaya,Himachal Pradesh,India,2023-06-16
CUST01851,Hiral Sood,Male,lbhasin@example.org,2781620297,Naihati,Sikkim,India,2022-04-23
CUST01852,Jonathan Sodhi,Male,bhavnanarang@example.com,7546725967,Tiruchirappalli,Meghalaya,India,2025-05-13
CUST01853,Wakeeta Kota,Female,tankdhruv@example.net,5182366245,Rajkot,Andhra Pradesh,India,2023-10-29
CUST01854,Ikbal Nair,Female,obhakta@example.com,1357746078,Etawah,West Bengal,India,2025-03-04
CUST01855,Ekanta Bandi,Female,sarthaksidhu@example.com,4399098994,Surat,Himachal Pradesh,India,2025-10-23
CUST01856,Mugdha Gole,Female,chakrika64@example.org,2345940296,Amroha,Goa,India,2025-12-08
CUST01857,Dhriti Rai,Female,bjoshi@example.net,4902208328,Varanasi,Uttar Pradesh,India,2025-07-28
CUST01858,Krishna Borra,Male,hiralram@example.net,7747127611,Sambhal,Sikkim,India,2022-09-08
CUST01859,Balveer Bail,Female,xprakash@example.net,6527469326,Nashik,Sikkim,India,2022-10-26
CUST01860,Maanas Lalla,Male,xsinghal@example.net,4309815912,Secunderabad,Rajasthan,India,2021-11-11
CUST01861,Damyanti Chadha,Female,kashvi07@example.com,6313663971,Kamarhati,Arunachal Pradesh,India,2024-05-12
CUST01862,Advik Nanda,Male,zachariafitan@example.com,0342716406,Moradabad,Karnataka,India,2026-05-17
CUST01863,Yamini Bahri,Male,ishwar59@example.org,7663027376,Chinsurah,Nagaland,India,2021-10-15
CUST01864,Arunima Deshmukh,Female,bachittarchana@example.net,4722560551,Ludhiana,Tamil Nadu,India,2023-07-26
CUST01865,Zashil Saha,Female,talwararjun@example.org,0730242692,Khammam,West Bengal,India,2024-10-05
CUST01866,Ansh Rama,Male,xsoni@example.net,2736472499,Barasat,Kerala,India,2024-10-06
CUST01867,Aarna Mahal,Male,arjunbehl@example.com,9758043571,Siwan,Mizoram,India,2021-10-04
CUST01868,Devansh Reddy,Female,yashodhara74@example.com,3298940886,Pudukkottai,Goa,India,2022-09-17
CUST01869,Mugdha Chahal,Female,idoctor@example.com,7720227747,Noida,Sikkim,India,2023-08-13
CUST01870,Abeer Mann,Female,amol82@example.net,5163018081,Amritsar,Uttarakhand,India,2026-05-07
CUST01871,Lipika Sengupta,Male,chahalfitan@example.org,2784282286,Indore,Assam,India,2025-03-14
CUST01872,Rajeshri Murty,Male,liamrout@example.com,0783847385,Hindupur,Himachal Pradesh,India,2022-02-28
CUST01873,Urvi Jayaraman,Male,acherian@example.com,9228173991,Hospet,West Bengal,India,2021-12-30
CUST01874,Ikshita Aurora,Female,timothychahal@example.org,7028970257,Thoothukudi,Odisha,India,2024-10-12
CUST01875,Yadavi Dugal,Male,ldasgupta@example.com,2045143910,Baranagar,Nagaland,India,2022-06-14
CUST01876,Kashvi Dani,Female,urvibhargava@example.net,5023532370,Mangalore,West Bengal,India,2024-12-15
CUST01877,Wishi Deep,Male,unanda@example.com,9111581437,Hosur,Mizoram,India,2022-05-05
CUST01878,Urmi Bains,Male,gsamra@example.net,1982496938,Srikakulam,Manipur,India,2023-12-26
CUST01879,Advik Vig,Male,suraaarna@example.net,2374578786,Mumbai,Chhattisgarh,India,2022-09-01
CUST01880,Falguni Prasad,Male,oniwali@example.com,9911190729,Faridabad,Rajasthan,India,2023-07-30
CUST01881,Sanaya Bir,Male,isaacmann@example.net,2793788284,Shahjahanpur,Odisha,India,2023-06-21
CUST01882,Adya Kala,Male,nathandhawan@example.org,8030928173,Ballia,West Bengal,India,2024-04-04
CUST01883,Ayaan Dasgupta,Female,saipatel@example.com,5884900437,Amravati,Tamil Nadu,India,2026-07-23
CUST01884,Nisha Dave,Female,dbanik@example.com,3386348728,Dharmavaram,Bihar,India,2022-12-27
CUST01885,Daksha Gera,Female,aadi02@example.org,8712658591,Udaipur,Nagaland,India,2024-07-09
CUST01886,Amara Chopra,Male,vaidyaleena@example.org,8642677471,Giridih,Madhya Pradesh,India,2026-03-04
CUST01887,Darsh Sarna,Male,jack30@example.net,8404182788,Barasat,Chhattisgarh,India,2024-08-21
CUST01888,Jackson Srinivas,Female,mramaswamy@example.com,0235765233,Erode,Madhya Pradesh,India,2024-02-14
CUST01889,Imaran Patla,Male,boasechandran@example.com,2694857199,Bikaner,Andhra Pradesh,India,2023-08-29
CUST01890,Teerth Mallick,Female,gabrielsarma@example.com,7758829762,Chennai,Jharkhand,India,2021-11-03
CUST01891,Zinal Sagar,Female,paitejas@example.net,1241108333,Baranagar,Haryana,India,2025-03-22
CUST01892,Teerth Mittal,Female,balanjonathan@example.com,3609726603,Tiruchirappalli,Madhya Pradesh,India,2023-07-19
CUST01893,Yatan Doctor,Female,maanav68@example.com,8859077417,Aizawl,Punjab,India,2023-01-26
CUST01894,Chanchal Bali,Male,dalbirde@example.net,6908981991,Jamalpur,Goa,India,2026-04-08
CUST01895,Veda Khanna,Female,shivansh74@example.org,0878545692,Ambarnath,Haryana,India,2023-04-27
CUST01896,Oeshi Saraf,Female,xaviersachar@example.net,9366397302,Haldia,Arunachal Pradesh,India,2026-03-09
CUST01897,Unni Bassi,Male,comarfinn@example.net,8571754564,Hapur,Goa,India,2026-01-27
CUST01898,Quincy Devan,Female,amara81@example.net,8727248095,Ratlam,Madhya Pradesh,India,2024-04-19
CUST01899,Lucky Oommen,Male,msahni@example.org,3470226600,Avadi,Goa,India,2022-08-19
CUST01900,Samaksh Srivastava,Female,eapte@example.net,8073743550,Unnao,Sikkim,India,2021-11-14
CUST01901,Aarna Palla,Female,anitayogi@example.net,9595790413,Ludhiana,Tripura,India,2026-01-12
CUST01902,Xavier Bala,Female,ovora@example.com,4164874663,Raipur,Uttarakhand,India,2024-02-10
CUST01903,Zaitra Kari,Female,jeetsarraf@example.com,8400876226,Bhubaneswar,Chhattisgarh,India,2025-09-20
CUST01904,Pallavi Nazareth,Female,tvenkataraman@example.org,5843733380,Chandrapur,Telangana,India,2023-10-31
CUST01905,Manya Joshi,Female,gokhalevyanjana@example.com,9739606620,Thanjavur,Goa,India,2023-10-01
CUST01906,Leena Borde,Male,saraprabhu@example.org,7453455084,Siwan,Madhya Pradesh,India,2026-05-21
CUST01907,Mason Nanda,Male,ubikajayaraman@example.net,9109307356,Tiruvottiyur,Goa,India,2022-06-04
CUST01908,Elijah Sama,Male,brinda71@example.com,8905545540,Bijapur,Jharkhand,India,2024-12-12
CUST01909,Ansh Chana,Female,rehaandar@example.org,2789678593,Satara,Rajasthan,India,2021-08-09
CUST01910,Krishna Bhatnagar,Male,vincent57@example.com,5043116354,Patiala,Manipur,India,2024-11-11
CUST01911,Yug Dugar,Male,kuruvillatara@example.org,3031433381,Kadapa,Mizoram,India,2023-07-04
CUST01912,Yashawini Grover,Female,hkhurana@example.net,3966934844,Gulbarga,Bihar,India,2024-03-23
CUST01913,Ridhi Parsa,Female,jagviahluwalia@example.org,2881550917,Mysore,West Bengal,India,2021-12-26
CUST01914,Meghana Loke,Male,tamanna63@example.net,8432331922,Machilipatnam,Manipur,India,2021-08-16
CUST01915,Lipika Bhatt,Female,vaishnavikhosla@example.net,3950259035,Ambala,Mizoram,India,2025-07-04
CUST01916,Jalsa Dixit,Female,deshpandelaban@example.net,6376990758,Bihar Sharif,Jharkhand,India,2025-05-28
CUST01917,Kabir Sankaran,Female,ikota@example.com,7087421607,Tirupati,Karnataka,India,2022-08-27
CUST01918,Xiti Zachariah,Female,gnanda@example.net,4461417014,Jodhpur,Haryana,India,2023-11-24
CUST01919,Jeet Nadkarni,Male,vanya53@example.com,5100858830,Haldia,Sikkim,India,2024-12-25
CUST01920,Watika Krish,Female,vchoudhary@example.org,0959757238,Mango,Odisha,India,2026-05-28
CUST01921,Chanchal Kaur,Female,tarak85@example.com,9565153561,Jorhat,Tripura,India,2021-11-21
CUST01922,Zilmil Dhar,Male,enigam@example.com,2604059689,Khora ,Uttarakhand,India,2025-02-19
CUST01923,Rishi Parmer,Female,george15@example.org,9464419024,Muzaffarnagar,Maharashtra,India,2025-05-11
CUST01924,Yochana Korpal,Female,lsarraf@example.com,6220612440,Raiganj,Goa,India,2021-11-08
CUST01925,Jeremiah Buch,Male,devika87@example.com,7594554920,Miryalaguda,Goa,India,2026-03-31
CUST01926,Ekapad Verma,Male,saidutta@example.org,5383300076,Uluberia,Bihar,India,2025-03-20
CUST01927,Guneet Datta,Female,siballipika@example.com,9650270821,Bijapur,Maharashtra,India,2026-07-18
CUST01928,Qasim Varghese,Male,prishade@example.org,5002924984,Khammam,Haryana,India,2024-05-25
CUST01929,Anthony Borra,Female,gauravradhakrishnan@example.com,1078677653,Thrissur,Andhra Pradesh,India,2023-05-18
CUST01930,Yachana Varghese,Female,hayresara@example.net,0090842382,Kakinada,Arunachal Pradesh,India,2023-05-12
CUST01931,Udyati Behl,Female,tdhaliwal@example.com,3062051524,Bhopal,Haryana,India,2022-04-05
CUST01932,Libni Parsa,Male,nkhalsa@example.com,1116375968,Udupi,Uttarakhand,India,2025-11-11
CUST01933,Anjali Raval,Male,wazirbhat@example.com,0946099846,Bhiwani,Goa,India,2023-12-14
CUST01934,Diya Mohan,Female,bbala@example.com,2343342708,Dhule,Telangana,India,2023-12-02
CUST01935,Alexander Prakash,Female,ydalal@example.org,6860793400,Uluberia,West Bengal,India,2023-12-03
CUST01936,Nitesh Nayak,Male,omaja77@example.com,7482581441,Moradabad,Manipur,India,2023-02-18
CUST01937,Fariq Sawhney,Female,tanveertailor@example.com,3621803903,Burhanpur,Nagaland,India,2024-05-02
CUST01938,Atharv Kohli,Female,agatetamanna@example.net,1959420840,Belgaum,Kerala,India,2025-07-26
CUST01939,Kevin Loyal,Female,thakkarvasana@example.com,2315113042,Udupi,Manipur,India,2024-03-01
CUST01940,Ansh Patla,Male,ekapadnaidu@example.com,6708690447,Pimpri-Chinchwad,Gujarat,India,2022-10-30
CUST01941,Gagan Agrawal,Female,biryashoda@example.com,4136405788,Jehanabad,Haryana,India,2026-06-21
CUST01942,Lajita Dube,Female,nimratrout@example.net,8123563028,Morena,Sikkim,India,2022-01-11
CUST01943,George Iyengar,Male,sara79@example.org,9271007775,Siliguri,Bihar,India,2022-12-30
CUST01944,Eiravati Ghosh,Female,balendra09@example.net,7981639567,Bettiah,Arunachal Pradesh,India,2025-01-28
CUST01945,Veer Misra,Male,xchaudhry@example.net,4271277331,Kirari Suleman Nagar,Manipur,India,2022-04-22
CUST01946,Vasatika Wadhwa,Female,raiagastya@example.net,3356490519,Mau,West Bengal,India,2023-05-10
CUST01947,Ridhi Bhatia,Female,nagarhiral@example.org,3185208613,Vadodara,Chhattisgarh,India,2024-03-03
CUST01948,Rajata Shanker,Male,baralsamaksh@example.net,8621448919,Dewas,Telangana,India,2022-03-20
CUST01949,Wishi Sundaram,Female,ansh11@example.com,9390006226,Khandwa,Punjab,India,2021-08-27
CUST01950,Irya Baral,Female,jdugar@example.com,2069581889,Uluberia,Jharkhand,India,2024-10-18
CUST01951,Logan Narang,Male,gramanathan@example.com,3043975301,Hospet,Assam,India,2024-05-21
CUST01952,Qadim Sibal,Male,ganesanriya@example.com,5177316192,Munger,Himachal Pradesh,India,2021-10-12
CUST01953,Zaid Suri,Male,tanvi36@example.org,6568487572,Phusro,Gujarat,India,2025-12-17
CUST01954,Vedika Kale,Female,kamyathaker@example.org,3372917726,Mira-Bhayandar,Rajasthan,India,2026-03-01
CUST01955,Chatura Kalita,Female,noahmajumdar@example.net,2789890167,Ajmer,Odisha,India,2024-12-19
CUST01956,Harita Gala,Male,fbir@example.com,8097397886,Gudivada,Gujarat,India,2023-11-03
CUST01957,Chakradev Batta,Female,orinderoza@example.org,8793530045,Amroha,Meghalaya,India,2023-05-04
CUST01958,Faqid Mutti,Female,akrishna@example.net,4154329431,Gwalior,Assam,India,2024-01-20
CUST01959,Falan Verma,Female,ati48@example.org,7821267083,Khammam,Uttarakhand,India,2025-02-18
CUST01960,Upasna Raghavan,Female,kibemitali@example.net,2785051160,Berhampur,Jharkhand,India,2022-01-04
CUST01961,Aayush Hari,Female,eiravatibhandari@example.net,9469191140,South Dumdum,Chhattisgarh,India,2023-04-05
CUST01962,Neel Rama,Male,fpathak@example.com,6785455809,Navi Mumbai,Chhattisgarh,India,2024-01-08
CUST01963,Adweta Mitter,Male,godarishi@example.org,8467484409,Suryapet,Assam,India,2026-07-19
CUST01964,Radha Tella,Female,kulkarnimadhav@example.net,5858440256,Morena,Jharkhand,India,2025-04-17
CUST01965,Karan Hora,Male,frederickom@example.com,1427389581,Tirunelveli,Jharkhand,India,2023-07-07
CUST01966,Gunbir Palla,Female,dakshmitter@example.com,6284739726,Guna,Punjab,India,2024-03-20
CUST01967,Ubika Manne,Female,netra09@example.com,4859007006,New Delhi,Uttar Pradesh,India,2024-03-31
CUST01968,Abdul Chawla,Male,zrajan@example.org,3202151982,Morbi,Uttar Pradesh,India,2021-08-10
CUST01969,Nachiket Dara,Male,ayush94@example.com,9779936249,Bhusawal,Chhattisgarh,India,2022-08-19
CUST01970,Oscar Rajan,Female,pautanmayi@example.net,6760531335,Jaunpur,Bihar,India,2024-08-23
CUST01971,Suhani Verma,Male,nitesh53@example.net,7120275296,Bhatpara,Punjab,India,2021-09-14
CUST01972,Upadhriti Ram,Female,chanapanini@example.net,8366132312,Unnao,Bihar,India,2022-01-20
CUST01973,Chaman Lad,Female,akumar@example.org,3985953017,Gopalpur,Manipur,India,2022-02-19
CUST01974,Samar Naidu,Male,jbawa@example.net,1069658981,Cuttack,Chhattisgarh,India,2022-12-14
CUST01975,Damini Chanda,Female,devantimothy@example.net,6955012209,Bhilai,Manipur,India,2022-04-20
CUST01976,Lavanya Sami,Female,mandayash@example.net,3981086297,Khora ,Andhra Pradesh,India,2025-04-23
CUST01977,Atharv Gala,Male,murthyishita@example.org,9488436057,Allahabad,Punjab,India,2023-07-18
CUST01978,Anika Samra,Male,bachittar32@example.org,8235868908,Maheshtala,Tripura,India,2022-11-01
CUST01979,Peter Chand,Female,siya48@example.org,8752300719,Bidhannagar,Madhya Pradesh,India,2026-04-28
CUST01980,Turvi Bala,Female,samesh74@example.net,4608674939,Aurangabad,Mizoram,India,2024-12-01
CUST01981,Vrishti Palla,Male,shereforum@example.com,6565223455,Mahbubnagar,Karnataka,India,2021-12-12
CUST01982,Idika Wagle,Female,abha81@example.org,3212204691,Vadodara,Arunachal Pradesh,India,2023-03-22
CUST01983,Finn Shah,Male,ttara@example.org,2005921899,Bijapur,Punjab,India,2024-01-05
CUST01984,Krishna Sawhney,Female,dhawanyoshita@example.org,1443619158,Rohtak,Goa,India,2024-01-24
CUST01985,Samaksh Dhar,Female,ijayamand@example.net,7907154001,Moradabad,Uttar Pradesh,India,2024-03-27
CUST01986,Frederick Deshmukh,Female,bobalayushman@example.net,7926212859,Moradabad,Assam,India,2022-02-04
CUST01987,Kala Edwin,Male,sudikshacontractor@example.org,7393757723,Bongaigaon,Jharkhand,India,2025-09-30
CUST01988,Chanakya Lad,Female,inayasur@example.com,9144232855,Raebareli,Andhra Pradesh,India,2022-06-09
CUST01989,Warhi Ravi,Male,samarthrajan@example.org,4132967190,Machilipatnam,Goa,India,2024-10-12
CUST01990,Daksha Dar,Male,thomasgara@example.com,7150057626,Shivpuri,Arunachal Pradesh,India,2023-08-03
CUST01991,Ranbir Bala,Male,maanav65@example.net,8564071722,Kozhikode,Telangana,India,2023-06-08
CUST01992,Ishaan Memon,Female,gaurang97@example.net,6587785073,Morbi,Arunachal Pradesh,India,2022-03-28
CUST01993,Harrison Purohit,Female,rcherian@example.org,8578143641,Nizamabad,Bihar,India,2023-06-27
CUST01994,Sachi Aurora,Male,odyal@example.com,3594347927,Ballia,Punjab,India,2023-01-03
CUST01995,Bimala Dora,Female,xsrinivas@example.com,1672118477,Bulandshahr,Bihar,India,2023-06-19
CUST01996,Jatin Oza,Male,pushti59@example.org,6014885865,Tinsukia,Kerala,India,2025-06-11
CUST01997,Keya Solanki,Female,htank@example.org,0742567114,Belgaum,Bihar,India,2022-06-12
CUST01998,Adweta Gala,Male,matthew46@example.com,0434724682,Panipat,Rajasthan,India,2021-10-10
CUST01999,Yashawini Suri,Female,mkapadia@example.net,1805719680,Jalandhar,Odisha,India,2021-10-04
CUST02000,Gabriel Yadav,Male,kaleadvika@example.com,4642715346,Kalyan-Dombivli,West Bengal,India,2025-03-28
CUST02001,Bachittar Biswas,Female,tanay56@example.org,8066027733,Imphal,Maharashtra,India,2026-02-07
CUST02002,Lipika Dugar,Female,eswaminathan@example.com,6310387996,Bidhannagar,Jharkhand,India,2026-02-09
CUST02003,Aradhana Loke,Male,beradaksha@example.org,0747237506,Bongaigaon,Gujarat,India,2024-09-27
CUST02004,Ojasvi Chauhan,Female,aarnamannan@example.net,9032594474,Ambala,Tripura,India,2022-10-07
CUST02005,Ranbir Dara,Male,iyergeorge@example.org,5921539042,Srinagar,Himachal Pradesh,India,2022-04-09
CUST02006,Chanchal Nazareth,Female,gaurikaraman@example.net,4478346178,Bharatpur,Odisha,India,2022-05-28
CUST02007,Ridhi Raghavan,Female,taraksarkar@example.net,5050177379,Berhampur,Uttarakhand,India,2021-07-25
CUST02008,Shaurya Palla,Female,magargopal@example.com,2147854255,Shimla,Odisha,India,2026-06-09
CUST02009,Tanish Shanker,Male,tmagar@example.com,7068373026,Fatehpur,Karnataka,India,2022-04-10
CUST02010,Warhi Srivastava,Male,lajitabrar@example.net,8014182468,Uluberia,Maharashtra,India,2023-03-21
CUST02011,Benjamin Saraf,Female,lsood@example.net,5705858499,Unnao,Karnataka,India,2022-01-05
CUST02012,Owen Halder,Female,dbanerjee@example.net,3632602679,Dewas,Madhya Pradesh,India,2023-08-27
CUST02013,Bhavna Viswanathan,Male,karchampak@example.com,7481051934,Gulbarga,West Bengal,India,2025-09-26
CUST02014,Daniel Majumdar,Male,tatatriya@example.net,4716449567,Siwan,Madhya Pradesh,India,2021-10-06
CUST02015,Isaac Badami,Male,vyasbhavika@example.com,7546121892,Surendranagar Dudhrej,Uttar Pradesh,India,2025-02-03
CUST02016,Yadavi Minhas,Female,hdubey@example.com,5529523696,Dhule,Punjab,India,2021-10-19
CUST02017,Chavvi Subramaniam,Male,balannidhi@example.org,2593775195,Pali,Gujarat,India,2023-10-03
CUST02018,Pushti Bajwa,Female,tnagar@example.com,4845174350,Thrissur,Goa,India,2023-04-28
CUST02019,Vasatika Morar,Male,samesh03@example.net,4266357491,Jamnagar,Manipur,India,2023-03-13
CUST02020,Urmi Pal,Male,dadasamaksh@example.net,9921609136,Haridwar,Himachal Pradesh,India,2021-10-31
CUST02021,Saksham Palan,Female,ganga13@example.com,1472141424,Gwalior,Karnataka,India,2025-04-15
CUST02022,Kamala Majumdar,Female,nayaksudiksha@example.com,1979652191,Guntakal,Tamil Nadu,India,2021-12-10
CUST02023,Abdul Mahal,Female,maanav74@example.net,0402091760,Bhilai,Jharkhand,India,2022-05-11
CUST02024,Ethan Ramaswamy,Male,irya00@example.com,1598503334,Dindigul,Uttar Pradesh,India,2024-04-11
CUST02025,Timothy Ben,Male,yatinghose@example.org,7145366546,Sangli-Miraj & Kupwad,Bihar,India,2025-05-09
CUST02026,Vrishti Venkatesh,Female,nandaishaan@example.org,4359765872,Pune,Jharkhand,India,2024-01-16
CUST02027,Vedant Bali,Female,niharika71@example.net,1934602714,Bhatpara,Manipur,India,2022-10-24
CUST02028,Sudiksha Bora,Female,bhanumati59@example.com,6292655610,Mumbai,Odisha,India,2022-10-08
CUST02029,Warjas Kanda,Female,yshankar@example.net,3684456119,Agra,Maharashtra,India,2025-12-07
CUST02030,Girish Lad,Female,vihaan79@example.org,0970051685,Eluru,Haryana,India,2025-03-24
CUST02031,Jagvi Nath,Male,ranganathannikita@example.org,6457956347,Haldia,Maharashtra,India,2025-08-31
CUST02032,Manan Lalla,Male,krishnananjali@example.com,7517237081,Guwahati,Gujarat,India,2023-06-19
CUST02033,Aadhya Sangha,Female,yutika12@example.org,7808398358,Srinagar,Maharashtra,India,2022-12-29
CUST02034,Ishani Chopra,Female,balakrishnanyashvi@example.net,6227661959,Karawal Nagar,Gujarat,India,2022-04-01
CUST02035,Daksha Bhargava,Female,dominicravel@example.org,8839835312,Sri Ganganagar,Tamil Nadu,India,2023-08-20
CUST02036,Tamanna Mane,Female,daksh14@example.com,1092600731,Surendranagar Dudhrej,Andhra Pradesh,India,2025-07-28
CUST02037,Ijaya Date,Female,hmadan@example.com,2097988988,Ambala,West Bengal,India,2025-09-24
CUST02038,Panini Radhakrishnan,Male,khannanihal@example.net,3890043607,Mau,Madhya Pradesh,India,2025-05-30
CUST02039,Bimala Dixit,Male,eiravatigopal@example.net,3708476452,Ramagundam,Bihar,India,2021-09-11
CUST02040,Praneel Memon,Female,triyamanda@example.net,8855035735,Katni,Karnataka,India,2023-06-30
CUST02041,Warhi Parekh,Male,turvi64@example.com,3505321055,Kottayam,Mizoram,India,2023-01-08
CUST02042,Daksh Mane,Male,charanbarad@example.org,5246381581,Katni,West Bengal,India,2022-03-23
CUST02043,Daniel Dua,Female,morarkeya@example.net,4277866349,Raipur,Uttarakhand,India,2022-07-04
CUST02044,Onveer Rattan,Male,kalpitratti@example.org,4028465451,Bardhaman,Jharkhand,India,2023-07-11
CUST02045,Avi Baral,Female,aryan02@example.net,6135781070,Satara,Himachal Pradesh,India,2021-08-16
CUST02046,Imaran Pai,Female,sarinfalguni@example.org,1175087119,Moradabad,Kerala,India,2023-11-09
CUST02047,Bhavini Rout,Male,ranveer64@example.org,4093216669,Kakinada,Himachal Pradesh,India,2024-03-13
CUST02048,Reyansh Kapur,Female,pranavvarughese@example.com,0658506886,Pudukkottai,Uttar Pradesh,India,2026-05-10
CUST02049,Anthony Dutt,Female,bachittar32@example.org,8437944480,Morbi,Maharashtra,India,2025-08-26
CUST02050,Quincy Setty,Female,leena85@example.org,9869642474,Bokaro,Andhra Pradesh,India,2025-09-18
CUST02051,Joshua Bali,Male,bhardwajneel@example.org,5851909113,Ramagundam,Bihar,India,2022-07-14
CUST02052,Ria Jani,Male,wlad@example.org,6748956223,Sultan Pur Majra,Odisha,India,2025-07-05
CUST02053,Advay Choudhry,Female,karlaban@example.net,0751408040,Bongaigaon,Sikkim,India,2025-06-08
CUST02054,Vihaan Kade,Female,mahika22@example.org,8121070261,Kavali,Mizoram,India,2023-03-11
CUST02055,Netra Rama,Female,wakeeta71@example.com,1005217708,Jabalpur,Goa,India,2025-04-16
CUST02056,Zayyan Sengupta,Female,hemangchauhan@example.net,9224378277,Machilipatnam,Manipur,India,2021-08-14
CUST02057,Chatresh Narang,Female,labanborra@example.org,7260937186,North Dumdum,Telangana,India,2022-09-11
CUST02058,Damini Hayre,Female,ddasgupta@example.net,3469395043,Ballia,Assam,India,2025-07-28
CUST02059,Brinda Raja,Female,lakshpalla@example.org,6145337744,Pune,West Bengal,India,2022-06-19
CUST02060,Ekbal Narula,Male,chaitalysankaran@example.net,5741102105,Nagaon,Tamil Nadu,India,2023-10-29
CUST02061,Rachit Kari,Female,ksachdeva@example.com,6225129999,Dhule,West Bengal,India,2023-05-20
CUST02062,Azad Shenoy,Female,pmishra@example.com,2880785481,Faridabad,Chhattisgarh,India,2022-07-01
CUST02063,Bhavika Palla,Female,bandifaris@example.org,7714181409,Khandwa,West Bengal,India,2021-08-22
CUST02064,Ekantika Loke,Male,planka@example.org,8500926585,Orai,Tripura,India,2026-03-20
CUST02065,Advik Yadav,Male,cseshadri@example.com,1382223622,Malda,Uttarakhand,India,2025-02-09
CUST02066,Abhiram Srinivas,Female,priyaghosh@example.net,1699532653,Rajpur Sonarpur,Uttar Pradesh,India,2023-03-26
CUST02067,Yasti Sha,Female,priyaparmar@example.net,5593231978,Gandhidham,Nagaland,India,2023-01-20
CUST02068,Sathvik Srivastava,Male,wakeeta55@example.com,1262203833,Udaipur,Sikkim,India,2025-06-07
CUST02069,Jeet Gopal,Male,agrawalirya@example.com,5461883132,Nizamabad,Madhya Pradesh,India,2024-01-20
CUST02070,Anvi Amble,Female,gaurika87@example.net,0340364607,Cuttack,Uttar Pradesh,India,2021-11-24
CUST02071,Tara Dara,Female,uwali@example.net,3925707856,Cuttack,Bihar,India,2022-07-30
CUST02072,Gagan Yohannan,Female,salvigagan@example.org,2007630680,Durgapur,Madhya Pradesh,India,2026-03-02
CUST02073,Ojas Chaudhary,Male,issacaayush@example.net,6245702818,Nanded,Nagaland,India,2025-06-15
CUST02074,Omaja Ravi,Male,swaminathanayush@example.com,8507837738,Saharsa,West Bengal,India,2021-07-31
CUST02075,Nisha Joshi,Male,jagdish67@example.com,0773593689,Jamshedpur,Tripura,India,2022-09-29
CUST02076,Bakhshi Pingle,Male,jloyal@example.org,4975795856,Giridih,Tripura,India,2025-12-27
CUST02077,Mason Dani,Male,crau@example.org,8344312601,Anantapur,Punjab,India,2025-07-04
CUST02078,Vinaya Sampath,Female,vasamadhavi@example.com,9624948776,Bulandshahr,Kerala,India,2022-02-17
CUST02079,Mohammed Dubey,Female,danielbahl@example.net,9255523874,Agra,Haryana,India,2024-05-25
CUST02080,Turvi Varkey,Male,tarya@example.com,7479249919,Bathinda,Manipur,India,2023-10-03
CUST02081,Charvi Aggarwal,Male,jbaral@example.com,6943623329,Bahraich,Sikkim,India,2025-08-04
CUST02082,Benjamin Taneja,Male,boasenisha@example.net,6768081152,Akola,Arunachal Pradesh,India,2024-06-22
CUST02083,Pranav Karan,Male,vamakshichanda@example.com,3723667029,Bokaro,Andhra Pradesh,India,2023-04-15
CUST02084,Harrison Chauhan,Female,vaidyamatthew@example.org,8474939389,Suryapet,Punjab,India,2024-11-08
CUST02085,Yatan Solanki,Male,sharmagirish@example.com,7377771222,Bhusawal,Karnataka,India,2021-12-26
CUST02086,Anita Dhingra,Female,maanav58@example.org,3055612244,Anantapuram,Mizoram,India,2022-09-04
CUST02087,Tanveer Chakraborty,Female,lukemittal@example.org,4467707371,Ranchi,Nagaland,India,2024-07-16
CUST02088,Advik Sahota,Female,bhasinnakul@example.net,1955390247,Navi Mumbai,Nagaland,India,2024-08-08
CUST02089,Falguni Khatri,Male,mdar@example.net,6589648157,Nagercoil,Tripura,India,2022-05-23
CUST02090,Chaman Balakrishnan,Female,zkhurana@example.com,1161122728,Noida,Meghalaya,India,2023-12-31
CUST02091,Neelima Hegde,Female,saumya84@example.com,5504178243,Satna,Odisha,India,2022-04-27
CUST02092,Damyanti Dhillon,Male,qadimsankaran@example.org,9856241155,Moradabad,Gujarat,India,2023-10-23
CUST02093,Nitesh Jaggi,Female,ogole@example.org,4600685531,Mangalore,Odisha,India,2025-07-01
CUST02094,Onveer Chakraborty,Male,iarya@example.com,3125955380,Ludhiana,Chhattisgarh,India,2024-07-17
CUST02095,Jhalak Dyal,Female,wkhurana@example.com,7054375158,Panvel,Goa,India,2022-12-18
CUST02096,Mugdha Vaidya,Male,hnagar@example.com,2745498968,Sirsa,Bihar,India,2021-11-17
CUST02097,Rudra Nagy,Female,swali@example.org,4576293033,Ajmer,Madhya Pradesh,India,2021-12-05
CUST02098,David Pandey,Female,gagangoswami@example.com,1415406395,Sikar,Bihar,India,2024-02-24
CUST02099,Kevin Vala,Female,dakshakalita@example.net,7327697174,Nanded,Rajasthan,India,2025-05-04
CUST02100,Noah Badal,Male,manan58@example.com,6844479283,Navi Mumbai,Bihar,India,2023-09-26
CUST02101,Chatresh Venkataraman,Female,fbabu@example.com,7090324934,Satara,Maharashtra,India,2023-05-15
CUST02102,Robert Banik,Male,aayush37@example.net,7699763095,Aurangabad,Arunachal Pradesh,India,2026-07-12
CUST02103,Nakul Apte,Female,patelyamini@example.org,7570049792,Imphal,Tripura,India,2025-03-31
CUST02104,Aadhya Sura,Male,mittermichael@example.org,9532930846,Silchar,Uttarakhand,India,2021-12-29
CUST02105,Rudra Chahal,Male,rastoginathaniel@example.net,8238027369,Pune,Sikkim,India,2023-08-25
CUST02106,Vamakshi Parmar,Female,suritriya@example.org,0704480515,Satara,Madhya Pradesh,India,2025-05-10
CUST02107,Nandini Bhat,Female,dhriti15@example.com,0576853883,Guwahati,Manipur,India,2023-08-17
CUST02108,Nitara Chaudhuri,Female,gluthra@example.net,8115840194,Nellore,Nagaland,India,2024-03-12
CUST02109,Maanav Koshy,Male,varenya89@example.net,5500077200,Barasat,Kerala,India,2024-08-12
CUST02110,Aadhya Uppal,Male,karawidisha@example.com,9120461232,Agra,Goa,India,2023-02-26
CUST02111,Jacob Bhagat,Male,krishnasahota@example.org,8670383471,Shimla,Uttar Pradesh,India,2026-03-09
CUST02112,Panini Vig,Male,krishna27@example.org,8254957797,Sangli-Miraj & Kupwad,Kerala,India,2025-04-25
CUST02113,Tanish Pandya,Female,raurajeshri@example.com,2118316252,Maheshtala,Andhra Pradesh,India,2024-03-25
CUST02114,Baghyawati Chander,Male,elijahpai@example.net,4374309638,Pune,Sikkim,India,2023-09-05
CUST02115,Kritika Chaudhuri,Male,aryadominic@example.org,5446788787,Kamarhati,Tamil Nadu,India,2024-08-11
CUST02116,Radha Ranganathan,Male,bariavanya@example.net,8671542907,Pali,Sikkim,India,2023-10-08
CUST02117,Vidhi Ratta,Male,fdeo@example.net,0338651448,Sri Ganganagar,Manipur,India,2022-03-30
CUST02118,Madhavi Thakkar,Female,mekhalachoudhury@example.org,1371263307,South Dumdum,Madhya Pradesh,India,2024-07-17
CUST02119,Sarthak Karan,Female,shankaramara@example.org,8243884545,Vijayawada,Bihar,India,2022-09-20
CUST02120,Urmi Golla,Male,keerhiral@example.net,6552261361,Patiala,Tamil Nadu,India,2023-10-26
CUST02121,Ekanta Dayal,Female,devansh77@example.com,1717170761,Bhiwani,Bihar,India,2022-12-03
CUST02122,Baljiwan Ahluwalia,Male,ysangha@example.com,5776551425,Tiruvottiyur,Madhya Pradesh,India,2021-08-12
CUST02123,Jai Bhatti,Male,cmani@example.org,2640653970,Ghaziabad,Tripura,India,2023-03-08
CUST02124,Chandani Tata,Female,nirjavenkatesh@example.com,8838784104,Berhampore,Telangana,India,2023-02-15
CUST02125,Agastya Mahajan,Female,nkurian@example.net,1514000653,Tinsukia,Assam,India,2025-02-14
CUST02126,David Sood,Female,prashadwatika@example.com,9974126757,Secunderabad,Mizoram,India,2024-06-07
CUST02127,Wakeeta Batra,Female,paidhriti@example.com,0621182178,Bharatpur,Odisha,India,2023-10-22
CUST02128,Nidra Wason,Male,ayushgrewal@example.net,3475872669,Cuttack,Sikkim,India,2025-04-09
CUST02129,Gauri Dara,Female,frederickaggarwal@example.com,3967910624,Madurai,Tamil Nadu,India,2026-07-08
CUST02130,Rayaan Vig,Female,choudhryvrinda@example.org,6285163896,Ramgarh,Goa,India,2022-06-13
CUST02131,Samarth Goyal,Male,unatarajan@example.com,7480024065,Tinsukia,Tripura,India,2025-01-21
CUST02132,Jyoti Ray,Female,bsharaf@example.com,9097685301,Satna,Tripura,India,2021-12-11
CUST02133,Om Gaba,Male,qbanik@example.org,2673949189,Pali,Haryana,India,2021-09-05
CUST02134,Wyatt Doshi,Male,sara08@example.com,0478509469,Tiruvottiyur,Kerala,India,2023-07-08
CUST02135,Jyoti Mangat,Male,sandalvyanjana@example.net,2954030420,Mahbubnagar,Telangana,India,2023-01-25
CUST02136,Harsh Bali,Female,ibail@example.com,5444189725,Ulhasnagar,Punjab,India,2025-09-24
CUST02137,Max Venkatesh,Male,udeo@example.net,4430500470,Gulbarga,Madhya Pradesh,India,2022-01-24
CUST02138,Abhimanyu Rattan,Female,manyakaran@example.org,7951902687,Bikaner,Chhattisgarh,India,2023-02-05
CUST02139,Sachi Seshadri,Male,gdhar@example.net,0555485451,Gorakhpur,Odisha,India,2025-11-04
CUST02140,Christopher Natarajan,Male,pallavi35@example.org,1017390634,New Delhi,Chhattisgarh,India,2022-05-20
CUST02141,Ekaja Tank,Female,naikupkaar@example.org,4910043504,Tirunelveli,West Bengal,India,2024-02-13
CUST02142,Nakul Khurana,Male,amarabutala@example.org,2891236372,Aurangabad,Sikkim,India,2022-12-12
CUST02143,Pranav Maharaj,Male,chanakyabhat@example.com,0420472600,Pondicherry,Chhattisgarh,India,2021-08-08
CUST02144,Baljiwan Chaudhari,Female,georgedixit@example.org,0399134884,Lucknow,Karnataka,India,2024-10-25
CUST02145,Akshay Nagy,Female,garima26@example.net,8227286860,Ichalkaranji,Kerala,India,2025-01-06
CUST02146,Nisha Sethi,Female,ojha@example.com,5443522680,Mira-Bhayandar,Goa,India,2024-11-28
CUST02147,Dalbir Vig,Female,widishapingle@example.net,4398230448,Pune,Bihar,India,2025-09-06
CUST02148,Bahadurjit Modi,Female,trivenichauhan@example.net,1478133752,Ambarnath,Tamil Nadu,India,2025-09-09
CUST02149,Zinal Narasimhan,Female,dalaja60@example.net,3906047758,Chinsurah,Kerala,India,2022-03-23
CUST02150,Eta Pathak,Female,chatterjeeojas@example.org,9442492700,Giridih,Bihar,India,2024-06-19
CUST02151,Ayaan Bora,Male,dixitchakradev@example.org,3010685690,Eluru,Manipur,India,2024-08-24
CUST02152,Ikbal Hora,Male,baralqabil@example.com,2811155419,Akola,Uttar Pradesh,India,2022-04-18
CUST02153,Veda Shukla,Female,pbhandari@example.net,4408260051,Imphal,Rajasthan,India,2024-03-15
CUST02154,Yashodhara Tiwari,Male,samesh29@example.net,4968133735,Vadodara,Tripura,India,2022-04-27
CUST02155,Radhika Vala,Male,boasecharan@example.org,6932312123,Ramgarh,Uttar Pradesh,India,2025-11-28
CUST02156,Omya Chaudhuri,Female,sai82@example.org,3808267622,Narasaraopet,Telangana,India,2023-04-19
CUST02157,Gaurav Khalsa,Female,kalaiyer@example.com,0660189760,Davanagere,Nagaland,India,2022-10-31
CUST02158,Bhanumati Bajaj,Female,sai78@example.com,7278122061,Tinsukia,Meghalaya,India,2023-06-03
CUST02159,Zaitra Wable,Male,xitimanne@example.net,3674122809,Hindupur,Uttarakhand,India,2025-01-21
CUST02160,Waida Mahajan,Female,ijaya24@example.net,0041762000,Haldia,Maharashtra,India,2025-12-05
CUST02161,Falguni Bhalla,Female,priyasrivastava@example.net,7090092121,Hindupur,Nagaland,India,2026-06-14
CUST02162,Sneha Singh,Female,akshaydubey@example.org,4099848419,Darbhanga,Rajasthan,India,2026-02-13
CUST02163,Charles Raghavan,Female,ekarajganguly@example.com,9277069076,Farrukhabad,Karnataka,India,2022-01-30
CUST02164,Shaurya Kadakia,Male,bina28@example.org,3213909837,Hyderabad,Odisha,India,2024-05-13
CUST02165,Aarna Venkatesh,Male,ckrishna@example.net,4002714248,Phusro,Uttar Pradesh,India,2024-12-15
CUST02166,Ekbal Chauhan,Male,wratta@example.org,2694779779,Moradabad,Andhra Pradesh,India,2024-02-29
CUST02167,Omya Bhatti,Female,jacksonmishra@example.net,4033051720,Fatehpur,Mizoram,India,2026-01-22
CUST02168,Sanaya Cherian,Female,sarrafudant@example.com,5164118102,Jodhpur,Chhattisgarh,India,2022-11-13
CUST02169,Devansh Murty,Female,kothariqasim@example.org,4185913636,Guntur,Meghalaya,India,2023-03-31
CUST02170,Abhimanyu Kamdar,Female,fitanagate@example.org,2023159193,Ranchi,Uttar Pradesh,India,2023-04-20
CUST02171,Gautami Kant,Male,janakichokshi@example.net,6498374924,Gulbarga,Sikkim,India,2024-05-19
CUST02172,Rachit Wali,Male,adwetabalay@example.com,3833220180,Narasaraopet,Jharkhand,India,2022-03-19
CUST02173,Ekbal Chaudhari,Female,krishnapuri@example.org,8518870377,Jabalpur,Uttar Pradesh,India,2023-11-21
CUST02174,Ayush Raja,Male,udant60@example.net,2297069162,Muzaffarpur,Telangana,India,2023-06-17
CUST02175,Eiravati Chandra,Female,champakandra@example.net,2225186136,Singrauli,Tripura,India,2026-02-27
CUST02176,Aryan Pillay,Female,ncomar@example.com,7217893730,Loni,Arunachal Pradesh,India,2024-03-27
CUST02177,Shivani Saraf,Male,aadi99@example.org,5132974397,Haridwar,Telangana,India,2026-07-07
CUST02178,Saksham Srinivasan,Male,uanand@example.org,9553062199,Nizamabad,Rajasthan,India,2025-10-31
CUST02179,Anthony Agrawal,Male,wdube@example.net,8785961657,Haridwar,West Bengal,India,2025-06-21
CUST02180,Chakradhar Bhasin,Male,nitararattan@example.org,3743335558,Hindupur,Arunachal Pradesh,India,2022-04-15
CUST02181,Daniel Tella,Male,kakaragastya@example.net,4950272565,Kalyan-Dombivli,Tamil Nadu,India,2023-10-01
CUST02182,Nidra Sura,Male,wrideshacharya@example.net,1905337701,Nizamabad,Assam,India,2024-08-24
CUST02183,Naksh Arora,Male,oshanarula@example.com,8965549727,Ramgarh,Jharkhand,India,2023-04-02
CUST02184,Yamini Dash,Male,yuvrajmitter@example.org,9664519843,Ranchi,Gujarat,India,2023-11-08
CUST02185,Tara Dash,Male,lgaba@example.net,5655432553,Mathura,Bihar,India,2024-11-07
CUST02186,Ekavir Parmer,Female,udeol@example.net,8643406602,Amaravati,Assam,India,2022-09-02
CUST02187,Hardik Shah,Male,manigarima@example.net,3564588696,Kirari Suleman Nagar,Nagaland,India,2026-06-29
CUST02188,Sudiksha Om,Male,mekhala49@example.com,5833986884,Anantapuram,Punjab,India,2025-12-10
CUST02189,David Nagar,Female,falgunisolanki@example.org,0864549201,Agra,Andhra Pradesh,India,2023-06-22
CUST02190,Vedhika Buch,Male,jai02@example.org,4271947135,Mahbubnagar,Mizoram,India,2024-01-18
CUST02191,Jackson Munshi,Female,dasguptamekhala@example.com,9855511200,Raichur,Karnataka,India,2024-07-24
CUST02192,Aadi Vora,Male,ihans@example.org,3729847337,Mira-Bhayandar,Kerala,India,2025-12-25
CUST02193,Onveer Wagle,Male,trivediavi@example.org,5465777902,Nanded,Rajasthan,India,2023-09-25
CUST02194,Hemang Basak,Male,issacqarin@example.com,9081842062,Bhiwani,Bihar,India,2022-01-06
CUST02195,Mohini Panchal,Female,fariqthakur@example.net,7562624493,Howrah,Manipur,India,2023-07-17
CUST02196,Ucchal Comar,Male,vdey@example.org,2514235326,Alwar,Sikkim,India,2026-06-15
CUST02197,Triveni Lad,Female,oshamall@example.org,7616240837,Dhanbad,Nagaland,India,2021-11-13
CUST02198,Janaki Toor,Male,aishani61@example.org,2751396640,Barasat,Mizoram,India,2026-01-25
CUST02199,Azad Bedi,Male,ayaankala@example.net,3340418196,Tiruchirappalli,Andhra Pradesh,India,2025-04-30
CUST02200,Fitan Maharaj,Female,ndara@example.com,5011611839,Ramgarh,Uttar Pradesh,India,2023-01-06
CUST02201,Avni Minhas,Male,aarushkhanna@example.com,5988459293,Shivpuri,Uttarakhand,India,2024-04-11
CUST02202,Nicholas Sarma,Male,raghavanneelima@example.org,4444715355,Agartala,Tripura,India,2023-06-06
CUST02203,Keya Srinivasan,Female,jkala@example.net,0438663508,Serampore,Chhattisgarh,India,2024-05-26
CUST02204,Arunima Butala,Male,ishani52@example.com,2000139945,Visakhapatnam,Haryana,India,2022-06-30
CUST02205,Tamanna Chanda,Female,eiravati57@example.org,7009494646,Belgaum,Odisha,India,2026-03-20
CUST02206,Arunima Wali,Female,idikapathak@example.com,3442579584,Surendranagar Dudhrej,Telangana,India,2024-12-16
CUST02207,Shaurya Kala,Male,samesh16@example.net,1535923870,Unnao,Tamil Nadu,India,2023-08-29
CUST02208,Anya Upadhyay,Female,nbawa@example.org,6251713817,Giridih,Uttarakhand,India,2026-05-24
CUST02209,Avi Bora,Male,aarini18@example.com,8591779284,Nagercoil,Mizoram,India,2024-11-05
CUST02210,Ronith Kata,Male,vaidyanihal@example.net,6388666361,Gwalior,Andhra Pradesh,India,2025-04-04
CUST02211,Alka Deshmukh,Female,inadig@example.net,5917531513,Morbi,Gujarat,India,2025-05-23
CUST02212,Yug Bhatnagar,Female,enayak@example.com,0040108102,Kalyan-Dombivli,Assam,India,2021-11-12
CUST02213,Riya Dara,Female,bmaster@example.com,0069263650,Bally,Uttar Pradesh,India,2024-07-24
CUST02214,Triveni Bumb,Male,salviwarinder@example.com,0475107729,Dhanbad,Tamil Nadu,India,2023-03-28
CUST02215,Arunima Puri,Male,riyanori@example.net,3731337021,Phusro,Punjab,India,2022-10-17
CUST02216,Aashi Majumdar,Male,yasti65@example.net,7876885086,Davanagere,Goa,India,2025-11-27
CUST02217,Faqid Palla,Female,odhaliwal@example.org,9053003461,Cuttack,Mizoram,India,2025-09-24
CUST02218,Harshil Tandon,Female,kandakiaan@example.org,4432726004,Etawah,Mizoram,India,2024-02-29
CUST02219,Jagvi Purohit,Female,aadhyakumer@example.org,0079231148,Navi Mumbai,Tamil Nadu,India,2022-05-24
CUST02220,Azaan Suresh,Female,devikanayar@example.org,1857426544,Saharanpur,Goa,India,2026-02-26
CUST02221,Gunbir Bali,Male,bahadurjitsarkar@example.net,8406351749,Sonipat,Maharashtra,India,2022-06-13
CUST02222,Jai Pathak,Male,yachana64@example.com,8953930099,Gandhinagar,Karnataka,India,2026-02-07
CUST02223,Urvi Mammen,Male,barkha98@example.net,8589928318,Bhilai,Uttarakhand,India,2022-07-13
CUST02224,Hritik Joshi,Male,vbarad@example.com,1924809983,Alwar,Jharkhand,India,2026-02-24
CUST02225,Triveni Thaman,Female,aarushpant@example.net,7904029058,Nagaon,Assam,India,2024-05-20
CUST02226,Avi Mand,Male,achauhan@example.org,8404459315,Junagadh,Haryana,India,2026-05-23
CUST02227,Qasim Khatri,Female,rajbalhaar@example.org,7371976403,Latur,Haryana,India,2023-02-12
CUST02228,Balendra Madan,Male,takosha@example.net,6864005325,Aurangabad,Haryana,India,2022-08-25
CUST02229,Sarthak Kade,Female,vdoshi@example.net,9896308214,Hospet,Maharashtra,India,2023-09-26
CUST02230,Harita Maharaj,Male,tanvi33@example.net,1664726993,Rajkot,Goa,India,2023-11-29
CUST02231,Vrinda Gera,Female,hsur@example.net,2764669544,Bidar,Uttarakhand,India,2024-03-31
CUST02232,Vaishnavi Subramaniam,Female,saanvisangha@example.com,9200912809,Meerut,Andhra Pradesh,India,2021-12-17
CUST02233,Kamala Anne,Female,reyanshnayar@example.com,7366582616,Serampore,Haryana,India,2024-03-22
CUST02234,Mugdha Naik,Male,nkulkarni@example.org,7749843386,Moradabad,Arunachal Pradesh,India,2024-03-18
CUST02235,Rajata Madan,Female,bhavanimanda@example.com,0808789095,Thoothukudi,Bihar,India,2024-07-01
CUST02236,Om Swaminathan,Male,ladli87@example.org,6757794000,Allahabad,Maharashtra,India,2025-07-20
CUST02237,Yashodhara Sharaf,Female,nihaldave@example.com,8613582829,Berhampur,Goa,India,2025-09-12
CUST02238,Chasmum Wason,Female,shivanigour@example.org,0533413231,Salem,Uttarakhand,India,2024-05-25
CUST02239,Nidra Manda,Male,venkataramandayamai@example.org,3412741618,Tirunelveli,Uttarakhand,India,2022-10-27
CUST02240,Shivani Wadhwa,Male,ganesanorinder@example.org,0796596954,Jodhpur,Himachal Pradesh,India,2023-06-15
CUST02241,Qushi Raja,Male,nigamsanya@example.net,2856904400,Mysore,Tripura,India,2025-08-04
CUST02242,Ishita Nair,Female,maneoscar@example.net,8857321616,Mahbubnagar,Uttar Pradesh,India,2022-10-09
CUST02243,Ladli Lala,Female,tsampath@example.com,0733993475,Siwan,Nagaland,India,2025-08-16
CUST02244,Leela Goda,Male,falan54@example.com,4524331083,Vijayanagaram,Kerala,India,2021-12-21
CUST02245,Vasatika Lall,Male,zansiborah@example.org,7667953694,Latur,Uttarakhand,India,2022-11-11
CUST02246,Upma Dhawan,Female,kapadiaganga@example.net,4488885046,Bhopal,Punjab,India,2024-01-03
CUST02247,Chaman Boase,Female,mitraadya@example.net,2500373777,Shimoga,Telangana,India,2022-01-04
CUST02248,Vivaan Sampath,Male,vivaansubramanian@example.org,6293759350,Thoothukudi,Odisha,India,2024-02-27
CUST02249,Forum Mitra,Female,bakshidakshesh@example.com,4433371030,Kakinada,Telangana,India,2024-09-23
CUST02250,Reyansh Majumdar,Female,ahujaalexander@example.net,8859847010,Bhavnagar,Manipur,India,2024-12-20
CUST02251,Gayathri Chokshi,Male,ubala@example.org,7478209450,Bhatpara,Punjab,India,2025-01-27
CUST02252,Umang Bala,Female,bhavikagokhale@example.net,8927033868,Muzaffarnagar,Chhattisgarh,India,2024-05-27
CUST02253,Yoshita Banik,Female,gautami66@example.com,2159148567,Orai,Tripura,India,2021-09-29
CUST02254,Manthan Sarraf,Male,kamalanigam@example.org,3842893162,Jalna,Jharkhand,India,2023-01-14
CUST02255,Gopal Bains,Male,sarrafqushi@example.com,0436443280,Coimbatore,Sikkim,India,2026-01-04
CUST02256,Ekalinga Suri,Female,warindergandhi@example.org,8446833094,Berhampore,Mizoram,India,2026-03-10
CUST02257,Tejas Memon,Male,anair@example.net,3994527439,Alappuzha,Manipur,India,2022-03-05
CUST02258,Isaac Sule,Female,ekantikakashyap@example.net,1770383527,Bhilwara,Jharkhand,India,2023-07-17
CUST02259,Triya Parmer,Female,zborde@example.com,5741684763,Pudukkottai,Tripura,India,2025-10-26
CUST02260,Sai Varkey,Female,panthemani@example.com,0534875728,Sultan Pur Majra,Tripura,India,2021-11-21
CUST02261,Sathvik Naik,Female,kadakiabhavya@example.com,5797853281,Alappuzha,Jharkhand,India,2023-03-14
CUST02262,Ucchal Balakrishnan,Male,fradotara@example.net,4371468014,Ujjain,Madhya Pradesh,India,2024-07-30
CUST02263,Ojas Bhavsar,Female,chanakya86@example.com,7827386839,Kadapa,Andhra Pradesh,India,2023-04-11
CUST02264,Amruta Murty,Male,ygour@example.com,3458684412,Latur,Arunachal Pradesh,India,2023-08-20
CUST02265,Unnati Chaudhuri,Female,eiravatisoman@example.com,2164038123,Buxar,Punjab,India,2024-07-22
CUST02266,Vihaan Baria,Male,omkaarsaxena@example.com,4124716913,Madanapalle,Jharkhand,India,2021-10-02
CUST02267,Chakradev Kohli,Male,korpalkevin@example.net,1650156192,Unnao,West Bengal,India,2021-09-26
CUST02268,Sathvik Hans,Female,rajata94@example.org,1191271661,Srikakulam,Tamil Nadu,India,2023-03-09
CUST02269,Hredhaan Walla,Male,lipikaiyengar@example.com,0375229342,Khora ,Arunachal Pradesh,India,2026-02-01
CUST02270,Abhimanyu Kala,Female,krish74@example.com,2492456583,Meerut,Goa,India,2024-07-06
CUST02271,Ansh Parmar,Female,robert29@example.net,8233268180,Ichalkaranji,Maharashtra,India,2024-06-24
CUST02272,Ojas Bassi,Male,mohini68@example.com,2613145190,Ongole,Madhya Pradesh,India,2021-12-02
CUST02273,Mekhala Sha,Male,ovohra@example.com,9057293661,Jalna,Telangana,India,2026-07-16
CUST02274,Bimala Sabharwal,Female,gaderohan@example.net,3608163098,Jhansi,Odisha,India,2025-03-07
CUST02275,Owen Sanghvi,Female,duttjanuja@example.com,9365740533,Satna,Himachal Pradesh,India,2022-05-29
CUST02276,Vrinda Kuruvilla,Female,devika74@example.com,9595154420,Kamarhati,Tamil Nadu,India,2024-10-24
CUST02277,Dakshesh Setty,Female,pandeyfaraj@example.net,3417151524,Rohtak,Karnataka,India,2022-11-15
CUST02278,Omaja Prashad,Female,venkataramanbhavika@example.org,2820495441,Kozhikode,Odisha,India,2024-12-08
CUST02279,Upasna Puri,Female,sanedev@example.com,3359599632,Salem,Punjab,India,2023-05-29
CUST02280,Jairaj Wali,Female,ekantabir@example.com,9297190929,Bijapur,Nagaland,India,2025-05-23
CUST02281,Finn Pal,Female,ambledeepa@example.org,7447725514,Dhanbad,Rajasthan,India,2025-11-02
CUST02282,Yashodhara Bora,Male,agrawalomkaar@example.net,3910682279,Madurai,Uttarakhand,India,2025-08-20
CUST02283,Frederick Sama,Male,varghesearunima@example.net,9732396233,Aurangabad,Nagaland,India,2026-01-13
CUST02284,Adweta Mital,Female,samesh38@example.com,9568108559,Hapur,Punjab,India,2026-02-11
CUST02285,Vedant Tella,Male,damyanti88@example.net,3960357461,Suryapet,Chhattisgarh,India,2024-10-22
CUST02286,Ekaraj Rau,Male,farhan32@example.net,8817731582,Katni,Rajasthan,India,2026-01-06
CUST02287,Tamanna Sarin,Female,rajusimon@example.com,8533185212,Khammam,Arunachal Pradesh,India,2025-07-25
CUST02288,Ojasvi Chaudhuri,Male,alkaparmer@example.net,5197646334,Chapra,Uttar Pradesh,India,2025-08-01
CUST02289,Faraj Memon,Male,lavanyavig@example.org,9674266131,Visakhapatnam,Telangana,India,2026-05-20
CUST02290,Oscar Saha,Male,chackodhruv@example.net,8337854110,Vadodara,Bihar,India,2022-09-30
CUST02291,Falguni Nori,Male,ira31@example.net,4016174158,Hindupur,Tamil Nadu,India,2026-05-21
CUST02292,Tanay Gokhale,Female,llalla@example.net,8223778827,Jamnagar,Meghalaya,India,2023-01-10
CUST02293,Ekapad Nazareth,Male,oeshikhatri@example.com,6793541031,Guntur,Goa,India,2024-04-13
CUST02294,Bhanumati Vyas,Male,uanand@example.net,4429191852,Kishanganj,Uttar Pradesh,India,2024-10-18
CUST02295,Chandresh Gill,Male,qdivan@example.com,3218615836,Khora ,Arunachal Pradesh,India,2021-09-05
CUST02296,Abha Agarwal,Male,nicholas94@example.org,5017613062,Tezpur,Assam,India,2022-11-11
CUST02297,Ishaan Prashad,Female,zinalwadhwa@example.net,6012335234,Suryapet,Goa,India,2024-07-02
CUST02298,Ridhi Date,Male,kritika09@example.net,7467726661,Bhilai,Bihar,India,2023-02-14
CUST02299,Vasana Nagar,Female,swamylucky@example.net,4749645488,Amravati,Andhra Pradesh,India,2025-08-06
CUST02300,Rachita Kala,Female,wazir65@example.org,4520614476,Kota,Chhattisgarh,India,2022-06-17
CUST02301,Champak Venkataraman,Male,vidhiyadav@example.com,3208399337,Srinagar,West Bengal,India,2026-04-04
CUST02302,Urmi Sathe,Female,yamini47@example.net,3356557925,Surat,Odisha,India,2025-06-25
CUST02303,Kevin Barman,Male,ppillay@example.org,3688926852,Aligarh,Goa,India,2022-05-13
CUST02304,Chaman Choudhary,Female,zinalluthra@example.org,1861896542,Jamalpur,Haryana,India,2022-02-06
CUST02305,Bhavini Kumar,Female,abalasubramanian@example.com,0194939601,Bettiah,Rajasthan,India,2025-02-18
CUST02306,Harinakshi Sankar,Male,walihemal@example.net,5563434962,Sikar,Arunachal Pradesh,India,2021-09-15
CUST02307,Ronith Sethi,Male,jeet83@example.org,4154797320,Malda,West Bengal,India,2023-10-05
CUST02308,Radhika Venkataraman,Female,jagat95@example.org,1645564722,New Delhi,Chhattisgarh,India,2026-06-10
CUST02309,Wazir Majumdar,Female,vedhika93@example.net,7058422477,Belgaum,Haryana,India,2023-07-24
CUST02310,Chakradev Dani,Female,bassilekha@example.org,2103594718,Tiruvottiyur,Haryana,India,2024-12-05
CUST02311,Mekhala Tailor,Female,chandresh68@example.net,3262172269,Noida,Bihar,India,2022-05-04
CUST02312,Charita Gupta,Female,lajitaprashad@example.com,5388817051,Noida,Gujarat,India,2021-08-02
CUST02313,Krishna Arora,Male,doravasudha@example.org,0157713453,Coimbatore,Uttar Pradesh,India,2023-03-21
CUST02314,Nilima Behl,Male,sanghayochana@example.org,8547791759,Bathinda,Meghalaya,India,2023-08-26
CUST02315,Advaith Setty,Male,onair@example.org,6090505304,Meerut,Meghalaya,India,2024-06-11
CUST02316,Neha Keer,Male,triyacomar@example.net,3752758532,Dewas,Punjab,India,2022-02-04
CUST02317,Caleb Borra,Male,yasti38@example.org,9478884602,Bhagalpur,Telangana,India,2026-04-12
CUST02318,Faqid Dey,Female,anjaliaggarwal@example.net,9015543388,Surat,Karnataka,India,2025-02-05
CUST02319,Rehaan Dugar,Female,contractormaanas@example.com,6097751379,Avadi,Uttar Pradesh,India,2022-05-14
CUST02320,Mugdha Choudhary,Male,talwarnilima@example.net,5712304474,Howrah,Chhattisgarh,India,2024-07-20
CUST02321,Saumya Sengupta,Female,ishasamra@example.net,8909944531,Phagwara,Andhra Pradesh,India,2023-04-14
CUST02322,Parth Sarin,Female,rushildoshi@example.org,6500804179,Hosur,Rajasthan,India,2022-08-15
CUST02323,Tanmayi Keer,Female,zsastry@example.net,5959593718,Anantapuram,Uttar Pradesh,India,2023-04-26
CUST02324,Eiravati Kapoor,Female,nitesh07@example.org,9510391542,Dehri,Haryana,India,2022-03-11
CUST02325,Michael Master,Female,sundaramchameli@example.net,9713122705,Suryapet,Chhattisgarh,India,2025-06-17
CUST02326,Rayaan Pradhan,Male,nathan95@example.com,1343880273,Vellore,Chhattisgarh,India,2022-02-14
CUST02327,Benjamin Gokhale,Male,obatra@example.net,3564510088,Bhatpara,Punjab,India,2021-09-28
CUST02328,Brijesh Virk,Female,wwalia@example.com,9012305275,Kochi,Meghalaya,India,2023-10-05
CUST02329,Amruta Kapadia,Male,oakmadhavi@example.org,8360483633,Karimnagar,Punjab,India,2023-04-06
CUST02330,Devika Tripathi,Male,hiralsarkar@example.net,3253700171,Jaipur,Jharkhand,India,2023-08-17
CUST02331,Andrew Dash,Female,jsama@example.net,8737406279,Durgapur,Madhya Pradesh,India,2022-01-04
CUST02332,Fitan Bajwa,Female,mammenwahab@example.net,9541274233,Vijayanagaram,Kerala,India,2025-01-23
CUST02333,Girik Bajaj,Male,hkurian@example.com,4631206409,Madanapalle,Kerala,India,2022-04-25
CUST02334,Nitara Mander,Female,frederickchoudhary@example.net,2700202145,Panvel,Punjab,India,2024-02-21
CUST02335,Upasna Ahuja,Female,omishabatra@example.com,7516960333,Pondicherry,Arunachal Pradesh,India,2022-09-12
CUST02336,Andrew Bawa,Female,psharma@example.org,8661524543,Jorhat,Tamil Nadu,India,2024-08-25
CUST02337,Ryan Khurana,Female,uvaidya@example.com,6446331183,Guntakal,Mizoram,India,2021-11-27
CUST02338,Amrita Korpal,Male,ymand@example.org,5258400719,Kalyan-Dombivli,Manipur,India,2026-06-15
CUST02339,Falan Yohannan,Male,padmanabhanindali@example.com,2371044299,Katihar,Mizoram,India,2022-01-04
CUST02340,Balveer Grewal,Female,rajeshrimanne@example.org,9634433819,Jalgaon,Uttarakhand,India,2026-01-18
CUST02341,Adweta Bhandari,Male,anika10@example.net,4830711262,Proddatur,Tamil Nadu,India,2023-09-18
CUST02342,Veda Pillay,Male,lekhamore@example.com,0359824178,Noida,Maharashtra,India,2021-07-29
CUST02343,Falguni Morar,Female,warinderjain@example.com,9763495450,Karaikudi,Uttar Pradesh,India,2024-02-04
CUST02344,Vasudha Pingle,Female,tbahl@example.com,8599006871,Mumbai,Madhya Pradesh,India,2022-09-28
CUST02345,Avni Dewan,Female,vsharaf@example.org,9942036913,Ambattur,Assam,India,2023-08-17
CUST02346,Nathaniel Desai,Male,ekapad80@example.net,5107295248,Dharmavaram,Uttarakhand,India,2023-05-07
CUST02347,Wyatt Chowdhury,Male,yagnesh64@example.com,4326629835,Amroha,Nagaland,India,2023-10-17
CUST02348,Saanvi Nath,Male,xalak49@example.org,2185287326,Akola,Haryana,India,2022-06-14
CUST02349,Chaitanya Varghese,Female,manthan80@example.net,7047080911,Akola,Arunachal Pradesh,India,2025-05-16
CUST02350,Tarak Bahri,Male,hrandhawa@example.org,6733661681,Allahabad,Tamil Nadu,India,2026-06-12
CUST02351,Hema Banik,Male,nsolanki@example.com,9442188301,Fatehpur,Punjab,India,2023-04-25
CUST02352,Gavin Pingle,Female,phans@example.com,4140763753,Morbi,Uttar Pradesh,India,2026-04-13
CUST02353,Ridhi Wali,Male,ikbal19@example.org,6671663618,Pali,West Bengal,India,2025-07-18
CUST02354,Darpan Bhargava,Female,memonanay@example.com,8370376054,Jamalpur,Uttarakhand,India,2024-09-30
CUST02355,Victor Kala,Male,deepadeep@example.org,6557006302,Ballia,Punjab,India,2025-09-12
CUST02356,Ubika Ranganathan,Female,jonathan35@example.net,9592977677,Alappuzha,Meghalaya,India,2022-06-02
CUST02357,Peter Oak,Male,bachittar84@example.net,0928679699,Bhalswa Jahangir Pur,Maharashtra,India,2022-10-03
CUST02358,Vivaan Sahota,Male,logan49@example.com,0515373759,Mumbai,Meghalaya,India,2026-06-17
CUST02359,Vansha Kakar,Male,hiralpalla@example.net,8662236688,Chapra,Bihar,India,2024-09-30
CUST02360,Eta Ramanathan,Female,tkarnik@example.com,2923923660,Nadiad,Goa,India,2023-07-10
CUST02361,Anvi Badami,Male,chandanidra@example.net,0531598476,Raurkela Industrial Township,Andhra Pradesh,India,2023-11-12
CUST02362,Inaya Sachdev,Male,dlalla@example.net,1272109879,Jaunpur,Telangana,India,2024-04-26
CUST02363,Meghana Ratta,Male,turvimore@example.net,5553914599,Chennai,Sikkim,India,2026-03-30
CUST02364,Falan Dara,Male,xavier20@example.com,0863500844,Malda,Karnataka,India,2023-01-13
CUST02365,Sai Rastogi,Female,bakhshi31@example.com,8140336143,Pune,Jharkhand,India,2021-07-27
CUST02366,Aarush Lal,Male,datedivya@example.org,2708495669,Satna,Punjab,India,2021-12-30
CUST02367,Gavin Saha,Female,samiparth@example.net,5662274528,Aurangabad,Meghalaya,India,2024-11-22
CUST02368,Chandani Balasubramanian,Female,eshanaparmer@example.net,9610463016,Udupi,Uttar Pradesh,India,2024-04-16
CUST02369,Mugdha Gola,Male,aarna16@example.com,1450754838,Buxar,Jharkhand,India,2021-11-28
CUST02370,Rajata Zacharia,Male,vbatta@example.com,5291962863,Bally,Goa,India,2025-06-21
CUST02371,Bhavika Seshadri,Male,rsachdev@example.org,0836999130,Khora ,Tamil Nadu,India,2021-09-17
CUST02372,Upadhriti Kurian,Male,chanchal03@example.net,8781421114,Raurkela Industrial Township,Chhattisgarh,India,2023-01-08
CUST02373,Gautami Vaidya,Male,mitragayathri@example.com,1564216147,Surat,Sikkim,India,2023-08-12
CUST02374,Zashil Vasa,Male,vidhisharaf@example.net,5488442718,Tiruchirappalli,Karnataka,India,2022-10-12
CUST02375,Upma Chaudhuri,Male,ekala@example.org,5735379331,Baranagar,Uttarakhand,India,2022-01-05
CUST02376,Bakhshi Palan,Male,bhavnabalasubramanian@example.net,9328710526,Bhind,Manipur,India,2023-07-19
CUST02377,Bhavya Yadav,Female,hkrishnan@example.org,8379471741,Guna,Tamil Nadu,India,2023-11-10
CUST02378,Brinda Dara,Female,ojasvi91@example.net,1749339079,Karawal Nagar,Andhra Pradesh,India,2024-10-18
CUST02379,Darpan Jain,Male,basuomkaar@example.com,6797538439,Mangalore,Punjab,India,2026-02-23
CUST02380,Sanaya Purohit,Male,jgoyal@example.com,5395593345,Korba,Uttar Pradesh,India,2025-05-14
CUST02381,Dhriti Sharaf,Male,viswanathanmekhala@example.com,5641957630,Secunderabad,Odisha,India,2022-12-01
CUST02382,Vincent Magar,Female,balasubramanianoni@example.com,2120265745,New Delhi,Jharkhand,India,2022-10-29
CUST02383,Nisha Contractor,Female,ojasissac@example.net,9041211793,Anantapuram,Nagaland,India,2024-11-04
CUST02384,Upma Bhargava,Male,krishnapuri@example.net,2162007532,Cuttack,Jharkhand,India,2023-07-18
CUST02385,Yahvi Sama,Female,zminhas@example.org,7740027617,Jamnagar,Madhya Pradesh,India,2025-07-16
CUST02386,Chakradhar Buch,Female,quppal@example.com,4944869048,Anand,Sikkim,India,2022-11-26
CUST02387,Januja Sachdev,Male,jasonvarkey@example.net,1554884499,Rourkela,Punjab,India,2025-06-20
CUST02388,Ekaja Mandal,Male,riyasekhon@example.org,3507967474,Silchar,Tripura,India,2022-01-25
CUST02389,Hemang Goda,Female,bbhatia@example.net,4027611243,Imphal,Bihar,India,2024-05-13
CUST02390,Ekavir Koshy,Female,bavamatthew@example.net,6540777543,Bhilwara,Nagaland,India,2023-04-23
CUST02391,Ekani Chowdhury,Male,hdayal@example.com,3885656783,Muzaffarnagar,Nagaland,India,2021-10-26
CUST02392,Gunbir Palla,Female,leenaagrawal@example.org,5614779441,Bijapur,Kerala,India,2025-01-27
CUST02393,Aarnav Karpe,Male,bhargavahemang@example.org,9229493654,Jabalpur,Assam,India,2023-12-07
CUST02394,Balvan Lall,Female,umander@example.net,6744975926,Salem,Haryana,India,2025-12-21
CUST02395,Darika Suri,Female,kotharitriveni@example.net,7139113249,Kolkata,Gujarat,India,2025-04-28
CUST02396,Amara Konda,Female,jairajmanne@example.org,0446549690,Tiruppur,Mizoram,India,2023-06-22
CUST02397,Matthew Borde,Male,om11@example.com,0751740875,Korba,Goa,India,2024-04-02
CUST02398,Pooja Bose,Female,mohantyabhiram@example.org,4784806575,Mehsana,Punjab,India,2021-12-24
CUST02399,Hritik Viswanathan,Male,aradhanakohli@example.com,1275234835,Salem,Assam,India,2024-04-17
CUST02400,Rajeshri Golla,Female,simon36@example.com,0145811586,Mumbai,Telangana,India,2022-11-30
CUST02401,Isha Sodhi,Male,nachiketdube@example.com,5528459234,Nandyal,Madhya Pradesh,India,2022-03-14
CUST02402,Kala Nori,Female,hemanggole@example.com,2226752124,Meerut,Madhya Pradesh,India,2024-03-12
CUST02403,Faras Bains,Female,viswanathanayushman@example.net,0613802654,Latur,Telangana,India,2025-08-11
CUST02404,Harshil Choudhary,Female,lsachdeva@example.com,2660954621,Bally,Nagaland,India,2022-01-10
CUST02405,Harita Khosla,Male,butalahiral@example.net,0486615332,Ujjain,Odisha,India,2021-11-18
CUST02406,Nathaniel Lata,Female,varenyaborde@example.com,2159409928,Buxar,Odisha,India,2025-03-15
CUST02407,Diya Mitter,Female,xkuruvilla@example.net,0077213490,Nadiad,West Bengal,India,2026-05-07
CUST02408,Bhavika Soni,Male,johalkritika@example.net,7874899298,Kurnool,Kerala,India,2023-07-10
CUST02409,Rishi Wali,Male,bhandariyutika@example.com,8588679998,Varanasi,Assam,India,2026-03-13
CUST02410,Hitesh Mukherjee,Female,xnori@example.org,6986378431,Haldia,Himachal Pradesh,India,2023-03-14
CUST02411,Onkar Sura,Male,wbasu@example.org,4423152448,Sasaram,Tripura,India,2024-11-07
CUST02412,Qasim Pant,Male,jsanghvi@example.org,7500636004,Uluberia,Mizoram,India,2024-04-10
CUST02413,Zarna Gulati,Female,svohra@example.net,0604886237,Bhilwara,Sikkim,India,2026-04-30
CUST02414,Neel Nagarajan,Male,shravya90@example.org,7290177409,Proddatur,Jharkhand,India,2023-09-29
CUST02415,Kevin Sekhon,Male,ochandran@example.net,7218508028,Chinsurah,Mizoram,India,2023-09-21
CUST02416,Akshay Sahni,Male,krisha77@example.net,3497620207,Jorhat,Jharkhand,India,2022-08-30
CUST02417,Sanya Mand,Male,dassikshita@example.net,4812718433,Gurgaon,Arunachal Pradesh,India,2023-11-21
CUST02418,Samarth Kumar,Female,ayushman96@example.com,0123011316,Noida,Tripura,India,2024-03-14
CUST02419,Bhavna Mani,Male,ybhatti@example.net,6704085573,Bulandshahr,Arunachal Pradesh,India,2022-10-22
CUST02420,Max Rao,Male,oscar93@example.net,3235054949,Adoni,Chhattisgarh,India,2023-11-10
CUST02421,Chaaya Bhavsar,Male,bailupasna@example.org,0813139867,Dibrugarh,Telangana,India,2025-05-25
CUST02422,Oni Brahmbhatt,Male,gillnandini@example.com,0257907044,Chapra,Odisha,India,2024-11-16
CUST02423,Henry Deshpande,Female,darpan78@example.org,1001577528,Rohtak,Kerala,India,2024-11-14
CUST02424,Gaurang Narayan,Male,patladarika@example.com,3933753472,Faridabad,Sikkim,India,2025-12-30
CUST02425,Hamsini Suresh,Male,devanurishilla@example.com,1327453327,Siwan,Himachal Pradesh,India,2024-10-11
CUST02426,Vyanjana Bhagat,Female,lopadevan@example.com,9298731761,Mira-Bhayandar,Nagaland,India,2025-04-27
CUST02427,Oviya Sangha,Male,samichakrika@example.com,8391843431,Nanded,Gujarat,India,2021-12-28
CUST02428,Shravya Narayan,Female,ksur@example.com,6650591675,Kolhapur,Gujarat,India,2025-06-05
CUST02429,Ikshita Srivastava,Male,abha63@example.net,0722571893,Amroha,Andhra Pradesh,India,2023-03-12
CUST02430,Indrajit Nori,Male,wriddhish93@example.org,8157724554,Gopalpur,Kerala,India,2022-09-25
CUST02431,Chakradhar Gaba,Male,balakrishnansanya@example.net,2500755891,Pimpri-Chinchwad,Nagaland,India,2022-03-07
CUST02432,Amol Raju,Female,vincentpillay@example.com,6028914899,Buxar,Bihar,India,2023-12-18
CUST02433,Vrinda Oommen,Male,simon24@example.com,6610177119,Hapur,Odisha,India,2024-02-16
CUST02434,Upkaar Thakkar,Female,nihalhanda@example.org,4572167459,Kadapa,Manipur,India,2024-02-13
CUST02435,Wazir Swamy,Female,gkanda@example.com,5776546733,Sri Ganganagar,Rajasthan,India,2024-09-12
CUST02436,Nicholas Munshi,Male,gauravsarkar@example.com,0169553897,Malda,Goa,India,2022-04-21
CUST02437,Jhalak Thaman,Female,xsha@example.net,3077833003,Surat,Gujarat,India,2022-09-15
CUST02438,Lohit Bava,Male,tara45@example.net,1978189702,Sagar,Nagaland,India,2024-02-07
CUST02439,Sathvik Bumb,Male,ipatil@example.com,0390510269,Kishanganj,Mizoram,India,2026-02-24
CUST02440,Bhavika Lad,Female,henry86@example.org,5944791704,Baranagar,Karnataka,India,2023-06-06
CUST02441,Max Bail,Female,amolom@example.com,5675172964,Ozhukarai,Telangana,India,2024-09-08
CUST02442,Ekantika Contractor,Male,parikhekbal@example.net,0380743850,Mirzapur,Assam,India,2022-01-08
CUST02443,Bimala Mitra,Male,epillai@example.net,5788601245,Begusarai,Karnataka,India,2022-01-26
CUST02444,Avni Bahl,Female,imaranrandhawa@example.net,2724014862,Udupi,Maharashtra,India,2021-12-13
CUST02445,Ekaraj Salvi,Female,darwaida@example.com,9799054116,Kirari Suleman Nagar,Chhattisgarh,India,2025-10-13
CUST02446,Ekbal Singhal,Female,haldermatthew@example.org,8409927099,Gandhinagar,Uttarakhand,India,2023-05-27
CUST02447,Dhriti Chanda,Female,om93@example.net,7839797086,Agartala,Odisha,India,2023-01-28
CUST02448,Gabriel Barad,Male,dpau@example.com,5751734043,Bangalore,West Bengal,India,2025-06-12
CUST02449,Neel Padmanabhan,Male,janya49@example.net,4928434050,Baranagar,Jharkhand,India,2021-08-21
CUST02450,Patrick Raghavan,Female,bbera@example.org,0151483655,Rajkot,Himachal Pradesh,India,2023-03-16
CUST02451,Warda Deep,Male,rachitbali@example.net,6675267899,Rampur,Uttarakhand,India,2023-11-03
CUST02452,Qarin Arya,Female,lakshmi31@example.org,0181913983,Satara,Haryana,India,2024-08-15
CUST02453,Gopal Nagi,Female,wahabgara@example.net,5623502197,Tiruvottiyur,Himachal Pradesh,India,2025-10-13
CUST02454,Varsha Shetty,Male,ozanikita@example.com,5896172645,Bardhaman,Tripura,India,2021-09-04
CUST02455,Bahadurjit Balasubramanian,Male,haritacontractor@example.com,8985477211,Jalgaon,Andhra Pradesh,India,2022-02-05
CUST02456,Ladli Bandi,Female,nairchristopher@example.net,4259543495,Kavali,Goa,India,2025-07-11
CUST02457,Logan Sharma,Male,aggarwaldominic@example.net,0643654230,Mumbai,Madhya Pradesh,India,2026-02-11
CUST02458,Ayushman Oommen,Male,pdevi@example.com,1557843160,Anantapuram,Manipur,India,2023-07-06
CUST02459,Falan Basak,Female,amritakar@example.net,5776894692,Mira-Bhayandar,Maharashtra,India,2025-06-02
CUST02460,Eesha Sarkar,Male,vasudhaseshadri@example.com,8306406078,Gwalior,Gujarat,India,2024-08-11
CUST02461,Nathaniel Iyengar,Male,meghasachdev@example.net,1908149815,Siwan,Haryana,India,2022-04-25
CUST02462,Yashvi Krishnamurthy,Male,eaurora@example.net,2102597968,Jhansi,Uttar Pradesh,India,2023-10-25
CUST02463,Timothy Bandi,Female,khuranazaid@example.net,3812046092,Rohtak,Kerala,India,2025-10-09
CUST02464,Arin Magar,Female,xprashad@example.net,7399544149,Vijayawada,Arunachal Pradesh,India,2026-02-08
CUST02465,Imaran Thaman,Female,ekiyamani@example.com,4875533122,Thanjavur,Telangana,India,2023-04-26
CUST02466,Zaid Dora,Female,edhithathakur@example.org,4087611554,Ghaziabad,West Bengal,India,2021-11-21
CUST02467,Daniel Bawa,Male,malhotrawazir@example.com,0437050721,Ichalkaranji,Manipur,India,2026-05-25
CUST02468,Rajata Merchant,Male,menonekbal@example.org,4972548986,Mangalore,Karnataka,India,2023-11-08
CUST02469,Unnati Bhagat,Female,malhotraaryan@example.org,6911934645,Bhusawal,Gujarat,India,2025-06-26
CUST02470,Ekanta Tara,Male,patrick20@example.com,3582429402,Amritsar,Jharkhand,India,2025-05-20
CUST02471,Bakhshi Murty,Female,senanita@example.com,4644063715,Pali,Goa,India,2022-01-27
CUST02472,Aradhana Chakrabarti,Male,ppau@example.com,3052250921,Ajmer,Odisha,India,2024-07-12
CUST02473,Shaurya Walla,Female,otrivedi@example.net,6433928040,Khammam,Goa,India,2025-03-15
CUST02474,Umang Bandi,Male,onveer49@example.com,1043796158,Hapur,Manipur,India,2025-09-27
CUST02475,Forum Prabhakar,Female,cshroff@example.org,1794067334,Hajipur,Uttarakhand,India,2024-05-20
CUST02476,Aashi Lal,Female,venkateshkiaan@example.net,9290716692,Danapur,Himachal Pradesh,India,2024-09-12
CUST02477,Anirudh Pingle,Male,cchopra@example.net,5311279551,Davanagere,Himachal Pradesh,India,2023-07-28
CUST02478,Rohan Anne,Male,shuklayahvi@example.org,0699651904,Saharsa,Tripura,India,2021-11-30
CUST02479,Gagan Lall,Female,hritiksahni@example.com,7741588102,New Delhi,Odisha,India,2024-03-05
CUST02480,Ekalinga Sahni,Female,modydakshesh@example.org,1088158415,Amroha,Odisha,India,2022-10-15
CUST02481,Vivaan Bhavsar,Male,panini58@example.com,9794153847,Firozabad,Chhattisgarh,India,2022-08-09
CUST02482,Rajeshri Sehgal,Male,khuranaagastya@example.org,7453326712,Bhatpara,Haryana,India,2024-12-09
CUST02483,Adweta Bhakta,Male,gchand@example.net,0725355450,Ulhasnagar,Tamil Nadu,India,2026-05-05
CUST02484,Warda Saxena,Male,davebaljiwan@example.org,8048859326,Karawal Nagar,Kerala,India,2026-06-22
CUST02485,Varenya Muni,Male,amaira58@example.org,1126010394,Cuttack,Rajasthan,India,2025-08-18
CUST02486,Ojas Sanghvi,Male,dominicgill@example.org,9969779852,Uluberia,Meghalaya,India,2023-07-26
CUST02487,Manbir Zacharia,Male,dasyagnesh@example.com,9480418194,Kalyan-Dombivli,Mizoram,India,2021-11-15
CUST02488,Ria Bansal,Female,sethikrishna@example.com,1798307240,Indore,Arunachal Pradesh,India,2021-11-21
CUST02489,Simon Pau,Female,nathindira@example.org,6422611702,Saharanpur,Rajasthan,India,2023-03-01
CUST02490,Ayushman Saxena,Male,tchar@example.net,0251470039,Mira-Bhayandar,Kerala,India,2025-05-02
CUST02491,Veda Dhar,Female,fpadmanabhan@example.com,3564201475,Ambala,Uttarakhand,India,2025-03-27
CUST02492,Qabil Golla,Female,vhora@example.com,7133770507,Bahraich,Andhra Pradesh,India,2021-09-29
CUST02493,Jalsa Dugal,Female,bhavnajhaveri@example.org,9086777799,Aurangabad,Sikkim,India,2026-05-15
CUST02494,Harinakshi Ghose,Male,qhayer@example.net,4788999981,Shimoga,Tripura,India,2026-02-19
CUST02495,Noah Singhal,Male,bloyal@example.com,9312601603,Guwahati,Jharkhand,India,2025-09-20
CUST02496,Bakhshi Arya,Female,aarnaluthra@example.com,1725701310,Jaipur,Odisha,India,2022-10-01
CUST02497,Madhav Rajan,Female,dubeyyuvraj@example.net,4309830661,Sambhal,Odisha,India,2022-10-05
CUST02498,Rehaan Kannan,Male,triya56@example.org,7554999900,Saharanpur,Jharkhand,India,2023-08-31
CUST02499,Urvashi Ramaswamy,Male,nagarsanya@example.org,9381165712,Dibrugarh,Gujarat,India,2026-04-11
CUST02500,Fitan Sawhney,Male,omisha92@example.net,5679429427,Bettiah,Punjab,India,2023-02-02
CUST02501,Joshua Lad,Female,kalavyas@example.com,9672838019,Aurangabad,Bihar,India,2025-04-25
CUST02502,Dhriti Shankar,Female,urvi89@example.com,3301272353,Anand,Andhra Pradesh,India,2021-10-28
CUST02503,Bhavika Dhillon,Male,pmodi@example.com,5245672567,Jaipur,Bihar,India,2024-12-01
CUST02504,Onkar Banik,Female,rbhat@example.com,1605005941,Tadipatri,Haryana,India,2022-02-24
CUST02505,Chameli Sinha,Male,isaiah07@example.com,1818498844,Nagercoil,Kerala,India,2022-03-21
CUST02506,Xavier Chaudhry,Male,madhavchahal@example.net,2541790934,Dhanbad,Mizoram,India,2025-02-04
CUST02507,David Naidu,Female,hemangini74@example.net,2758433541,Ghaziabad,Chhattisgarh,India,2025-12-29
CUST02508,Manbir Sura,Male,spatla@example.net,0609883478,Siwan,Sikkim,India,2023-10-03
CUST02509,Jagvi Mital,Male,ymorar@example.com,4166569633,Pondicherry,Sikkim,India,2023-12-09
CUST02510,Caleb Vasa,Female,krishna70@example.com,0220333649,Howrah,Madhya Pradesh,India,2024-08-13
CUST02511,Abha Dey,Male,naveenbahri@example.org,6180690698,Saharsa,Punjab,India,2022-05-23
CUST02512,Ladli Munshi,Female,tsrinivasan@example.com,6903901605,New Delhi,Assam,India,2024-05-06
CUST02513,Harshil Patil,Female,daminidalia@example.net,4577324749,Amaravati,Mizoram,India,2022-10-20
CUST02514,Vyanjana Pradhan,Male,abeerkeer@example.com,7855661123,Hubli–Dharwad,Bihar,India,2024-05-25
CUST02515,Chanchal Joshi,Female,ishitagupta@example.com,8622299701,Berhampur,Meghalaya,India,2025-08-04
CUST02516,Michael Choudhary,Male,imittal@example.com,5999667390,Khora ,Kerala,India,2022-06-23
CUST02517,Dalbir Bajaj,Female,udada@example.org,6588290627,Delhi,Uttarakhand,India,2025-12-29
CUST02518,Balveer Pal,Male,morardarpan@example.com,5635859042,Patna,Haryana,India,2025-12-05
CUST02519,Hemangini Roy,Male,fbajaj@example.com,7636668094,Firozabad,Uttar Pradesh,India,2025-04-01
CUST02520,Varenya Sama,Female,rkumar@example.com,1533493710,Gaya,Gujarat,India,2022-05-18
CUST02521,Anay Sachdev,Female,kashvi77@example.com,9424578414,Bhiwani,Assam,India,2024-04-14
CUST02522,Karan Ben,Female,maanavnagar@example.net,7797456915,Bhavnagar,Madhya Pradesh,India,2025-08-22
CUST02523,Gunbir Baria,Male,chadhajagvi@example.net,3612295520,Bhopal,Telangana,India,2021-11-11
CUST02524,Yashvi Sastry,Male,trivenidevan@example.com,2655282373,Serampore,Karnataka,India,2024-02-29
CUST02525,Vedhika Luthra,Female,sibalmanbir@example.net,8618793917,Patna,Nagaland,India,2024-12-06
CUST02526,Fitan Venkatesh,Female,kalpit77@example.net,6689678953,Raichur,Uttar Pradesh,India,2022-09-14
CUST02527,Udarsh Bali,Female,rajeshribal@example.net,3453872383,Satna,Kerala,India,2022-11-09
CUST02528,Wahab Reddy,Female,ranveer27@example.net,0148948961,Ahmednagar,Madhya Pradesh,India,2022-05-05
CUST02529,Naksh Sha,Female,taraksen@example.com,0311256926,Pimpri-Chinchwad,Uttar Pradesh,India,2025-04-16
CUST02530,Chakradev Iyengar,Male,fkhatri@example.org,6050122949,Rajahmundry,Himachal Pradesh,India,2021-10-13
CUST02531,Eta Bora,Female,bakhshitata@example.org,5721572911,North Dumdum,Jharkhand,India,2024-01-28
CUST02532,Aarav Dhar,Female,pminhas@example.net,1982342505,Madurai,West Bengal,India,2025-05-13
CUST02533,Hema Shanker,Female,ravalmahika@example.com,6135728677,Ichalkaranji,Madhya Pradesh,India,2025-07-27
CUST02534,Anthony Sampath,Male,wnagy@example.com,2776513291,Naihati,Odisha,India,2025-02-14
CUST02535,Ekiya Shanker,Female,bobalwahab@example.org,5221461041,North Dumdum,Maharashtra,India,2024-03-24
CUST02536,Ishani Patla,Female,kbalakrishnan@example.net,6669630901,Jaipur,Mizoram,India,2021-11-08
CUST02537,Ayaan Pall,Male,bhavyaray@example.net,5141667873,Chandrapur,Kerala,India,2023-05-29
CUST02538,Madhav Nori,Male,sarinsaanvi@example.net,3879719759,Farrukhabad,Gujarat,India,2022-09-02
CUST02539,Bishakha Kothari,Male,tanmayi34@example.net,0602915183,Ambarnath,Gujarat,India,2023-03-29
CUST02540,Indira Patil,Male,nkala@example.net,5203539957,Gopalpur,Bihar,India,2023-11-05
CUST02541,Yuvraj Virk,Male,lakshpau@example.net,0295068866,Gandhidham,Kerala,India,2024-09-10
CUST02542,Garima Cherian,Female,ramanadya@example.com,7809681576,Morbi,Assam,India,2024-10-15
CUST02543,Kamya Mann,Female,chakradev29@example.org,0379169182,Bhilai,Uttar Pradesh,India,2022-05-26
CUST02544,Simon Bava,Male,mannharinakshi@example.net,4377800262,Burhanpur,Nagaland,India,2026-07-23
CUST02545,Chavvi Kaur,Female,kumarchakradev@example.org,2979677216,Sangli-Miraj & Kupwad,Uttarakhand,India,2025-05-26
CUST02546,Ati Kunda,Female,dattahemal@example.net,0496201000,Amroha,Himachal Pradesh,India,2024-06-26
CUST02547,Ekani Tak,Male,inath@example.org,7737352081,Rajpur Sonarpur,Sikkim,India,2024-06-19
CUST02548,Ubika Som,Male,darpan19@example.com,9422736882,Darbhanga,Manipur,India,2021-12-17
CUST02549,Bhavini Savant,Male,epalan@example.net,6740929981,Guwahati,Odisha,India,2023-07-04
CUST02550,Devika Dhar,Female,jhajeevika@example.com,3637626116,Surendranagar Dudhrej,Madhya Pradesh,India,2023-12-06
CUST02551,Wahab Chaudhuri,Female,anjali39@example.com,8733885520,Chinsurah,Himachal Pradesh,India,2025-05-12
CUST02552,Krish Bhalla,Male,davidprashad@example.com,0631310479,Sambhal,Sikkim,India,2023-09-17
CUST02553,Nicholas Lad,Female,yashodadhingra@example.com,0280114469,Kavali,West Bengal,India,2025-09-24
CUST02554,Varenya Keer,Female,bhallalipika@example.org,2607982117,Ahmednagar,Kerala,India,2022-06-24
CUST02555,Karan Vasa,Male,wakeetabasu@example.org,7415717173,Fatehpur,Bihar,India,2025-02-11
CUST02556,Dhriti Balakrishnan,Male,vedika12@example.org,2713525830,Kharagpur,Meghalaya,India,2025-03-29
CUST02557,Gautami Dewan,Male,cmorar@example.com,2115174350,Nangloi Jat,Manipur,India,2022-10-14
CUST02558,Ishaan Chander,Female,magarharita@example.net,6055043408,Patna,Manipur,India,2023-12-30
CUST02559,Yutika Bera,Female,fitanwable@example.org,6125788312,Rajpur Sonarpur,Karnataka,India,2026-06-10
CUST02560,Rachit Bhatti,Female,wsengupta@example.org,6490932575,Ambarnath,Nagaland,India,2026-06-10
CUST02561,Andrew Oak,Female,samrarudra@example.org,3339012540,Dharmavaram,Tamil Nadu,India,2024-06-27
CUST02562,Hemang Amble,Male,jagratisheth@example.com,3119752750,Korba,Madhya Pradesh,India,2024-03-22
CUST02563,Tarak Manda,Female,rbhatt@example.net,8296311405,Coimbatore,Punjab,India,2021-08-04
CUST02564,Rayaan Bora,Male,nakul88@example.org,1273945286,Miryalaguda,Punjab,India,2023-04-06
CUST02565,Indrajit Nayak,Female,jsangha@example.net,5727826451,Suryapet,Uttar Pradesh,India,2023-09-14
CUST02566,Radha Nadig,Male,kakarpraneel@example.com,5313372586,Udaipur,Uttarakhand,India,2023-12-17
CUST02567,Anita Korpal,Male,lavanyaghosh@example.org,4283143785,Panipat,Goa,India,2022-08-28
CUST02568,Lekha Shukla,Male,omkaar59@example.org,1008450319,Dewas,Maharashtra,India,2024-09-04
CUST02569,Falan Kunda,Female,warjaskohli@example.net,3670057759,Motihari,Uttarakhand,India,2024-12-20
CUST02570,Widisha Gade,Female,hemang03@example.com,3480915109,Rajkot,Rajasthan,India,2025-07-31
CUST02571,Pooja Deo,Male,manyavyas@example.com,0305139744,Maheshtala,Rajasthan,India,2021-09-13
CUST02572,Arya Hora,Male,upasnanarayanan@example.net,2360556636,Kavali,West Bengal,India,2026-02-09
CUST02573,Sneha Vasa,Female,riyaloyal@example.net,5237152241,Tadipatri,Telangana,India,2023-03-05
CUST02574,Vedika Viswanathan,Female,gauri11@example.org,5900170739,Howrah,Uttar Pradesh,India,2025-01-05
CUST02575,Bhavani Dass,Male,kahuja@example.net,8182704417,Chandrapur,Uttar Pradesh,India,2024-01-02
CUST02576,Jeevika Badami,Male,xavierhari@example.org,2866104965,Mangalore,Telangana,India,2023-09-07
CUST02577,Darika Vig,Male,saxenavivaan@example.org,2821000869,Ahmedabad,Uttar Pradesh,India,2022-12-23
CUST02578,Tanay Sankar,Female,bvarma@example.org,9268373012,Thanjavur,Tamil Nadu,India,2022-10-14
CUST02579,Wahab Bahri,Female,zvirk@example.net,5503978047,Chapra,Odisha,India,2021-11-19
CUST02580,Nikita Chahal,Female,fariqgrewal@example.net,7476992502,Bhagalpur,Odisha,India,2022-05-04
CUST02581,Xalak Kurian,Male,anjali41@example.net,6853252183,Vasai-Virar,Madhya Pradesh,India,2023-06-10
CUST02582,Chandani Jhaveri,Female,chandadarpan@example.com,9001913109,Guntur,Chhattisgarh,India,2022-09-01
CUST02583,Amruta Warrior,Female,anushaatwal@example.com,9434058328,Malda,Gujarat,India,2024-01-24
CUST02584,Amaira Mutti,Female,haritauppal@example.net,9584727952,Tezpur,Himachal Pradesh,India,2023-08-05
CUST02585,Ira Om,Female,oniarora@example.org,6892329342,Raebareli,Andhra Pradesh,India,2026-03-23
CUST02586,Ganga Atwal,Female,doshivedika@example.org,4863643545,Pondicherry,Odisha,India,2024-01-02
CUST02587,Raksha Vasa,Female,onveer16@example.com,7196807757,Ambala,Meghalaya,India,2023-08-14
CUST02588,Alka Sachar,Female,pkhatri@example.org,4713498668,Ongole,Goa,India,2024-11-07
CUST02589,Patrick Narula,Male,vkara@example.net,1813735127,Gulbarga,Nagaland,India,2024-04-01
CUST02590,Yash Dasgupta,Male,ishwar69@example.org,2529475315,Amaravati,Arunachal Pradesh,India,2021-11-25
CUST02591,Yasti Shah,Female,ronithganesh@example.com,2187814086,Chinsurah,Uttarakhand,India,2025-01-16
CUST02592,Ranbir Dugar,Male,bajajalexander@example.org,5062292309,Hosur,West Bengal,India,2022-02-18
CUST02593,Charles Garde,Female,liladalia@example.org,6727556862,Dehri,West Bengal,India,2022-12-19
CUST02594,Abeer Chakrabarti,Female,neelsangha@example.com,9144508513,Karnal,Gujarat,India,2026-02-19
CUST02595,Krishna Sehgal,Female,nigamekaja@example.net,1398168988,Ulhasnagar,Punjab,India,2023-11-26
CUST02596,Nicholas Johal,Male,chandranisha@example.com,7774798005,Nagpur,Jharkhand,India,2024-07-16
CUST02597,Falguni Memon,Female,yochanamore@example.com,1180209913,Nellore,Gujarat,India,2025-05-28
CUST02598,Zaid Dar,Male,bakhshi89@example.com,8806112215,Sri Ganganagar,Sikkim,India,2026-05-05
CUST02599,Wahab Purohit,Male,crajagopalan@example.net,1121679862,Ahmednagar,Himachal Pradesh,India,2022-03-19
CUST02600,Robert Srivastava,Female,imaranchowdhury@example.net,3751602275,Gangtok,Bihar,India,2022-08-17
CUST02601,Hardik Pillai,Male,ramanathanhemal@example.net,6146323733,Nagpur,Bihar,India,2022-07-15
CUST02602,Anirudh Mishra,Male,nachiket37@example.org,1937165559,Dehradun,Arunachal Pradesh,India,2022-10-14
CUST02603,Nikita Parekh,Female,wpalan@example.com,0565091189,Miryalaguda,Jharkhand,India,2024-02-13
CUST02604,Nilima Garg,Male,chaaya52@example.com,4754655604,Maheshtala,Meghalaya,India,2026-04-07
CUST02605,Balveer Garg,Male,biswaspahal@example.com,5146163362,Jamalpur,Assam,India,2025-06-02
CUST02606,Ridhi Char,Female,vaishnavi72@example.com,8931195174,Saharanpur,Chhattisgarh,India,2023-10-09
CUST02607,Alexander Saxena,Male,sureshmadhav@example.net,7844856353,Madhyamgram,West Bengal,India,2022-04-27
CUST02608,Caleb Naidu,Female,ksom@example.org,3798126316,Udupi,Jharkhand,India,2026-01-21
CUST02609,Yashawini Verma,Female,khuranaom@example.org,8542915733,Meerut,Assam,India,2024-07-26
CUST02610,Vritti Setty,Female,ybalan@example.com,9943293421,Madurai,Maharashtra,India,2021-07-27
CUST02611,Henry Chakraborty,Female,aayushraman@example.org,5251330784,Patna,Odisha,India,2021-12-02
CUST02612,Chakrika Sandal,Female,lsalvi@example.com,5843280004,Korba,Bihar,India,2024-11-12
CUST02613,Radhika Lal,Male,nvala@example.net,6369981792,Alappuzha,Jharkhand,India,2022-06-25
CUST02614,Saksham Taneja,Female,pillayadvaith@example.com,1466453953,Miryalaguda,Nagaland,India,2026-01-19
CUST02615,Yasti Ghosh,Male,jmutti@example.net,0768680903,Udaipur,Bihar,India,2024-09-15
CUST02616,Noah Bhargava,Male,ljaggi@example.net,7240652629,Bikaner,Sikkim,India,2021-12-12
CUST02617,Aarush Padmanabhan,Female,vasatikakant@example.net,8770744797,Tirunelveli,Uttarakhand,India,2024-05-03
CUST02618,Balvan Aggarwal,Male,palllibni@example.com,8121027024,Jalandhar,Punjab,India,2024-06-21
CUST02619,Zilmil Soman,Male,ishanikhare@example.org,1224917960,South Dumdum,Meghalaya,India,2025-03-13
CUST02620,Orinder Shukla,Male,lankadamini@example.com,3783833708,Karnal,Jharkhand,India,2021-08-30
CUST02621,Sudiksha Bahri,Female,shivansh75@example.com,2973494184,Dharmavaram,Chhattisgarh,India,2024-02-20
CUST02622,Mugdha Bail,Female,taraarin@example.net,0778238452,Varanasi,Odisha,India,2022-11-26
CUST02623,Frederick Bera,Female,ugarg@example.org,8004300160,Buxar,Bihar,India,2022-04-08
CUST02624,Lila Kibe,Male,dyalwidisha@example.net,3324026270,Jorhat,Uttarakhand,India,2025-03-02
CUST02625,Ijaya Anand,Female,yravel@example.com,9344786262,Gurgaon,Karnataka,India,2023-03-07
CUST02626,Caleb Virk,Female,vyanjanamangal@example.net,2125956992,Chapra,Gujarat,India,2025-10-26
CUST02627,Shivani Basak,Male,beraneel@example.org,3309617703,Proddatur,Uttarakhand,India,2024-03-27
CUST02628,Zaitra D’Alia,Male,masterekani@example.net,9527748798,Sirsa,Madhya Pradesh,India,2023-04-21
CUST02629,Viraj Mukhopadhyay,Female,subramaniamyoshita@example.com,5266824656,Parbhani,Himachal Pradesh,India,2024-01-20
CUST02630,Thomas Wable,Male,qtripathi@example.net,4557556225,Loni,Rajasthan,India,2021-09-19
CUST02631,Kashvi Kakar,Male,chaman68@example.org,6481686817,Purnia,Kerala,India,2021-09-15
CUST02632,Idika Barman,Female,nagiati@example.org,6352319780,Eluru,Tamil Nadu,India,2022-02-28
CUST02633,Manbir Dasgupta,Female,tanveergrover@example.com,3064059621,Aligarh,Kerala,India,2024-12-17
CUST02634,Gavin Dyal,Male,karekavir@example.com,3020416163,Begusarai,Odisha,India,2021-09-29
CUST02635,Oviya Dar,Female,joshiaarush@example.net,7947220769,Sasaram,Goa,India,2024-11-17
CUST02636,Ucchal Wali,Female,aarini72@example.net,6062160649,Phusro,Uttar Pradesh,India,2024-10-01
CUST02637,Noah Mammen,Female,qasimsharaf@example.com,4799842473,Warangal,Tripura,India,2023-04-15
CUST02638,Samar Dutt,Female,asachdev@example.net,6169092751,Bhiwandi,Chhattisgarh,India,2024-05-01
CUST02639,Anirudh Mahajan,Male,mahajankiaan@example.net,2176646124,Ahmedabad,Kerala,India,2021-12-05
CUST02640,Faras Sampath,Male,nidradalal@example.net,0721595407,Ghaziabad,Haryana,India,2022-07-19
CUST02641,Varsha Nagar,Male,iyengarurvi@example.org,7610259839,Nagercoil,Tripura,India,2025-07-21
CUST02642,Om Suresh,Female,yatangara@example.net,9282695953,Berhampore,Himachal Pradesh,India,2021-08-08
CUST02643,Kritika Gulati,Female,bakhshibaria@example.com,9121849368,South Dumdum,Maharashtra,India,2022-03-14
CUST02644,Udarsh Bhargava,Male,leelatella@example.org,5516292674,Akola,Himachal Pradesh,India,2021-10-07
CUST02645,Dhruv Sekhon,Female,henrysinha@example.org,9840401685,Buxar,Himachal Pradesh,India,2023-07-07
CUST02646,Abhiram Jhaveri,Male,ekaja70@example.org,4589091857,Ambattur,Nagaland,India,2024-02-18
CUST02647,Bakhshi Salvi,Female,fiyazhanda@example.com,5067931557,Durg,Bihar,India,2024-01-11
CUST02648,Nidra Pillai,Male,faras48@example.net,2874824495,Hospet,Odisha,India,2022-06-30
CUST02649,Tristan Sharaf,Male,varshabarad@example.org,5032008736,Munger,Karnataka,India,2025-04-13
CUST02650,Girindra Divan,Female,alexanderjaggi@example.org,6832960188,Mahbubnagar,Jharkhand,India,2023-01-15
CUST02651,Wishi Dara,Female,hpalla@example.net,8164079608,Gandhinagar,Chhattisgarh,India,2024-04-16
CUST02652,Ati Sarraf,Female,charitakorpal@example.net,0967278010,Kollam,Andhra Pradesh,India,2022-04-29
CUST02653,Dipta Biswas,Female,hprashad@example.org,5114683627,Tiruvottiyur,Sikkim,India,2024-03-09
CUST02654,Neha Tandon,Male,charan46@example.org,3902212947,Jhansi,Nagaland,India,2022-02-18
CUST02655,Watika Nayak,Female,oshetty@example.org,1615846312,Chapra,Chhattisgarh,India,2023-11-30
CUST02656,Omisha Sha,Female,libni09@example.org,3876275146,Thanjavur,Bihar,India,2023-11-22
CUST02657,Madhav Chand,Male,neelima89@example.org,2073984151,Silchar,Nagaland,India,2025-01-09
CUST02658,Dakshesh Vora,Female,vasaxalak@example.com,9692119099,Motihari,Jharkhand,India,2026-04-03
CUST02659,Adya Mangat,Male,rbrahmbhatt@example.org,6826516447,Khammam,Andhra Pradesh,India,2021-12-18
CUST02660,Kamya Wable,Female,anjalikamdar@example.org,2080689113,Nagercoil,Goa,India,2024-04-20
CUST02661,Wishi Majumdar,Male,jack77@example.com,6180396612,Ambarnath,Manipur,India,2023-12-19
CUST02662,Vincent Varma,Female,mdugar@example.org,1411071192,Kamarhati,Tamil Nadu,India,2021-08-16
CUST02663,Fitan Raghavan,Female,kashvi07@example.org,4115182725,Ratlam,Manipur,India,2023-09-05
CUST02664,Aarnav Chanda,Female,aishani73@example.org,1562821404,Vijayawada,Andhra Pradesh,India,2024-05-26
CUST02665,Oni Rai,Female,adityagara@example.com,4119947951,Kolkata,Bihar,India,2022-11-17
CUST02666,Ishita Menon,Female,mugdha47@example.net,3621053299,Alwar,Maharashtra,India,2021-12-27
CUST02667,Chavvi Kala,Female,suhanipai@example.org,6714960633,Sangli-Miraj & Kupwad,Uttar Pradesh,India,2026-01-29
CUST02668,Indrajit Thaman,Female,falakchaudhry@example.net,2438412550,Lucknow,West Bengal,India,2025-04-15
CUST02669,Dayita Bera,Male,uratti@example.org,5613515924,Gangtok,Meghalaya,India,2023-02-11
CUST02670,Ishaan Contractor,Female,ayaankapadia@example.org,4053463358,Madanapalle,Bihar,India,2026-03-21
CUST02671,Omisha Korpal,Male,kalabaghyawati@example.com,0812328228,Danapur,Nagaland,India,2025-10-28
CUST02672,Madhav Chakrabarti,Male,ogoswami@example.org,3658294289,Kirari Suleman Nagar,Telangana,India,2024-09-08
CUST02673,Vansha Bhatnagar,Male,falankarpe@example.com,3712571223,Hindupur,Mizoram,India,2025-07-25
CUST02674,Yauvani Wagle,Male,jyoti78@example.org,5917464758,Machilipatnam,Odisha,India,2022-07-07
CUST02675,Udyati Subramanian,Female,vivaan46@example.org,7827321067,Salem,Sikkim,India,2022-05-30
CUST02676,Ekavir Seth,Male,ekibe@example.org,5151928541,Haldia,Gujarat,India,2026-05-11
CUST02677,Samaksh Halder,Male,guneetghose@example.net,8944800645,Katihar,Punjab,India,2024-05-07
CUST02678,Urvashi Dasgupta,Female,dbobal@example.net,3162012458,Moradabad,Rajasthan,India,2024-05-20
CUST02679,Xiti Mane,Male,tsundaram@example.org,7978687084,Bhatpara,Chhattisgarh,India,2024-11-14
CUST02680,Ranbir Palan,Male,munshianirudh@example.net,7815571037,Kavali,Arunachal Pradesh,India,2023-01-22
CUST02681,Frederick Dhawan,Female,wsarraf@example.org,2220917703,Danapur,Uttarakhand,India,2021-10-09
CUST02682,Hemani Kalita,Female,mekhalaarya@example.org,7776876326,Meerut,Uttarakhand,India,2024-08-12
CUST02683,Anika Tiwari,Male,rjhaveri@example.com,1741028265,Bangalore,Punjab,India,2026-03-08
CUST02684,Kritika Krishna,Male,fprashad@example.org,8213450438,Ambarnath,Rajasthan,India,2024-07-22
CUST02685,Dakshesh Yohannan,Female,georgebath@example.org,7481542087,Dharmavaram,Meghalaya,India,2022-11-08
CUST02686,Amrita Shenoy,Male,fbadami@example.com,5360188801,Amravati,Nagaland,India,2023-04-03
CUST02687,Simon Agarwal,Female,ayush82@example.org,5017002980,Bhatpara,Gujarat,India,2021-08-02
CUST02688,Caleb Bobal,Male,narasimhanfaqid@example.com,4988209410,Nangloi Jat,Punjab,India,2024-07-26
CUST02689,Hiral Hora,Female,boommen@example.org,9663496332,Alappuzha,Uttarakhand,India,2024-07-28
CUST02690,Omkaar Lad,Male,nirjazachariah@example.com,0989572257,Bhopal,Jharkhand,India,2022-12-21
CUST02691,Anthony Sarraf,Female,ekapad84@example.net,7253902478,Aurangabad,Tripura,India,2024-04-16
CUST02692,Sai Seshadri,Female,tmanne@example.net,7957404996,Chittoor,Haryana,India,2024-04-18
CUST02693,Krishna Savant,Female,gavin14@example.net,9097000875,Hapur,Tripura,India,2021-11-07
CUST02694,Isaiah Chowdhury,Female,teerth83@example.com,4903146599,Tinsukia,Odisha,India,2022-10-29
CUST02695,Bakhshi Saraf,Male,yashodharasastry@example.org,5111008229,Kalyan-Dombivli,Uttar Pradesh,India,2026-07-06
CUST02696,Arin Deep,Female,bhavinimane@example.net,6773223073,Delhi,Karnataka,India,2022-06-17
CUST02697,Jackson Loyal,Female,chawlaanya@example.org,8628124199,Guna,Tamil Nadu,India,2023-04-11
CUST02698,Vritti Mitra,Female,aadhyanarayan@example.net,8785499477,Davanagere,Karnataka,India,2025-05-26
CUST02699,Vanya Kari,Female,umutti@example.org,3140404294,Morbi,Meghalaya,India,2024-12-13
CUST02700,Balendra Mital,Female,yoshitasant@example.com,8410850271,Cuttack,Haryana,India,2025-08-24
CUST02701,Nikita Sami,Female,ekalingakrishna@example.org,1045224095,Parbhani,Haryana,India,2023-06-16
CUST02702,Henry Bhavsar,Female,mekhalasubramaniam@example.com,1664119983,Rajpur Sonarpur,Himachal Pradesh,India,2022-06-14
CUST02703,Nidhi Nadig,Female,palanreva@example.com,2356888785,Suryapet,Andhra Pradesh,India,2026-06-06
CUST02704,Ayush Bakshi,Male,bhavinibadami@example.net,2089365549,Varanasi,Sikkim,India,2023-04-15
CUST02705,Chasmum Lanka,Male,salvikeya@example.net,5012020468,Vellore,Maharashtra,India,2024-12-28
CUST02706,Anya Biswas,Male,ekalingachhabra@example.com,1382601122,Thanjavur,Manipur,India,2025-03-16
CUST02707,Ojas Ratti,Male,jaimahajan@example.org,3224843479,Nagercoil,Arunachal Pradesh,India,2024-04-16
CUST02708,Praneel Dash,Female,wishidugar@example.net,2381202039,Karimnagar,Gujarat,India,2021-12-18
CUST02709,Oscar Randhawa,Female,ckata@example.com,9389783633,Panihati,Tripura,India,2024-04-10
CUST02710,Chandresh Mutti,Female,hemani76@example.com,2772055816,Amravati,Himachal Pradesh,India,2022-06-23
CUST02711,Veer Pandit,Female,pranitsolanki@example.com,7877398843,Tiruppur,Haryana,India,2024-03-04
CUST02712,Vasudha Pal,Female,charvimagar@example.org,3497841784,Dehri,Arunachal Pradesh,India,2023-10-01
CUST02713,Naksh Grover,Female,tloyal@example.net,8718138291,Sikar,Madhya Pradesh,India,2024-06-03
CUST02714,Ishani Kala,Female,chasmumdash@example.com,5383553047,Mira-Bhayandar,Tamil Nadu,India,2023-07-13
CUST02715,Max Sahota,Female,anya56@example.net,3993605614,Mumbai,Manipur,India,2024-11-17
CUST02716,Chasmum Seshadri,Male,gaurang63@example.com,6166071113,Solapur,Odisha,India,2025-03-30
CUST02717,Nihal Din,Male,liamraghavan@example.com,8742317075,Aligarh,Tamil Nadu,India,2023-01-19
CUST02718,Sai Rege,Male,leela63@example.org,0960512609,Davanagere,Uttar Pradesh,India,2023-01-31
CUST02719,Brijesh Venkatesh,Female,advaithdey@example.net,7442413017,Mysore,Chhattisgarh,India,2024-03-29
CUST02720,Mitesh Andra,Male,nihal88@example.net,8924877973,Orai,Haryana,India,2026-01-25
CUST02721,Sanya Walia,Male,jack58@example.net,1299177228,Bardhaman,Madhya Pradesh,India,2022-10-28
CUST02722,Ranbir Baral,Female,mkothari@example.org,5258841578,Ozhukarai,Chhattisgarh,India,2022-07-26
CUST02723,Raagini Sen,Male,arai@example.net,7254079962,Shimla,Goa,India,2025-08-06
CUST02724,Aarush Lad,Male,azaan49@example.net,1605879427,Tinsukia,Nagaland,India,2023-01-19
CUST02725,Naveen Ratti,Female,maya25@example.org,4506856482,Dehri,Sikkim,India,2025-02-11
CUST02726,Vasana Murthy,Male,bhavini93@example.org,2241483136,Anantapur,Punjab,India,2022-06-20
CUST02727,Adya Goel,Female,ndugal@example.org,1911245564,Buxar,Tamil Nadu,India,2025-09-14
CUST02728,Anika Savant,Female,zaitraray@example.org,6591958759,Dibrugarh,Tamil Nadu,India,2025-05-20
CUST02729,Darika Devan,Male,tara13@example.org,9089735198,Satna,West Bengal,India,2024-06-22
CUST02730,Eesha Taneja,Female,raghavnori@example.com,4933037519,Dharmavaram,Manipur,India,2024-03-04
CUST02731,Advaith Handa,Female,aahana46@example.org,5232409302,Ludhiana,Bihar,India,2025-09-23
CUST02732,Wriddhish Kar,Male,leelahegde@example.org,8744594764,Narasaraopet,Himachal Pradesh,India,2024-10-25
CUST02733,Tara Lalla,Male,agastyawadhwa@example.net,6044174455,Shivpuri,Mizoram,India,2022-07-25
CUST02734,Aradhana Savant,Male,praneel82@example.net,5935209568,Alappuzha,Chhattisgarh,India,2022-11-23
CUST02735,Sachi Loyal,Female,arinprasad@example.com,4299386733,Bhatpara,Kerala,India,2025-10-10
CUST02736,Max Kala,Female,atiwari@example.net,2286184441,Gandhidham,Bihar,India,2023-06-18
CUST02737,Charles Bhasin,Male,vnigam@example.com,8831702658,Allahabad,Kerala,India,2022-05-29
CUST02738,Sarthak Trivedi,Male,samuel93@example.org,7540227224,Pondicherry,Chhattisgarh,India,2022-10-09
CUST02739,Sanaya Sankaran,Male,lopabhat@example.com,1098623202,Singrauli,Odisha,India,2021-09-10
CUST02740,Ekaraj Suresh,Male,azaan16@example.net,6245989971,Ujjain,Odisha,India,2026-05-03
CUST02741,Vedhika Lanka,Female,takchandani@example.com,8584949934,Kalyan-Dombivli,Mizoram,India,2023-05-04
CUST02742,Gautami Hari,Female,boseganga@example.net,1611050112,Shimla,Tamil Nadu,India,2025-01-31
CUST02743,Niharika Sankar,Male,achander@example.net,8946175698,Loni,Chhattisgarh,India,2022-11-22
CUST02744,Zilmil Dash,Female,pantwidisha@example.org,4487578187,Rohtak,Arunachal Pradesh,India,2026-05-11
CUST02745,Neha Chahal,Female,anjali36@example.org,7137244338,Aurangabad,Chhattisgarh,India,2026-05-23
CUST02746,Timothy Chacko,Male,bailguneet@example.net,2695959612,Buxar,Jharkhand,India,2025-08-10
CUST02747,Ranbir Nadkarni,Female,bajwaekta@example.com,8319649262,Amravati,Uttarakhand,India,2026-02-03
CUST02748,Harish Thaman,Female,janya47@example.com,7522123679,Kolkata,Uttar Pradesh,India,2022-12-20
CUST02749,Maya Ganesh,Male,ybabu@example.net,6713558780,Uluberia,Andhra Pradesh,India,2024-06-11
CUST02750,Yuvraj Thakkar,Female,chandanishanker@example.net,9320206560,Coimbatore,Andhra Pradesh,India,2021-12-27
CUST02751,Omkaar Samra,Female,ianand@example.org,7903437439,Meerut,Maharashtra,India,2024-06-06
CUST02752,Riya Buch,Female,gauri53@example.net,5890049751,Ulhasnagar,Assam,India,2024-02-15
CUST02753,Ikbal Sanghvi,Female,imallick@example.com,0152433570,Hubli–Dharwad,Karnataka,India,2025-01-07
CUST02754,Damini Baral,Male,sandhunaksh@example.org,4818217966,Bhagalpur,Uttar Pradesh,India,2022-06-05
CUST02755,Alka Bala,Male,misralibni@example.net,6070457546,Morbi,Karnataka,India,2026-04-04
CUST02756,Aahana Oza,Female,bahrinidra@example.com,2127222348,Varanasi,Madhya Pradesh,India,2025-05-09
CUST02757,Viraj Pillai,Male,dakshgala@example.org,4852431376,Karnal,Assam,India,2023-06-25
CUST02758,Vivaan Suresh,Male,hpall@example.com,8454272971,Varanasi,Jharkhand,India,2026-02-24
CUST02759,Ekavir Sengupta,Male,kapadiaekantika@example.net,1579386800,Thoothukudi,Punjab,India,2026-03-10
CUST02760,Jatin Vyas,Female,samakalpit@example.org,6875164740,Thiruvananthapuram,Andhra Pradesh,India,2023-04-29
CUST02761,Varenya Dua,Female,tmody@example.com,4431739819,Pallavaram,Nagaland,India,2025-05-09
CUST02762,Yutika Dugal,Male,rkanda@example.org,9059831917,Kumbakonam,Rajasthan,India,2022-09-14
CUST02763,Anthony Mammen,Female,edhitha40@example.org,1995257730,Dindigul,Gujarat,India,2024-05-18
CUST02764,Upasna Arora,Male,halderlibni@example.com,8399482297,Adoni,Arunachal Pradesh,India,2024-05-24
CUST02765,Hredhaan Salvi,Female,chauhanjasmit@example.com,0428272971,Tirunelveli,Uttarakhand,India,2022-06-12
CUST02766,Nachiket Lalla,Male,sarthakprabhu@example.org,3483136800,Malda,Tamil Nadu,India,2022-12-18
CUST02767,Hemang Mannan,Female,lopa48@example.net,4748553429,Agartala,Sikkim,India,2024-08-21
CUST02768,Girik Chandra,Male,patrick30@example.com,6268539156,Pallavaram,Meghalaya,India,2023-11-24
CUST02769,Urvi Andra,Female,orinder32@example.com,5934347392,Khandwa,Telangana,India,2022-10-19
CUST02770,Sudiksha Sunder,Female,chackodakshesh@example.net,6227698434,Aizawl,Tamil Nadu,India,2022-07-17
CUST02771,Janani Gara,Female,xnarasimhan@example.org,2555485483,Shimoga,Gujarat,India,2026-04-16
CUST02772,Priya Tank,Female,pranav35@example.net,2333023440,Kolkata,Manipur,India,2026-07-16
CUST02773,Gaurika Bakshi,Female,xalakdhawan@example.net,0594047639,Avadi,Gujarat,India,2022-09-29
CUST02774,Ishani Reddy,Male,enair@example.org,5850121210,Kadapa,Madhya Pradesh,India,2023-09-15
CUST02775,Shivansh Balasubramanian,Female,vnazareth@example.net,9531102319,Bulandshahr,Uttarakhand,India,2022-07-07
CUST02776,Alexander Murthy,Male,lekhaghose@example.net,2828701241,Jamshedpur,Maharashtra,India,2024-08-29
CUST02777,Chaitaly Korpal,Female,qshankar@example.net,3144119701,Rajpur Sonarpur,Bihar,India,2025-04-03
CUST02778,Pranit Nagarajan,Female,rgoda@example.net,7892299197,Mangalore,Maharashtra,India,2023-11-14
CUST02779,Kavya Dey,Female,ayaanlall@example.com,2979133906,Buxar,Tamil Nadu,India,2025-01-28
CUST02780,Ayaan Trivedi,Female,morarjacob@example.com,1507692789,Vasai-Virar,Mizoram,India,2023-12-25
CUST02781,Osha Narang,Male,wsachdev@example.org,5696365727,Tezpur,Manipur,India,2024-06-27
CUST02782,Chakrika Minhas,Male,tristan65@example.net,2720629294,Darbhanga,Mizoram,India,2026-01-09
CUST02783,Jonathan Bumb,Female,mangatnathaniel@example.org,5127535107,Tezpur,Kerala,India,2023-01-21
CUST02784,Brinda Buch,Female,wakeetaparmer@example.com,4301007796,Serampore,Punjab,India,2023-05-12
CUST02785,Tara Gopal,Female,krish20@example.org,3437824600,Salem,Gujarat,India,2024-05-16
CUST02786,Dakshesh Rajagopal,Male,kala18@example.org,3513582043,Vellore,Tripura,India,2026-02-23
CUST02787,Ekaja Gour,Male,yatinbutala@example.net,1540856565,Ichalkaranji,Uttarakhand,India,2021-11-17
CUST02788,Jagrati Randhawa,Male,rushilbajaj@example.com,1435829928,Bulandshahr,Karnataka,India,2023-01-26
CUST02789,Peter Korpal,Female,janibachittar@example.org,3278605865,Tirunelveli,Odisha,India,2021-08-07
CUST02790,Nisha Chauhan,Male,bathedhitha@example.org,9570861176,Bhatpara,Meghalaya,India,2025-03-25
CUST02791,Udant Banik,Male,anamika88@example.org,2916776118,Nizamabad,Tripura,India,2025-09-12
CUST02792,Tanveer Raghavan,Male,mugdhagoyal@example.org,8644429523,Sultan Pur Majra,Nagaland,India,2024-07-09
CUST02793,Yamini Toor,Male,kzacharia@example.net,9969446080,Kolhapur,Haryana,India,2025-05-26
CUST02794,Azad Karpe,Female,jeet98@example.com,4216101062,Katihar,Sikkim,India,2025-06-17
CUST02795,Andrew Seth,Female,yash01@example.com,4211584790,Jamnagar,Tamil Nadu,India,2023-11-18
CUST02796,Nandini Tella,Male,hbumb@example.com,1726402176,Ratlam,Odisha,India,2025-09-24
CUST02797,Laban Kumar,Female,chaudharisai@example.com,1616480110,Kakinada,Manipur,India,2022-08-13
CUST02798,Bhavika Balan,Female,qarin53@example.com,2722559411,Rampur,Gujarat,India,2022-12-22
CUST02799,Nathaniel Menon,Female,tanvibasak@example.net,8415524848,Arrah,Maharashtra,India,2024-07-09
CUST02800,Veda Mannan,Female,upanchal@example.net,6885442948,Ozhukarai,Haryana,India,2025-08-09
CUST02801,Inaya Shan,Female,odeo@example.net,1291058048,Muzaffarnagar,Madhya Pradesh,India,2024-05-14
CUST02802,Oscar Handa,Female,bnaik@example.org,8716992333,Ambattur,Punjab,India,2023-11-22
CUST02803,Amruta Sani,Female,arinsingh@example.org,4544513031,Asansol,Telangana,India,2024-03-19
CUST02804,Veda Warrior,Male,lakshitupadhyay@example.com,5340686879,Ambattur,Tamil Nadu,India,2021-12-01
CUST02805,Indira Atwal,Male,watika77@example.com,3944194263,Gudivada,Sikkim,India,2023-05-23
CUST02806,Xavier Sagar,Male,hnarayanan@example.org,4020149487,Giridih,Gujarat,India,2024-01-16
CUST02807,Lakshmi Mannan,Female,udant91@example.net,3869464205,Kota,Chhattisgarh,India,2026-02-21
CUST02808,Wishi Arya,Female,falak41@example.com,7572785068,Bareilly,Haryana,India,2024-09-16
CUST02809,Azad Raj,Male,bhavika06@example.com,1757323340,Pudukkottai,Goa,India,2025-08-28
CUST02810,Anusha Shenoy,Male,mangatleena@example.net,3648788887,Belgaum,Telangana,India,2022-05-15
CUST02811,Krisha Ganesan,Female,bassimatthew@example.org,6820837651,Morena,Mizoram,India,2024-03-15
CUST02812,Nitesh Sandal,Female,uppalfrado@example.com,9394322918,Jorhat,West Bengal,India,2023-04-26
CUST02813,Isha Ray,Male,pathakwriddhish@example.net,8105554139,Bijapur,Tamil Nadu,India,2022-02-13
CUST02814,Ekapad Dhar,Female,daliatripti@example.net,5504196572,Rajahmundry,Rajasthan,India,2023-01-27
CUST02815,Fiyaz Varghese,Male,falan65@example.org,2024267757,Indore,Kerala,India,2023-11-16
CUST02816,Viraj Jaggi,Male,eta75@example.org,6403809104,Pudukkottai,Telangana,India,2022-09-19
CUST02817,Bahadurjit Vohra,Male,lvyas@example.com,2777777882,Bilaspur,Rajasthan,India,2024-09-15
CUST02818,Umang Buch,Male,tanmayi10@example.com,5880600262,Ballia,Assam,India,2025-07-07
CUST02819,Chandani Goyal,Male,santalka@example.org,9815275681,Korba,Bihar,India,2025-05-09
CUST02820,Omya Bandi,Female,waliaamruta@example.org,9901165263,Proddatur,Karnataka,India,2022-03-20
CUST02821,Eesha Nagarajan,Female,zaid37@example.net,3735834482,Gaya,Karnataka,India,2024-11-03
CUST02822,Yauvani Loke,Male,tarak87@example.org,0020758968,Madurai,Uttar Pradesh,India,2024-11-03
CUST02823,Daniel Gola,Male,soniadvay@example.com,6504386081,Sasaram,Bihar,India,2022-03-08
CUST02824,Manya Loyal,Male,dkunda@example.com,0682174025,Farrukhabad,Manipur,India,2023-05-19
CUST02825,Eta Barad,Male,isha90@example.net,6677936219,Bhatpara,Uttar Pradesh,India,2022-06-10
CUST02826,Christopher Walia,Female,aarnav48@example.com,6148920168,Ajmer,Uttarakhand,India,2022-03-22
CUST02827,Kai Mistry,Female,riyabanerjee@example.org,6791792641,Saharanpur,Punjab,India,2026-04-03
CUST02828,Lekha Bir,Female,qshenoy@example.net,7466659933,Panihati,Tamil Nadu,India,2021-11-02
CUST02829,Darpan Saraf,Male,oeshikhanna@example.net,8076646187,Amritsar,Arunachal Pradesh,India,2025-12-14
CUST02830,Tanish Manne,Female,ekansh55@example.com,2271595196,Ratlam,Karnataka,India,2024-06-04
CUST02831,Vamakshi Sampath,Female,neha66@example.com,3161580684,Kumbakonam,Meghalaya,India,2023-11-04
CUST02832,Yashodhara Pillai,Female,sanaya75@example.net,3276398055,Asansol,Mizoram,India,2024-08-24
CUST02833,Upkaar Patil,Female,qasimbahri@example.org,2277246347,Raurkela Industrial Township,Punjab,India,2023-11-03
CUST02834,Manan Nayak,Female,hsathe@example.net,3388923890,Haldia,Rajasthan,India,2022-12-06
CUST02835,Jeevika Kumar,Male,saanvi46@example.com,5020764354,Danapur,Madhya Pradesh,India,2025-02-05
CUST02836,Ikbal Thaman,Female,khuranaranveer@example.com,1546248614,Rampur,Manipur,India,2021-09-18
CUST02837,Ayushman Nadig,Female,raiwakeeta@example.net,6694697562,Mahbubnagar,Karnataka,India,2022-06-23
CUST02838,Amrita Andra,Male,ucchalkala@example.net,1576425168,Madurai,Rajasthan,India,2022-07-12
CUST02839,Chameli Choudhry,Female,ysavant@example.org,8698415472,Coimbatore,West Bengal,India,2026-07-09
CUST02840,Zayan Hans,Male,hemangtailor@example.org,0985470893,Allahabad,West Bengal,India,2022-06-28
CUST02841,Samar Thaman,Female,ukurian@example.com,0098865610,Ozhukarai,Mizoram,India,2025-02-28
CUST02842,Jackson Choudhary,Female,nidhi52@example.com,2937624629,Raiganj,Assam,India,2022-01-04
CUST02843,Hiral Chawla,Male,khoslagirik@example.org,0783231287,Uluberia,Tamil Nadu,India,2023-01-04
CUST02844,Aarush Rajagopal,Male,rajagopalanfaras@example.net,9326487296,Pali,Rajasthan,India,2025-02-04
CUST02845,Luke Kapur,Male,purianita@example.net,9075110146,Chandigarh,Mizoram,India,2025-04-21
CUST02846,Bimala Kant,Male,yauvani05@example.com,1122242264,Bidhannagar,Mizoram,India,2023-09-08
CUST02847,Deepa Basu,Female,pnazareth@example.org,9932416393,Alappuzha,Punjab,India,2024-02-01
CUST02848,Vedant Sarin,Male,rbuch@example.org,9227681194,Nagpur,Kerala,India,2023-01-14
CUST02849,Liam Gour,Female,lhayre@example.net,6115764326,Srinagar,Arunachal Pradesh,India,2025-08-23
CUST02850,Vincent Bajwa,Female,ekalinga02@example.net,2738248136,Kurnool,Manipur,India,2024-07-25
CUST02851,Bhavika Gara,Male,aradhana49@example.net,0608128037,Bidar,Punjab,India,2021-07-26
CUST02852,Eiravati Goda,Male,tlall@example.com,1088136546,Rajahmundry,Haryana,India,2025-10-08
CUST02853,Nimrat Cherian,Male,eiravati48@example.com,1641731519,Visakhapatnam,Telangana,India,2024-06-12
CUST02854,Janya Kuruvilla,Male,uvasa@example.org,6338450291,Raipur,Rajasthan,India,2022-07-20
CUST02855,Diya Rajan,Female,vincent82@example.com,0625545062,Gudivada,Maharashtra,India,2026-07-06
CUST02856,Nisha Mishra,Male,rehaansura@example.com,2392047084,Khammam,Haryana,India,2023-05-14
CUST02857,Vasatika Mandal,Female,oviya99@example.com,0330865954,Farrukhabad,Nagaland,India,2024-01-01
CUST02858,Eta Ganesan,Male,venkateshanusha@example.net,7240468053,Bhalswa Jahangir Pur,Madhya Pradesh,India,2022-09-03
CUST02859,Max Agrawal,Female,nlalla@example.com,6875079759,Nagaon,Chhattisgarh,India,2025-04-17
CUST02860,Joshua Palan,Male,indira12@example.net,0654323431,Darbhanga,Tripura,India,2022-11-22
CUST02861,Ekaraj Raju,Female,natarajananmol@example.org,8902498245,Fatehpur,Kerala,India,2024-08-27
CUST02862,Meghana Joshi,Male,irashukla@example.org,7147889505,Panvel,Tamil Nadu,India,2022-01-12
CUST02863,Udant Sagar,Female,xrao@example.net,9746096228,Allahabad,Arunachal Pradesh,India,2023-09-18
CUST02864,Aditya Ahuja,Male,omalka@example.net,9271997430,Bahraich,Gujarat,India,2023-09-10
CUST02865,Kabir Suri,Female,wazirde@example.com,2533978466,Ludhiana,Nagaland,India,2024-06-09
CUST02866,Ekansh Bail,Male,mram@example.com,6927041759,Sambhal,West Bengal,India,2022-12-11
CUST02867,Kiaan Lall,Male,arastogi@example.org,0375449237,Chittoor,Meghalaya,India,2024-02-25
CUST02868,Daksha Mander,Male,ubika31@example.net,5485727890,Rampur,Uttar Pradesh,India,2025-10-31
CUST02869,Zayan Grewal,Male,waliaowen@example.com,2237780057,Vasai-Virar,Tripura,India,2024-05-31
CUST02870,Ishani Ramakrishnan,Female,ypathak@example.com,8272246896,Siwan,Andhra Pradesh,India,2024-07-17
CUST02871,Ekbal Mittal,Male,omchadha@example.com,0423247936,Sangli-Miraj & Kupwad,Bihar,India,2025-02-08
CUST02872,Ganga Dewan,Female,ishita16@example.net,6851087736,Srinagar,Bihar,India,2024-05-14
CUST02873,Nimrat Konda,Female,reyanshbhat@example.com,1020025643,Ramagundam,Meghalaya,India,2025-11-21
CUST02874,Matthew Mann,Male,william68@example.org,7566948518,Berhampur,Uttarakhand,India,2021-08-23
CUST02875,Benjamin Sane,Female,anirudhdoctor@example.net,2637383162,Asansol,Tamil Nadu,India,2022-06-03
CUST02876,Karan Basak,Female,anamikamangat@example.net,5248296799,Jalna,Jharkhand,India,2023-03-01
CUST02877,Urishilla Wali,Female,gauri09@example.com,3580670403,Morbi,Manipur,India,2021-09-06
CUST02878,Hardik Jain,Male,jonathanmaster@example.org,0042820651,Pali,Rajasthan,India,2025-10-28
CUST02879,Yauvani Mammen,Female,rrajagopal@example.org,0000176820,Pudukkottai,Bihar,India,2021-08-11
CUST02880,Gautam Anne,Female,prabhukamala@example.net,1141298937,Korba,Odisha,India,2024-12-06
CUST02881,Sai Comar,Female,veersachdeva@example.com,6293833978,Mahbubnagar,Himachal Pradesh,India,2023-12-20
CUST02882,Neha Sahota,Female,advaydey@example.net,7293170716,Howrah,Jharkhand,India,2024-01-15
CUST02883,Lavanya Amble,Female,simon76@example.com,2971704788,Moradabad,Himachal Pradesh,India,2023-10-03
CUST02884,Sanaya Wagle,Female,zinal76@example.org,3972735407,Machilipatnam,Andhra Pradesh,India,2022-06-15
CUST02885,Waida Agate,Female,aarav68@example.net,2961141644,Nagaon,Nagaland,India,2024-11-18
CUST02886,Gunbir Kumer,Female,chavvigrover@example.com,6271013677,Thanjavur,Haryana,India,2022-09-24
CUST02887,Harshil Narain,Female,yutika55@example.org,9263366501,Hubli–Dharwad,Haryana,India,2022-08-05
CUST02888,Panini Sengupta,Female,akhatri@example.org,5290736158,Belgaum,Telangana,India,2025-06-13
CUST02889,Tristan Edwin,Female,hnarula@example.net,8930807515,Guntakal,Himachal Pradesh,India,2026-04-26
CUST02890,Lucky Nigam,Male,lukekohli@example.net,4273465111,Nashik,Manipur,India,2026-01-09
CUST02891,Rachit Chadha,Female,vrishti84@example.com,3041803958,Salem,Arunachal Pradesh,India,2023-02-02
CUST02892,Udarsh Menon,Male,rpuri@example.com,5958286040,Bhimavaram,Assam,India,2026-03-07
CUST02893,Ishani Sawhney,Female,vasanasidhu@example.com,7430294185,Siwan,Mizoram,India,2026-06-13
CUST02894,Saumya Sood,Female,shivanshraju@example.net,6702320960,Hindupur,Bihar,India,2025-07-29
CUST02895,Zaitra Borra,Male,kalladiya@example.com,2495062453,Madanapalle,Kerala,India,2023-07-09
CUST02896,Chaman Shah,Male,venkateshsachi@example.com,4952117872,Jammu,Uttarakhand,India,2021-08-30
CUST02897,Ladli Patel,Female,netradeep@example.org,6793898782,Kollam,Himachal Pradesh,India,2022-02-25
CUST02898,Guneet Karnik,Female,tbhagat@example.net,5088786577,Uluberia,Madhya Pradesh,India,2023-12-22
CUST02899,Wazir Tak,Female,nirjayogi@example.net,2747278342,Unnao,Mizoram,India,2024-03-19
CUST02900,Pranit Jani,Male,wrai@example.com,5915400799,Pune,Manipur,India,2025-06-24
CUST02901,Nirja Agate,Female,veda36@example.net,9779594550,Arrah,Tamil Nadu,India,2024-04-08
CUST02902,Lucky Varma,Male,walidayita@example.com,0982993483,Mangalore,Arunachal Pradesh,India,2022-07-15
CUST02903,Jalsa Murty,Male,janyakoshy@example.com,5601205550,Pali,Rajasthan,India,2026-02-03
CUST02904,Diya Dhar,Male,jsaha@example.net,3354612430,Chandigarh,Meghalaya,India,2026-02-14
CUST02905,Brinda Narain,Female,wyatt73@example.org,2034840358,Kadapa,Rajasthan,India,2022-06-01
CUST02906,Ekbal Lal,Female,mandpatrick@example.net,7859276893,Karnal,Goa,India,2024-07-30
CUST02907,Anya Pillai,Male,ochoudhury@example.org,7967549944,Raurkela Industrial Township,Telangana,India,2023-11-04
CUST02908,Vyanjana Dhawan,Female,kwarrior@example.com,7463876725,Thiruvananthapuram,Punjab,India,2024-04-21
CUST02909,Dayamai Sampath,Male,rrama@example.net,5781326777,Dewas,Rajasthan,India,2025-09-06
CUST02910,Andrew Lanka,Female,darvincent@example.net,6463412395,Jodhpur,Arunachal Pradesh,India,2025-02-17
CUST02911,Adweta Solanki,Male,gautam70@example.com,4104589795,Nagpur,Nagaland,India,2025-10-24
CUST02912,Vinaya Lanka,Female,rdeo@example.net,4928717882,Rampur,Uttarakhand,India,2023-07-17
CUST02913,Ishwar Kulkarni,Male,ogola@example.net,3506536047,Kollam,Goa,India,2025-02-18
CUST02914,Naveen Batra,Male,lde@example.com,8114987222,Tiruppur,Sikkim,India,2023-05-22
CUST02915,Falan Mangat,Female,kshere@example.org,5539084883,Vijayawada,Maharashtra,India,2023-07-10
CUST02916,Unni Doshi,Male,rakshaiyengar@example.net,6720126687,Jalandhar,Odisha,India,2026-07-10
CUST02917,Brijesh Sodhi,Male,palljagat@example.com,0108445510,Bhavnagar,Karnataka,India,2025-02-10
CUST02918,Agastya Mital,Male,zayan26@example.net,0556603667,Satara,Telangana,India,2022-09-23
CUST02919,Vaishnavi Rau,Female,lakshmidyal@example.net,8666940897,Dibrugarh,Nagaland,India,2025-09-30
CUST02920,Udyati Sinha,Male,brijeshkalla@example.org,8090597718,Bareilly,Himachal Pradesh,India,2024-11-28
CUST02921,Kamala Parmar,Female,zachariahema@example.com,8401266064,Bahraich,Andhra Pradesh,India,2025-03-18
CUST02922,Ethan Lalla,Female,borahharinakshi@example.org,4644998066,Unnao,Arunachal Pradesh,India,2024-06-27
CUST02923,Aarnav Kashyap,Male,vedika32@example.net,7619797385,Agartala,Gujarat,India,2023-07-22
CUST02924,Samarth Pillai,Male,lipikadave@example.com,0549240346,Burhanpur,Bihar,India,2025-05-21
CUST02925,Bimala Edwin,Female,esrivastava@example.net,5787736976,Mango,Goa,India,2025-04-09
CUST02926,Vasudha Golla,Female,sachipurohit@example.com,3168784325,Bettiah,Gujarat,India,2022-04-13
CUST02927,Pratyush Mane,Female,falan72@example.com,3989247061,Bally,Mizoram,India,2025-04-30
CUST02928,Owen Shere,Female,dubeurvashi@example.org,1184019684,Parbhani,Karnataka,India,2022-07-07
CUST02929,Michael Chahal,Male,dorabhavna@example.com,3594205313,Katihar,Goa,India,2022-03-11
CUST02930,Nihal Nayak,Male,lbalan@example.com,7852641557,Mirzapur,Telangana,India,2022-03-27
CUST02931,Harsh Rastogi,Female,sluthra@example.com,7535038629,Gulbarga,West Bengal,India,2022-10-05
CUST02932,Darpan Mann,Male,hritik06@example.org,6260123940,Sri Ganganagar,Uttar Pradesh,India,2022-08-23
CUST02933,Orinder Sarraf,Male,baildevansh@example.net,8351626874,Kadapa,Assam,India,2022-07-09
CUST02934,Naveen Arora,Female,aarav97@example.net,9766782850,Naihati,Karnataka,India,2024-04-12
CUST02935,Lila Memon,Female,tarakdixit@example.org,9681969560,Silchar,Mizoram,India,2023-09-25
CUST02936,Faqid Oza,Female,shadaniel@example.org,6888324671,Akola,Jharkhand,India,2023-06-17
CUST02937,Ojas Malhotra,Female,andraudarsh@example.com,6268383737,Dehri,Madhya Pradesh,India,2023-05-27
CUST02938,Robert Varghese,Male,bumbaryan@example.org,6365564037,Ulhasnagar,Maharashtra,India,2024-11-21
CUST02939,Raksha Chada,Male,abhiramdoctor@example.com,7099841821,Kulti,Haryana,India,2024-03-06
CUST02940,Ria Nayak,Male,bobalgavin@example.org,5827376118,Nagaon,Gujarat,India,2022-08-12
CUST02941,Vansha Bhatti,Female,chaudharivanya@example.org,8514772304,Burhanpur,Odisha,India,2026-06-28
CUST02942,Ekalinga Kaur,Male,jagdishyogi@example.org,9144507253,Madanapalle,Manipur,India,2021-11-03
CUST02943,Nitara Gaba,Male,gabriel63@example.com,0925160821,Parbhani,Punjab,India,2024-09-26
CUST02944,Andrew Deol,Male,nbhatti@example.org,3057435680,Shahjahanpur,Tamil Nadu,India,2026-01-07
CUST02945,Libni Chopra,Male,turvighose@example.net,4556466182,Rajpur Sonarpur,Andhra Pradesh,India,2022-01-26
CUST02946,Omkaar Shah,Female,jdixit@example.org,9997510917,North Dumdum,Jharkhand,India,2023-06-21
CUST02947,Upasna Rajan,Female,ishanvigour@example.com,7977193386,Ambarnath,Uttar Pradesh,India,2023-07-11
CUST02948,Zaid Balay,Female,lukebal@example.net,2348737733,Nangloi Jat,Jharkhand,India,2026-06-07
CUST02949,Urmi Dash,Male,ekapad30@example.com,7166819828,Alappuzha,Odisha,India,2022-11-02
CUST02950,Amrita Issac,Male,faraj34@example.org,5137804950,Medininagar,Uttar Pradesh,India,2026-04-01
CUST02951,Luke Gandhi,Male,frederickdey@example.org,5269025004,Thrissur,Andhra Pradesh,India,2024-03-11
CUST02952,Ria Aurora,Female,tanish85@example.org,2877110963,Kolhapur,Bihar,India,2022-08-07
CUST02953,Widisha Randhawa,Male,vramanathan@example.net,6072902353,Imphal,Uttar Pradesh,India,2024-11-12
CUST02954,Gautami Gaba,Male,mugdharout@example.net,3879042565,Mathura,Goa,India,2025-01-07
CUST02955,Onveer Narayanan,Female,nidhi42@example.com,5555702418,Panchkula,Gujarat,India,2022-10-15
CUST02956,Bhavna Bose,Female,onipal@example.com,2700929536,Patiala,Nagaland,India,2024-12-31
CUST02957,Jagat Puri,Male,patrickmuni@example.org,0725511747,Karawal Nagar,Madhya Pradesh,India,2025-04-10
CUST02958,Isha Maharaj,Female,ksibal@example.net,7664773240,Shimoga,West Bengal,India,2024-01-24
CUST02959,Nitesh Peri,Female,chadageorge@example.com,6101593435,Ramagundam,Tripura,India,2025-03-21
CUST02960,Daksha Rastogi,Female,abeer44@example.net,0095188088,Tiruvottiyur,Assam,India,2025-09-06
CUST02961,Peter Rajan,Female,iyerneelima@example.org,8958431502,Udaipur,Meghalaya,India,2025-11-22
CUST02962,Aarini Koshy,Female,ishaansule@example.com,3684867291,Mysore,Maharashtra,India,2022-08-27
CUST02963,Oviya Guha,Female,sgandhi@example.com,2753643701,Machilipatnam,Punjab,India,2025-07-14
CUST02964,Odika Bedi,Female,wsama@example.net,5398803811,Bellary,Tamil Nadu,India,2021-10-04
CUST02965,Gunbir Sarma,Female,meghabahl@example.net,9342216252,Silchar,Odisha,India,2026-07-19
CUST02966,Chanchal Ratta,Female,gaderaagini@example.com,4162741723,Bhagalpur,Arunachal Pradesh,India,2023-04-15
CUST02967,Meghana Bains,Male,pranitghosh@example.com,6397553749,Sri Ganganagar,Punjab,India,2021-10-02
CUST02968,Kai Amble,Female,gsama@example.org,5128451171,Bhilai,Maharashtra,India,2024-04-10
CUST02969,Xiti Rajagopal,Female,rsarma@example.net,3541154456,Amroha,Andhra Pradesh,India,2025-03-29
CUST02970,Rehaan Dutta,Female,wriddhish48@example.com,8498605362,Ludhiana,Meghalaya,India,2024-12-26
CUST02971,Sudiksha Bala,Male,kabirkari@example.com,3959466281,Haldia,Rajasthan,India,2025-10-17
CUST02972,Vedika Sharaf,Female,gautami71@example.net,4314153117,Barasat,Chhattisgarh,India,2025-07-31
CUST02973,Liam Salvi,Male,ikhosla@example.net,3384101101,Shimoga,Andhra Pradesh,India,2022-06-03
CUST02974,Triya Toor,Male,vaishnavi79@example.com,2834719552,Arrah,Uttarakhand,India,2022-12-18
CUST02975,Riya Shenoy,Female,msunder@example.com,3515782223,Hosur,Meghalaya,India,2022-04-28
CUST02976,Upma Halder,Male,rachana92@example.com,5096412336,Pimpri-Chinchwad,Jharkhand,India,2023-02-22
CUST02977,Wahab Nori,Male,ksachar@example.com,2770885984,Chittoor,Madhya Pradesh,India,2024-12-10
CUST02978,Yasti Rajagopal,Male,dakshesh51@example.com,8297157990,Hajipur,Maharashtra,India,2024-08-13
CUST02979,Brijesh Koshy,Female,btoor@example.com,2487342600,Mirzapur,Punjab,India,2023-10-06
CUST02980,Nathan Rama,Male,vincent55@example.com,4894353583,Kulti,Gujarat,India,2022-08-01
CUST02981,Bhavini Seshadri,Male,aashisathe@example.org,3893918294,Salem,Tripura,India,2022-12-07
CUST02982,Dhriti Solanki,Male,robert44@example.net,7430584745,Dewas,Sikkim,India,2024-06-05
CUST02983,Chaitanya Khare,Female,girindra89@example.com,0391326813,Tinsukia,Assam,India,2022-12-06
CUST02984,Harinakshi Chaudhry,Female,saivasa@example.com,4984563589,Sasaram,Tamil Nadu,India,2026-05-28
CUST02985,Kala Bhagat,Male,ekalingabandi@example.org,2582956318,Rourkela,Karnataka,India,2025-05-19
CUST02986,Vyanjana Bal,Male,neelimatak@example.net,7734704692,Durg,Uttarakhand,India,2022-10-15
CUST02987,Siddharth Guha,Male,devankala@example.org,7435191575,Panihati,Gujarat,India,2022-03-06
CUST02988,Oliver Lal,Female,arjunboase@example.net,3417660467,Bahraich,Chhattisgarh,India,2025-07-12
CUST02989,Aahana Ahluwalia,Female,khatritripti@example.net,1626172807,Amaravati,Rajasthan,India,2024-03-25
CUST02990,Leena Swamy,Male,ibhatnagar@example.org,7134427033,Ratlam,Gujarat,India,2026-07-12
CUST02991,Avni Nigam,Male,jsabharwal@example.org,8960227655,Thrissur,Andhra Pradesh,India,2025-02-18
CUST02992,Viraj Sunder,Female,manthan60@example.com,7322161130,Munger,Karnataka,India,2025-03-15
CUST02993,Ijaya Kaur,Male,sai30@example.net,4812370638,Bilaspur,Karnataka,India,2025-04-14
CUST02994,Kala Singh,Male,agastya60@example.org,3429439782,Mirzapur,Gujarat,India,2026-03-11
CUST02995,Hritik Aurora,Male,adyadevi@example.org,7795058896,Kadapa,Mizoram,India,2022-01-11
CUST02996,Manthan Savant,Female,pooja96@example.net,6218338833,Tiruvottiyur,Tamil Nadu,India,2022-06-04
CUST02997,Timothy Bir,Female,sarafkrish@example.net,4289427964,Kanpur,Uttar Pradesh,India,2023-05-08
CUST02998,Chatura Dugar,Female,nicholas36@example.org,8273907893,Panihati,Madhya Pradesh,India,2021-10-10
CUST02999,Devansh Hari,Female,chhabrajeevika@example.org,9404943355,Jaunpur,Kerala,India,2024-07-01
CUST03000,Peter Sule,Female,aray@example.net,6846721473,Berhampur,Goa,India,2026-01-04
CUST03001,Charan Tank,Male,gautam40@example.org,7945618429,Bellary,Uttarakhand,India,2025-01-25
CUST03002,Lipika Apte,Female,qarya@example.org,6984592464,Jaunpur,Rajasthan,India,2024-11-13
CUST03003,Brinda Bansal,Female,ridhi14@example.org,3519617981,Etawah,Rajasthan,India,2024-04-25
CUST03004,Hredhaan Lall,Female,neelimaborah@example.net,0359962479,Tadipatri,Uttarakhand,India,2022-11-04
CUST03005,Oviya Dass,Female,mallonkar@example.org,1796899210,Tinsukia,Madhya Pradesh,India,2025-07-12
CUST03006,Karan Chandran,Male,rdhar@example.net,1988130337,Dindigul,Punjab,India,2024-05-26
CUST03007,Darsh Bal,Female,rajaekantika@example.org,1563374891,Jabalpur,West Bengal,India,2023-03-23
CUST03008,Sarthak Lad,Male,janyamukherjee@example.com,5951498725,Tiruchirappalli,Jharkhand,India,2023-08-09
CUST03009,Pavani Memon,Male,wsuri@example.com,0653215105,Bhalswa Jahangir Pur,Arunachal Pradesh,India,2025-08-14
CUST03010,Viraj Golla,Female,ekaniedwin@example.org,1366891265,Arrah,Andhra Pradesh,India,2024-12-16
CUST03011,Gaurika Raghavan,Male,lipika32@example.com,0252806840,Maheshtala,Karnataka,India,2022-05-27
CUST03012,Bhavini Joshi,Female,mishranidhi@example.com,6702492245,Udupi,Kerala,India,2025-01-23
CUST03013,Leena Kata,Female,akota@example.net,6509701584,Moradabad,Kerala,India,2024-01-24
CUST03014,Eshana Doshi,Female,nakul85@example.org,3402594904,Aligarh,Tamil Nadu,India,2021-11-20
CUST03015,Advik Mittal,Male,waligarima@example.net,4167365111,Anantapur,West Bengal,India,2023-06-01
CUST03016,Damyanti Ramachandran,Female,wakeetaanne@example.org,2419741424,Fatehpur,Chhattisgarh,India,2021-10-05
CUST03017,Dakshesh Pandit,Male,gautamcherian@example.com,0287240822,Saharsa,Karnataka,India,2023-02-07
CUST03018,Peter Nayak,Male,girishpurohit@example.org,2586925728,Surendranagar Dudhrej,Andhra Pradesh,India,2022-04-04
CUST03019,Varenya Solanki,Male,ommekhala@example.com,8768972271,Kamarhati,Jharkhand,India,2025-09-15
CUST03020,Arunima Doctor,Female,rachitshere@example.com,9124581887,Bijapur,Karnataka,India,2021-08-26
CUST03021,Vanya Pandya,Male,falanapte@example.com,5865169958,Kurnool,Haryana,India,2022-12-22
CUST03022,Thomas Sankar,Female,gopaldarika@example.net,3885394134,Allahabad,Haryana,India,2024-09-10
CUST03023,Bina Khalsa,Male,epatla@example.com,6203389595,Firozabad,Nagaland,India,2025-03-02
CUST03024,Ekaraj Arya,Male,oeshiparsa@example.net,6180936948,Bhagalpur,Uttar Pradesh,India,2023-06-30
CUST03025,Jagat Nagi,Male,qushihans@example.net,2254667919,Nizamabad,Bihar,India,2024-03-17
CUST03026,Ira Sharma,Male,tsibal@example.org,1509229983,Bijapur,West Bengal,India,2023-08-22
CUST03027,Patrick Sundaram,Female,dayamai07@example.org,3047958303,Faridabad,Uttar Pradesh,India,2026-02-13
CUST03028,Gopal Saraf,Female,urvi22@example.com,6439185230,Kumbakonam,Manipur,India,2025-05-18
CUST03029,Gautami Pillai,Male,bbhatt@example.org,8561299949,Shimoga,Uttar Pradesh,India,2024-11-28
CUST03030,Lopa Ben,Female,xrao@example.com,6425730651,Alwar,Karnataka,India,2025-02-21
CUST03031,Isaac Shenoy,Female,ppatla@example.org,1345308173,Kurnool,Maharashtra,India,2024-04-20
CUST03032,Warda Lad,Male,jatingala@example.net,5015346270,Buxar,Sikkim,India,2023-04-21
CUST03033,Kamala Narula,Female,lohit93@example.org,1556636386,Bally,Arunachal Pradesh,India,2022-01-22
CUST03034,Tejas Chaudhuri,Male,chandraradhika@example.net,6931331600,Jamshedpur,Maharashtra,India,2025-05-05
CUST03035,Dhriti Mall,Female,joshibachittar@example.com,5043327697,Udupi,Tamil Nadu,India,2022-09-02
CUST03036,Ekantika Patla,Male,falguni59@example.com,9671197553,Bhimavaram,Sikkim,India,2021-12-23
CUST03037,Nathan Dhillon,Female,orinder28@example.com,8082091661,Pune,Mizoram,India,2026-01-24
CUST03038,Lila Amble,Female,gshanker@example.net,6721449682,Muzaffarnagar,Assam,India,2022-01-25
CUST03039,Ayaan Narayanan,Female,jyotisahni@example.net,7200171047,Rourkela,Odisha,India,2026-02-19
CUST03040,Aarini Nagi,Male,sarafgayathri@example.org,7526607722,Karawal Nagar,Arunachal Pradesh,India,2026-07-06
CUST03041,Yatan Venkatesh,Female,vivaan47@example.net,4609542444,Faridabad,Manipur,India,2021-11-07
CUST03042,Arin Mall,Male,ttara@example.net,3165365292,Ramagundam,West Bengal,India,2025-09-08
CUST03043,Aarini Gopal,Male,diyaiyer@example.org,4723879037,Lucknow,Gujarat,India,2026-05-21
CUST03044,Rushil Sibal,Female,vinayachander@example.org,4108681194,Bongaigaon,Haryana,India,2023-05-31
CUST03045,Noah Babu,Female,eeshakapadia@example.org,9628188359,Raiganj,Goa,India,2026-02-17
CUST03046,Irya Yadav,Female,apteshivansh@example.net,3935730426,Navi Mumbai,Kerala,India,2023-12-01
CUST03047,Samarth Talwar,Female,plal@example.com,0405241380,Raebareli,Goa,India,2026-07-08
CUST03048,Ijaya Lall,Female,yashoda25@example.org,2296291455,Ongole,Karnataka,India,2026-05-20
CUST03049,Ansh Wali,Female,sureshnirja@example.net,3269986722,Proddatur,Himachal Pradesh,India,2023-05-20
CUST03050,Ishanvi Chad,Female,eshanasarkar@example.net,9936014134,Gandhinagar,Odisha,India,2025-07-28
CUST03051,Nitara Karan,Female,rachana88@example.org,1316850439,Madurai,Odisha,India,2025-07-03
CUST03052,Bimala Bawa,Male,nandini70@example.net,8529910790,Vijayanagaram,Punjab,India,2026-03-05
CUST03053,Nandini Chana,Female,christopher91@example.net,5187836419,Bardhaman,Meghalaya,India,2021-10-02
CUST03054,Fariq Shah,Female,ubansal@example.org,4295350737,Warangal,Goa,India,2025-10-14
CUST03055,Girindra Rattan,Female,zaiduppal@example.net,6397273320,Solapur,Arunachal Pradesh,India,2021-10-30
CUST03056,Januja Varty,Male,hemaldhar@example.net,3943276627,Chapra,Nagaland,India,2026-03-26
CUST03057,Ishanvi Subramanian,Female,wishi57@example.net,2668347939,Srinagar,Bihar,India,2025-03-13
CUST03058,Aditya Apte,Male,bachittarmaster@example.net,2992511340,Naihati,Punjab,India,2025-08-20
CUST03059,Yashawini Sastry,Female,raosarthak@example.net,0904414988,Orai,Uttarakhand,India,2026-06-25
CUST03060,Falguni Khatri,Male,vminhas@example.org,9346487895,Tirunelveli,Nagaland,India,2022-10-01
CUST03061,Avi Murty,Male,kdhaliwal@example.org,8171097319,Jabalpur,Karnataka,India,2025-06-09
CUST03062,Advik Sachar,Female,mhari@example.net,5601635091,Ambala,Telangana,India,2026-03-18
CUST03063,Yahvi Konda,Female,krishnarayaan@example.com,9147688010,Rampur,Andhra Pradesh,India,2023-01-30
CUST03064,Omaja Upadhyay,Male,khannadevika@example.com,0230405674,Haridwar,Sikkim,India,2025-01-21
CUST03065,Gaurav Hans,Female,naikpranav@example.com,9040464705,Gudivada,Himachal Pradesh,India,2022-06-20
CUST03066,Yochana Viswanathan,Female,ghayer@example.org,9661307878,Bihar Sharif,Himachal Pradesh,India,2026-01-10
CUST03067,Abdul Ratti,Female,bhavikachaudhry@example.com,6321249856,Udaipur,Karnataka,India,2021-11-15
CUST03068,Om Mall,Female,aayush49@example.org,3507967845,Kakinada,Kerala,India,2024-04-11
CUST03069,Qabil Dara,Male,bobalyuvraj@example.org,7962281944,Bhimavaram,Assam,India,2024-03-11
CUST03070,Wyatt Doctor,Female,vedhika77@example.org,4334058788,Sagar,West Bengal,India,2022-02-01
CUST03071,Saanvi Nori,Female,anthony23@example.org,7543188129,Srinagar,Arunachal Pradesh,India,2024-05-01
CUST03072,Gaurang Malhotra,Male,cparmar@example.org,6853974210,Singrauli,Rajasthan,India,2024-10-11
CUST03073,Onkar Doshi,Female,chaman66@example.com,7185069147,Amritsar,Gujarat,India,2022-04-26
CUST03074,Tejas Dara,Female,anamika78@example.org,7402548264,Thane,Jharkhand,India,2024-10-10
CUST03075,Nidra Sur,Male,chawladalaja@example.com,9281651505,Bhimavaram,Punjab,India,2023-05-27
CUST03076,Mohini Mitra,Female,guneethegde@example.net,1018301460,Nangloi Jat,Uttar Pradesh,India,2024-07-18
CUST03077,Charles Hans,Male,mdey@example.org,7339441481,Kirari Suleman Nagar,Tamil Nadu,India,2024-05-29
CUST03078,Upasna Singh,Male,shettyisha@example.org,4578387107,Coimbatore,Chhattisgarh,India,2022-01-06
CUST03079,Ranbir Kanda,Female,gillnakul@example.com,3959053601,Aurangabad,Tripura,India,2022-11-20
CUST03080,Bhavya Bala,Female,fchakrabarti@example.com,4768580834,Coimbatore,Sikkim,India,2025-12-21
CUST03081,Yatin Hegde,Male,frederick68@example.net,4269869460,Jaipur,Uttar Pradesh,India,2026-05-03
CUST03082,Saksham Dani,Female,vbansal@example.com,0909198555,Haldia,Gujarat,India,2022-09-10
CUST03083,Patrick Palla,Female,dalbir73@example.net,0693652338,Hosur,Maharashtra,India,2024-07-04
CUST03084,Viraj Grover,Male,radhikatailor@example.org,9198898347,Meerut,Bihar,India,2025-02-18
CUST03085,Karan Ravel,Male,naidujai@example.net,2204838061,Gopalpur,Nagaland,India,2022-10-29
CUST03086,Yochana Tank,Female,qadimganguly@example.org,2784874560,Latur,Kerala,India,2022-03-06
CUST03087,Tejas Rau,Male,lbhatnagar@example.org,0420077507,Dehradun,Bihar,India,2024-09-19
CUST03088,Omaja Karnik,Male,balveersahni@example.net,1828028015,Secunderabad,Karnataka,India,2025-09-25
CUST03089,Lipika Madan,Male,omkaar64@example.net,5399338418,Bellary,Tamil Nadu,India,2025-01-16
CUST03090,Rachana Dua,Male,dugalmeghana@example.com,1486596229,Tezpur,Goa,India,2024-10-11
CUST03091,Vasana Chandran,Male,nirja20@example.com,9369046570,Anand,Tripura,India,2025-11-01
CUST03092,Frado Verma,Female,schoudhry@example.org,5978474125,Dewas,Goa,India,2025-12-07
CUST03093,Chaitaly Jani,Female,baladavid@example.com,6245829037,Bellary,Nagaland,India,2023-03-20
CUST03094,Ridhi Mander,Male,tnarayanan@example.org,6524496371,Darbhanga,Mizoram,India,2023-01-17
CUST03095,Niharika Kapoor,Female,vyassathvik@example.com,7796824476,Ongole,Chhattisgarh,India,2021-12-08
CUST03096,Veer Palla,Female,chaaya99@example.net,1348814483,Ramgarh,Haryana,India,2022-03-18
CUST03097,Yashasvi Patla,Male,farhantaneja@example.com,5228878542,Miryalaguda,Nagaland,India,2022-06-05
CUST03098,Tristan Randhawa,Female,wrideshbarad@example.net,5554053416,North Dumdum,Himachal Pradesh,India,2026-01-20
CUST03099,Zinal Dua,Female,devansh44@example.org,3820930827,Nagaon,Telangana,India,2025-05-20
CUST03100,Warda Garde,Female,eshana26@example.org,1448421451,Orai,Haryana,India,2024-08-31
CUST03101,Janya Raja,Male,gaurangirama@example.com,3944132545,Mira-Bhayandar,Rajasthan,India,2022-08-05
CUST03102,Gaurang Sood,Male,rehaansahni@example.org,4214593102,Gandhidham,Assam,India,2023-12-30
CUST03103,Bhavani Karpe,Male,osha12@example.net,1359272228,Sultan Pur Majra,Telangana,India,2023-07-23
CUST03104,Umang Kala,Male,watika88@example.com,4657222905,Thanjavur,Gujarat,India,2025-06-15
CUST03105,Anamika Arora,Female,barkhavenkataraman@example.org,5710972078,Raurkela Industrial Township,Assam,India,2026-01-22
CUST03106,Dipta Doctor,Male,agrawalradha@example.org,9250353781,Firozabad,Uttarakhand,India,2022-10-17
CUST03107,Rehaan Palla,Female,mangatkalpit@example.net,0611851575,Ujjain,Andhra Pradesh,India,2024-05-04
CUST03108,Madhav Karpe,Female,anthony18@example.org,7976312318,Morena,Karnataka,India,2026-03-15
CUST03109,Ishanvi Oak,Female,nviswanathan@example.net,8710102837,Rourkela,Manipur,India,2023-04-27
CUST03110,Omkaar Boase,Female,cparekh@example.com,7033536695,Chapra,Arunachal Pradesh,India,2025-02-27
CUST03111,Ganga Kapoor,Female,gbahl@example.org,1461027849,Malegaon,Jharkhand,India,2022-08-05
CUST03112,Zaid Dubey,Male,wriddhish51@example.net,1330288505,Ichalkaranji,Chhattisgarh,India,2025-01-22
CUST03113,Aishani Pant,Male,vrishtiwagle@example.org,7929102274,Sultan Pur Majra,Maharashtra,India,2024-07-20
CUST03114,William Kaur,Female,robertagrawal@example.net,1129083057,Sirsa,Punjab,India,2025-04-16
CUST03115,Aishani Borra,Male,tarak15@example.org,4991080268,Bhatpara,Telangana,India,2023-12-21
CUST03116,Neel Contractor,Male,routjeet@example.org,2610649215,Tinsukia,Telangana,India,2023-04-02
CUST03117,Amaira Sawhney,Female,jmahal@example.org,3861482926,Delhi,Himachal Pradesh,India,2024-04-17
CUST03118,Dalbir Baria,Female,dhingraojas@example.com,0243972090,Aizawl,Chhattisgarh,India,2025-07-05
CUST03119,Orinder Hari,Male,rsaran@example.org,5440201637,Unnao,Tripura,India,2023-11-15
CUST03120,Dominic Suri,Male,yagneshkhatri@example.net,9091650203,Srinagar,Rajasthan,India,2024-07-23
CUST03121,Siya Arya,Female,christopher09@example.org,6714250807,Rajahmundry,Haryana,India,2024-07-04
CUST03122,Kabir Varghese,Male,devmani@example.org,6201313933,Shimoga,Himachal Pradesh,India,2023-09-01
CUST03123,Krish Jhaveri,Male,shauryaramakrishnan@example.net,3790511076,Raurkela Industrial Township,Tamil Nadu,India,2024-02-03
CUST03124,Yashica Divan,Female,dakshesh65@example.net,7896910233,Bhusawal,Assam,India,2023-10-14
CUST03125,Luke Babu,Female,mbobal@example.com,8298407547,Durg,Chhattisgarh,India,2024-10-15
CUST03126,Qarin Arya,Female,dborah@example.com,6155333726,Madanapalle,Chhattisgarh,India,2024-09-07
CUST03127,Vamakshi Chandra,Male,brijesh27@example.net,2739659301,Kumbakonam,Haryana,India,2024-01-28
CUST03128,Liam Yohannan,Male,anatt@example.net,1051081143,Nellore,West Bengal,India,2022-07-21
CUST03129,Yash Hari,Female,lekhanigam@example.net,1104477827,Naihati,Gujarat,India,2021-09-14
CUST03130,Theodore Sridhar,Male,kalabhavini@example.com,1225740098,Ambala,Mizoram,India,2026-06-17
CUST03131,Faris Kohli,Male,jackjani@example.com,9541464256,Navi Mumbai,Odisha,India,2024-04-22
CUST03132,Jhalak Narang,Male,falanradhakrishnan@example.net,0888558712,Bally,Sikkim,India,2025-06-02
CUST03133,Henry Acharya,Male,tanvibalasubramanian@example.org,5748251489,Cuttack,Sikkim,India,2025-04-15
CUST03134,Kiaan Mand,Female,upadhyaychavvi@example.com,4222165780,Rampur,Haryana,India,2022-12-09
CUST03135,Yashoda Varkey,Male,jrajan@example.com,0236517832,Kozhikode,Tripura,India,2024-07-21
CUST03136,Yatan Om,Female,kuruvillavarenya@example.net,5276853535,Secunderabad,Karnataka,India,2025-01-25
CUST03137,Bahadurjit Vora,Female,champakluthra@example.net,7393923333,Latur,Rajasthan,India,2021-09-18
CUST03138,Agastya Khanna,Male,khatriharsh@example.org,4621229502,Firozabad,Karnataka,India,2021-12-21
CUST03139,Bhavya Borra,Male,gopalsolanki@example.org,7805345133,Bhiwani,Andhra Pradesh,India,2022-10-10
CUST03140,Ekanta Gopal,Female,shroffandrew@example.net,1101735029,Ahmednagar,Uttarakhand,India,2025-10-14
CUST03141,Viraj Narayan,Female,sudiksha69@example.org,4531686772,Asansol,Assam,India,2023-05-21
CUST03142,David Nagy,Male,routyagnesh@example.org,3130311006,Panihati,Jharkhand,India,2023-08-02
CUST03143,Madhavi Dixit,Female,nakshgala@example.com,6357524022,Ambattur,Odisha,India,2023-02-03
CUST03144,Jeevika Sura,Female,isaac23@example.net,9117132500,Nizamabad,Tripura,India,2025-10-12
CUST03145,Hardik Sani,Male,fjohal@example.net,3677637446,Ramgarh,Madhya Pradesh,India,2025-08-23
CUST03146,Patrick Patil,Male,aarav42@example.com,2061103596,Katni,Nagaland,India,2023-09-24
CUST03147,Akshay Divan,Female,samuel73@example.org,0511223683,Vadodara,Madhya Pradesh,India,2022-04-22
CUST03148,Brijesh Vasa,Female,zinal47@example.org,6879952360,Jehanabad,Uttar Pradesh,India,2025-01-14
CUST03149,Amrita Narasimhan,Female,chaudhryparth@example.com,5927664420,Ujjain,Gujarat,India,2022-05-02
CUST03150,Ayush Soni,Male,waliaekta@example.net,8988015913,Davanagere,Meghalaya,India,2024-08-02
CUST03151,Leena Morar,Female,lankasiya@example.org,1612007885,Solapur,Punjab,India,2024-08-21
CUST03152,Maanav Keer,Female,irya62@example.org,6479791517,Bongaigaon,Goa,India,2022-04-08
CUST03153,Watika Sankar,Male,bhayre@example.org,4992067052,Nangloi Jat,Haryana,India,2021-12-03
CUST03154,Yadavi Rau,Male,ranganathannikita@example.org,9546310524,Kozhikode,Mizoram,India,2026-05-24
CUST03155,Faras Tak,Female,fpai@example.net,0602499052,Jalna,Arunachal Pradesh,India,2022-08-24
CUST03156,Matthew Shukla,Male,bjani@example.net,6699790308,Latur,Tripura,India,2025-06-30
CUST03157,Anya Nadig,Male,sahluwalia@example.net,7033354981,Dibrugarh,West Bengal,India,2022-01-11
CUST03158,Thomas Saran,Male,rudrasharma@example.org,5247214949,Yamunanagar,Nagaland,India,2021-11-17
CUST03159,Yash Tara,Female,patilonveer@example.net,4435669786,Bhusawal,Gujarat,India,2022-01-21
CUST03160,Rohan Agarwal,Male,somoviya@example.net,4942519789,Nadiad,Meghalaya,India,2025-05-26
CUST03161,Pranav Talwar,Male,ektabains@example.net,1337108773,Jaipur,Goa,India,2023-10-31
CUST03162,Faras Deo,Female,khannabina@example.net,1117243981,Salem,Gujarat,India,2024-10-14
CUST03163,Samuel Badami,Female,sahotakamya@example.net,1439513436,Pune,Uttar Pradesh,India,2025-10-14
CUST03164,Vedika Pal,Male,garima24@example.com,6685786269,Mahbubnagar,Uttar Pradesh,India,2023-11-21
CUST03165,Gagan Sachar,Female,sethyadavi@example.org,4641475945,Eluru,Bihar,India,2025-02-26
CUST03166,Idika Ravel,Male,vsibal@example.net,7895446643,Mehsana,Meghalaya,India,2022-11-11
CUST03167,Vedhika Garg,Male,raisanya@example.com,1943016590,Rourkela,Uttar Pradesh,India,2022-05-14
CUST03168,Raghav Karnik,Female,benjamin35@example.net,3389355956,Deoghar,Uttar Pradesh,India,2025-02-26
CUST03169,Balhaar Vora,Female,indirasibal@example.org,7770360036,North Dumdum,Rajasthan,India,2024-02-10
CUST03170,Karan Bassi,Male,suriudyati@example.org,0473173882,Bangalore,Tamil Nadu,India,2023-05-05
CUST03171,Ganga Biswas,Female,obhardwaj@example.net,3600782717,Davanagere,Maharashtra,India,2023-05-28
CUST03172,Tanmayi Ratti,Male,maneeesha@example.net,8280727255,Belgaum,Bihar,India,2026-04-14
CUST03173,Praneel Barad,Female,xavier21@example.net,1640324744,Parbhani,Telangana,India,2021-09-17
CUST03174,Kalpit Chada,Female,mohini95@example.org,2668286187,Jamshedpur,Tamil Nadu,India,2023-09-11
CUST03175,Nirja Chandra,Male,uhora@example.net,0929630149,Eluru,Telangana,India,2022-05-21
CUST03176,Upkaar Dada,Female,kritika01@example.com,8463354995,Jalandhar,Chhattisgarh,India,2022-03-24
CUST03177,Bhavika Naik,Male,upadmanabhan@example.org,1070533418,Tirupati,Punjab,India,2026-07-13
CUST03178,Kabir Ratta,Male,finn60@example.com,9645373904,Dibrugarh,Punjab,India,2025-01-21
CUST03179,Gautami Majumdar,Female,tgoswami@example.net,8641239245,Moradabad,Uttarakhand,India,2026-01-19
CUST03180,Hiral Chadha,Female,bahlharshil@example.net,1665398385,Secunderabad,Andhra Pradesh,India,2024-01-14
CUST03181,Yashodhara Khurana,Female,chaitalyraj@example.org,1754365651,Ramagundam,Arunachal Pradesh,India,2023-12-20
CUST03182,Amruta Dutt,Male,gmitter@example.com,5683158464,Berhampore,Karnataka,India,2021-08-27
CUST03183,Nimrat Sani,Male,ythaman@example.com,3005545396,Moradabad,Sikkim,India,2024-03-07
CUST03184,Aradhana Patla,Male,wsengupta@example.com,5387264926,Tirupati,Bihar,India,2025-09-21
CUST03185,Simon Venkataraman,Male,qdhingra@example.com,5556510811,Rajpur Sonarpur,Sikkim,India,2026-02-05
CUST03186,Mekhala Koshy,Female,bhatjanya@example.org,8959498625,Bhimavaram,Telangana,India,2025-10-24
CUST03187,Benjamin Basak,Male,jcheema@example.org,2674702265,Morbi,Andhra Pradesh,India,2026-02-22
CUST03188,Ayushman Bora,Female,umangram@example.com,1435860533,Dewas,Assam,India,2023-10-19
CUST03189,Theodore Barman,Male,regevarsha@example.org,7906763138,Uluberia,Assam,India,2026-02-12
CUST03190,Ucchal Devi,Female,ucchal80@example.net,4348774184,Ahmednagar,Himachal Pradesh,India,2021-08-06
CUST03191,Chavvi Chaudhuri,Female,advay28@example.com,3633940099,Sasaram,Tripura,India,2023-08-07
CUST03192,Tamanna Hayer,Male,yamini35@example.org,2492065189,Kulti,Nagaland,India,2025-10-03
CUST03193,Daniel Bhalla,Male,amrutatrivedi@example.org,9552744504,Chittoor,Gujarat,India,2021-11-20
CUST03194,Dipta Walla,Male,cchhabra@example.net,5352482218,Kollam,Maharashtra,India,2025-09-13
CUST03195,Mason Parikh,Female,narasimhannikita@example.org,5872415789,Secunderabad,Tamil Nadu,India,2023-08-18
CUST03196,Anya Rout,Female,champak89@example.net,0906867315,Unnao,Tamil Nadu,India,2024-04-13
CUST03197,Samarth Merchant,Female,upkaar97@example.org,5704029682,Korba,Odisha,India,2026-03-20
CUST03198,Jeevika Khanna,Male,omodi@example.org,1724479872,Hajipur,Gujarat,India,2026-03-20
CUST03199,Chanakya Sahota,Female,pavanidhar@example.org,3536194225,Tezpur,Rajasthan,India,2023-12-16
CUST03200,Ganga Dani,Male,avi27@example.org,1950068619,Lucknow,Manipur,India,2025-12-17
CUST03201,Dhriti Vora,Female,radhapanchal@example.net,6769862109,Danapur,Tripura,India,2022-08-29
CUST03202,Praneel Nagi,Male,pshukla@example.net,2000772353,Nagercoil,Arunachal Pradesh,India,2026-01-01
CUST03203,Vasatika Dutt,Male,bhallaekansh@example.com,9785294606,Nangloi Jat,Odisha,India,2021-12-03
CUST03204,Bachittar Bakshi,Male,bshenoy@example.net,4454922019,Jamnagar,Rajasthan,India,2024-11-04
CUST03205,Chavvi Arya,Male,anamikaupadhyay@example.com,5747131801,Bhilai,Assam,India,2025-11-11
CUST03206,Maanas Patil,Male,sarancharita@example.com,6496713881,Nagpur,Kerala,India,2023-09-14
CUST03207,Zaid Srinivas,Female,kamala76@example.org,5205919295,Maheshtala,Madhya Pradesh,India,2023-05-18
CUST03208,Ishanvi Sarin,Male,widishaviswanathan@example.org,5866183199,Danapur,Nagaland,India,2022-06-12
CUST03209,Jeet Bali,Male,lekhabawa@example.net,1138204271,Kota,Uttar Pradesh,India,2024-04-03
CUST03210,Triya Agate,Female,hemanginigaba@example.net,6057252052,Yamunanagar,Punjab,India,2023-03-29
CUST03211,Yug Rege,Male,kbhagat@example.org,2561602430,Thrissur,Bihar,India,2023-12-30
CUST03212,Harinakshi Baral,Male,charvirajan@example.org,1752783121,Nizamabad,Maharashtra,India,2026-06-24
CUST03213,Bhavika Chopra,Male,fchoudhry@example.net,5383532487,Panvel,Madhya Pradesh,India,2023-03-10
CUST03214,Tejas Lala,Female,dhritipant@example.net,4904554522,Katihar,Punjab,India,2025-08-16
CUST03215,Ekta Roy,Female,mangalkrish@example.net,0813107323,Shahjahanpur,Andhra Pradesh,India,2023-06-11
CUST03216,Nidra Bera,Female,hraju@example.net,3307807175,Hosur,Telangana,India,2022-03-13
CUST03217,Aayush Devi,Male,yasti11@example.com,2428006011,Cuttack,Jharkhand,India,2022-03-21
CUST03218,Dakshesh Khalsa,Female,paninidave@example.net,6106274549,Raipur,Madhya Pradesh,India,2022-08-31
CUST03219,Dev Badal,Female,mandalbhavika@example.net,0538452272,Vijayanagaram,Chhattisgarh,India,2024-03-21
CUST03220,Warjas Oak,Female,abhaedwin@example.net,9097434634,Pudukkottai,Meghalaya,India,2026-07-01
CUST03221,Manthan Narayanan,Male,parth61@example.com,3856932082,Indore,Chhattisgarh,India,2025-10-12
CUST03222,Warjas Lanka,Female,anita47@example.net,8653768339,Nangloi Jat,Jharkhand,India,2025-06-16
CUST03223,Jyoti Varma,Female,gsetty@example.com,1464347313,Sikar,Tripura,India,2026-06-25
CUST03224,Priya Sundaram,Male,samaksh15@example.com,8605249869,Medininagar,Rajasthan,India,2023-05-14
CUST03225,Lipika Varkey,Male,timothy72@example.com,4526569165,South Dumdum,Meghalaya,India,2023-01-05
CUST03226,Siya Purohit,Female,rajatadutt@example.com,7474591125,Bhilai,Goa,India,2022-12-06
CUST03227,Laksh Mittal,Female,nicholas75@example.org,1751798093,Mysore,West Bengal,India,2024-03-08
CUST03228,Aarini Chaudhary,Female,qkunda@example.org,1113884462,Pali,Maharashtra,India,2022-08-03
CUST03229,Krisha Walia,Female,balayvanya@example.com,2860791026,Gangtok,West Bengal,India,2026-05-16
CUST03230,Vedant Vasa,Female,hborde@example.org,1858349673,Gangtok,Rajasthan,India,2022-10-19
CUST03231,Mekhala Chauhan,Female,rachanasingh@example.net,7948203985,Bhilai,Punjab,India,2023-04-07
CUST03232,Gautami Ramakrishnan,Male,abhasin@example.net,6297537516,Thrissur,Jharkhand,India,2023-08-14
CUST03233,Yashvi Arora,Female,deovasana@example.com,1754049245,Srinagar,Gujarat,India,2021-09-25
CUST03234,Inaya Pant,Female,sharmaarin@example.com,8368582335,Guntakal,West Bengal,India,2025-10-15
CUST03235,Tanay Narayan,Female,balendra81@example.org,7941970338,Durgapur,Andhra Pradesh,India,2025-03-22
CUST03236,Ridhi Gera,Male,rachana47@example.com,0260898660,Allahabad,Arunachal Pradesh,India,2022-10-02
CUST03237,Simon Thaman,Male,gunbirgaba@example.net,7929119684,North Dumdum,Chhattisgarh,India,2026-04-18
CUST03238,Mekhala Mani,Male,rastoginakul@example.com,0100253890,Gulbarga,West Bengal,India,2025-06-30
CUST03239,Bhavani Sem,Male,sdube@example.org,7664195725,Kollam,Maharashtra,India,2025-08-03
CUST03240,Krishna Hari,Male,kdhawan@example.com,4143847350,Surat,Karnataka,India,2026-05-16
CUST03241,Zaid Kumer,Female,kaiwadhwa@example.com,7741633255,Delhi,Jharkhand,India,2023-05-20
CUST03242,Xavier Sethi,Female,omkaar66@example.org,0696318521,South Dumdum,Haryana,India,2025-02-11
CUST03243,Vyanjana Rajan,Male,aarav92@example.org,4437767797,Danapur,Kerala,India,2022-11-11
CUST03244,Chaaya Nagarajan,Female,bathfiyaz@example.com,2794546245,Akola,Odisha,India,2021-09-24
CUST03245,Samaksh Krishnamurthy,Female,sameshmunshi@example.com,0977376280,Kishanganj,Haryana,India,2022-08-25
CUST03246,Chanakya Buch,Female,dugarekantika@example.com,5476156093,Udupi,Jharkhand,India,2025-08-08
CUST03247,Ijaya Devan,Male,pratyush12@example.net,8833712753,Jamalpur,Tripura,India,2025-02-19
CUST03248,Nandini Khurana,Male,vradhakrishnan@example.net,4541312157,Bhiwani,Sikkim,India,2026-06-29
CUST03249,Faraj Soman,Male,gautami08@example.com,4331240250,Srinagar,Kerala,India,2025-02-11
CUST03250,Zinal Krishnan,Female,karahitesh@example.org,4649391987,Phusro,Telangana,India,2023-07-11
CUST03251,Tarak Madan,Female,surivaishnavi@example.com,8879470218,Bhatpara,Kerala,India,2022-01-05
CUST03252,Chandresh Solanki,Male,faras99@example.org,8808501138,Saharanpur,Chhattisgarh,India,2022-12-15
CUST03253,Max Chada,Male,ramaswamydayita@example.net,3156266877,Bikaner,Himachal Pradesh,India,2024-04-16
CUST03254,Janaki Bhandari,Male,aaravgoel@example.com,3047201715,Bellary,Sikkim,India,2022-03-17
CUST03255,Ekani Vig,Male,netraroy@example.net,9170860033,Berhampur,Assam,India,2023-09-12
CUST03256,Darsh Patla,Male,urvashi73@example.org,5318509166,Vijayanagaram,West Bengal,India,2021-12-18
CUST03257,Vanya Agarwal,Female,ldasgupta@example.com,0139093084,Arrah,West Bengal,India,2024-06-10
CUST03258,Warda Sama,Male,amemon@example.com,6726307869,Aurangabad,Nagaland,India,2024-01-03
CUST03259,Keya Gaba,Female,fitan98@example.net,5540196288,Nandyal,Mizoram,India,2022-01-26
CUST03260,Viraj Bhandari,Female,jairajdayal@example.org,2105562790,Indore,Maharashtra,India,2026-06-28
CUST03261,Bhavani Dayal,Female,fsheth@example.org,7679894737,Gurgaon,Punjab,India,2026-02-06
CUST03262,Jasmit Kaur,Male,bkarnik@example.com,7536132924,Delhi,Mizoram,India,2024-03-23
CUST03263,Leela Gaba,Female,majumdarfalguni@example.net,6352923868,Motihari,Uttarakhand,India,2026-06-22
CUST03264,Hitesh Gill,Male,halderneelima@example.com,0568396666,Agartala,Goa,India,2022-10-19
CUST03265,Hamsini Varty,Male,abdultank@example.org,8612793363,Mehsana,Mizoram,India,2024-04-29
CUST03266,Nakul Setty,Male,khatrikamya@example.org,6488915356,Raebareli,Tamil Nadu,India,2026-02-24
CUST03267,Chakrika Sethi,Female,emadan@example.com,6888772474,Davanagere,Tamil Nadu,India,2025-04-09
CUST03268,Forum Chowdhury,Female,manisachi@example.com,8449726394,Nagaon,Uttar Pradesh,India,2023-12-20
CUST03269,Banjeet Khurana,Female,ghosemichael@example.org,9564338491,Khora ,Telangana,India,2026-02-15
CUST03270,Indali De,Female,yaminivala@example.org,9020190105,Agartala,Goa,India,2021-09-21
CUST03271,Bhavya Lal,Female,basakanthony@example.com,6910765307,Tirupati,Uttarakhand,India,2026-05-19
CUST03272,Vivaan Sha,Male,dalbir76@example.com,3135817639,Sultan Pur Majra,Kerala,India,2022-09-02
CUST03273,Dakshesh Bhargava,Male,shenoywilliam@example.com,7428599564,Howrah,Chhattisgarh,India,2023-11-08
CUST03274,Yuvraj Narang,Female,utandon@example.org,3477223638,Asansol,Odisha,India,2025-04-14
CUST03275,Imaran Malhotra,Male,ladfaris@example.net,9311319921,Howrah,Uttar Pradesh,India,2021-12-02
CUST03276,Anita Kaul,Male,azaanpalla@example.net,6303001859,Hapur,Telangana,India,2024-09-09
CUST03277,Vrinda Loke,Female,dinveda@example.net,5244961618,Bokaro,Telangana,India,2022-08-03
CUST03278,Bimala Mane,Male,anita63@example.net,8981017567,Nashik,West Bengal,India,2024-09-21
CUST03279,Inaya Varghese,Male,arunima84@example.com,2227932108,Ratlam,Tamil Nadu,India,2022-10-14
CUST03280,Kashish Lall,Male,bhanumati87@example.com,3820539420,Suryapet,Andhra Pradesh,India,2024-06-05
CUST03281,Gavin Shenoy,Male,xsarin@example.org,9731384361,Kalyan-Dombivli,West Bengal,India,2022-01-29
CUST03282,Zayan Kalla,Male,yahviravi@example.com,5378316894,Tenali,Gujarat,India,2026-02-01
CUST03283,Jhalak Chaudhuri,Female,rudra29@example.com,2593536594,Delhi,Madhya Pradesh,India,2022-01-28
CUST03284,Janani Kurian,Male,idika71@example.net,1546275079,Thoothukudi,Telangana,India,2022-04-16
CUST03285,Onkar Chand,Male,yashawiniben@example.com,8988478545,North Dumdum,Himachal Pradesh,India,2025-08-29
CUST03286,Ekanta Kurian,Male,gadeaishani@example.org,0215985007,Bhubaneswar,Karnataka,India,2022-01-21
CUST03287,Samar Nazareth,Female,anshrout@example.com,5915150223,Tumkur,Nagaland,India,2025-01-18
CUST03288,Ayushman Loyal,Male,onveernanda@example.com,9764436957,Dehradun,Himachal Pradesh,India,2021-10-13
CUST03289,Yochana Subramanian,Male,aroraqadim@example.org,7206891520,Hyderabad,Odisha,India,2023-11-19
CUST03290,Zinal Desai,Male,widishakrishnan@example.com,9545166243,Haridwar,Karnataka,India,2023-03-24
CUST03291,Bhavani Loke,Female,dkapoor@example.com,3041013379,Hazaribagh,West Bengal,India,2024-04-18
CUST03292,Advika Brahmbhatt,Female,dalbir65@example.org,3384631561,Munger,West Bengal,India,2022-11-27
CUST03293,Jyoti Dass,Female,nagyaarnav@example.net,0076048979,Bhubaneswar,Gujarat,India,2024-07-18
CUST03294,Praneel Gill,Female,manyanarasimhan@example.com,4761737156,Avadi,Maharashtra,India,2023-12-25
CUST03295,Laban Bala,Female,xavier53@example.org,1209982404,Sangli-Miraj & Kupwad,Nagaland,India,2026-06-27
CUST03296,Tamanna Krishnan,Female,qarinuppal@example.net,1792237411,Aligarh,Telangana,India,2026-04-15
CUST03297,Nandini Salvi,Female,oshanarain@example.org,2537351255,Rourkela,Sikkim,India,2022-06-21
CUST03298,Girish Gandhi,Male,sharafhemangini@example.org,1688687481,Karnal,Tamil Nadu,India,2022-10-13
CUST03299,Unni Bala,Female,mwali@example.org,8872652693,Faridabad,Madhya Pradesh,India,2026-02-25
CUST03300,Yochana Choudhary,Female,mistrytriya@example.net,6384756210,Sri Ganganagar,Arunachal Pradesh,India,2024-05-11
CUST03301,Jagvi Karnik,Female,mitesh30@example.net,3508351502,Dehri,Andhra Pradesh,India,2026-07-05
CUST03302,Keya Ratti,Male,michael21@example.org,0107890486,Bhatpara,Haryana,India,2021-08-20
CUST03303,Veer Garde,Female,tarakai@example.com,1102509484,Jamalpur,Sikkim,India,2023-01-12
CUST03304,Alka Nagarajan,Female,manderlipika@example.com,2980548609,Thoothukudi,Nagaland,India,2025-07-18
CUST03305,Zayyan Chaudhary,Male,ravijasmit@example.com,0890578820,Bikaner,Maharashtra,India,2026-02-12
CUST03306,Maya Das,Male,maanas16@example.org,9753208828,Karnal,Mizoram,India,2025-06-05
CUST03307,Noah Sarkar,Female,oshroff@example.net,7953962569,Phusro,Telangana,India,2022-12-08
CUST03308,Sara Kuruvilla,Male,ngour@example.org,1958799404,Loni,Arunachal Pradesh,India,2025-11-19
CUST03309,Nitesh Gera,Female,zehaankari@example.net,4482213697,Nadiad,Uttarakhand,India,2024-11-12
CUST03310,Brinda Parmar,Female,rehaan78@example.net,5128626369,Tirunelveli,Rajasthan,India,2025-05-24
CUST03311,Janani Mody,Male,kvenkatesh@example.net,9543371051,Mysore,Haryana,India,2022-11-09
CUST03312,Ansh Dara,Male,kkumer@example.com,0628044434,Junagadh,Uttar Pradesh,India,2023-10-09
CUST03313,Baghyawati Rajagopal,Female,gillmohammed@example.net,3574378616,Ambattur,Uttar Pradesh,India,2023-09-26
CUST03314,Tristan Kashyap,Female,gayathrilall@example.com,3705535872,Rajkot,Tripura,India,2025-09-15
CUST03315,Sarthak Sehgal,Female,jagatsibal@example.com,1927839951,Ahmednagar,Telangana,India,2024-04-22
CUST03316,Meghana Gupta,Male,adwetasekhon@example.com,3361603526,Kakinada,Uttar Pradesh,India,2024-01-21
CUST03317,Saksham Bala,Female,lmerchant@example.org,5058317394,Noida,Chhattisgarh,India,2021-11-18
CUST03318,Ethan Dhingra,Male,bajajjagrati@example.org,7335132035,Agra,Telangana,India,2025-11-17
CUST03319,Wahab Rana,Female,mahalansh@example.org,4945698755,Begusarai,Tripura,India,2025-08-13
CUST03320,Amruta Walia,Male,victor88@example.org,9385609301,Agra,Nagaland,India,2023-04-04
CUST03321,Dayamai Ganesan,Female,alexander63@example.org,9150704453,Bhilwara,Rajasthan,India,2021-12-17
CUST03322,Samuel Bahri,Female,aryanmukherjee@example.org,6631833809,Bhopal,Odisha,India,2023-01-23
CUST03323,Charan Sule,Female,pnatarajan@example.net,8459333197,Nangloi Jat,Haryana,India,2026-01-13
CUST03324,Anusha Sagar,Male,wakeeta59@example.com,5413425524,Ghaziabad,Himachal Pradesh,India,2022-03-21
CUST03325,Hema Sharaf,Male,gdasgupta@example.com,7858904325,Sambalpur,Chhattisgarh,India,2022-05-20
CUST03326,Tripti Natarajan,Female,ladli74@example.net,7080426328,Hosur,Tripura,India,2026-02-19
CUST03327,Isha Pillay,Male,aditya03@example.net,9641707545,Ujjain,Rajasthan,India,2023-12-18
CUST03328,Gautami Tata,Male,schaudhry@example.org,5885616577,Jhansi,Arunachal Pradesh,India,2024-11-06
CUST03329,Dhriti Khurana,Female,charanaurora@example.com,9485285476,Kakinada,Nagaland,India,2025-07-15
CUST03330,Chandresh Modi,Female,dipta27@example.net,5299575343,Sambhal,Mizoram,India,2025-09-09
CUST03331,Pavani Dora,Female,ranaumang@example.net,3579147676,Tezpur,Chhattisgarh,India,2023-09-06
CUST03332,Harrison Biswas,Female,omdakshesh@example.org,0245356838,Navi Mumbai,Rajasthan,India,2021-11-04
CUST03333,Hemani Devi,Male,diya80@example.net,6790308514,Barasat,Karnataka,India,2023-11-15
CUST03334,Janani Chana,Male,chaitalybalasubramanian@example.com,5625503209,Pali,Rajasthan,India,2025-08-03
CUST03335,Balveer Wali,Male,bishakhashenoy@example.org,8033059344,Nashik,Jharkhand,India,2026-06-19
CUST03336,Luke Basak,Female,gokhalemaya@example.org,6733483597,Delhi,Manipur,India,2021-10-25
CUST03337,Balhaar Guha,Male,vivaanpurohit@example.org,7496537991,Gulbarga,Jharkhand,India,2025-12-23
CUST03338,Harshil Chad,Male,fdixit@example.org,6467288297,Maheshtala,West Bengal,India,2026-06-30
CUST03339,Shravya Karpe,Male,qasimbiswas@example.net,4781068415,Satna,Uttarakhand,India,2023-07-05
CUST03340,Elijah Kakar,Female,naiduveer@example.org,2840881291,Kalyan-Dombivli,Uttarakhand,India,2026-01-30
CUST03341,Urmi Morar,Female,jairajsabharwal@example.net,0845722347,Kadapa,Haryana,India,2025-07-22
CUST03342,Omya Bajwa,Female,oscar07@example.com,6288385129,Bidhannagar,Gujarat,India,2024-09-23
CUST03343,Megha Nayar,Male,aayushdevi@example.net,1973109153,Agartala,Bihar,India,2023-01-03
CUST03344,Isha Randhawa,Female,upasna95@example.net,4851161657,Jammu,Gujarat,India,2024-04-13
CUST03345,Zarna Misra,Female,ttrivedi@example.net,9565073599,Jamnagar,Sikkim,India,2025-11-30
CUST03346,Om More,Male,lkaul@example.net,6089943915,Davanagere,Goa,India,2024-12-31
CUST03347,Umang Iyer,Male,abutala@example.org,0306687299,Ahmednagar,Maharashtra,India,2023-12-09
CUST03348,Utkarsh Ramanathan,Male,bhagatsamaksh@example.com,5929465410,Mahbubnagar,Chhattisgarh,India,2022-04-28
CUST03349,Michael Krishnamurthy,Male,fradodani@example.net,6785055557,Saharanpur,Manipur,India,2024-11-21
CUST03350,Balhaar Saha,Male,padmanabhanguneet@example.org,5397909738,Bhiwani,Madhya Pradesh,India,2021-12-08
CUST03351,Vyanjana Dhingra,Female,jason75@example.net,0685910980,Jorhat,Assam,India,2026-04-17
CUST03352,Noah Mand,Female,fitanmuni@example.org,6841420614,Bikaner,Karnataka,India,2023-08-05
CUST03353,Anamika Tandon,Female,ynigam@example.net,5871554180,Kharagpur,Meghalaya,India,2024-07-07
CUST03354,Urmi Edwin,Female,chasmumpingle@example.com,8946062665,Ramgarh,Andhra Pradesh,India,2023-01-05
CUST03355,Advika Brar,Female,lalaupasna@example.org,6001094548,Allahabad,Himachal Pradesh,India,2023-05-18
CUST03356,Gauri Sood,Male,chadaurishilla@example.net,9462934038,Motihari,Uttar Pradesh,India,2025-09-27
CUST03357,Pooja Saini,Female,hkumer@example.net,1262982179,Etawah,Assam,India,2024-12-27
CUST03358,Sathvik Apte,Female,bimala77@example.com,4034768605,Bardhaman,Gujarat,India,2026-07-02
CUST03359,Ikshita Saxena,Male,janakideol@example.com,9819350306,Kurnool,Madhya Pradesh,India,2024-05-18
CUST03360,Faras Chakraborty,Male,ishita82@example.org,3537843580,Malda,Karnataka,India,2022-06-03
CUST03361,Chaitaly Bava,Female,jalsa64@example.com,9657316413,Hyderabad,Punjab,India,2023-10-12
CUST03362,Ishaan Devan,Male,nitara84@example.org,6216525264,Karnal,Tripura,India,2025-02-27
CUST03363,Ansh Natarajan,Female,pillaianusha@example.net,4481077197,Ajmer,Tamil Nadu,India,2025-12-02
CUST03364,Eta Prakash,Male,csule@example.net,4701587817,Rourkela,Nagaland,India,2024-08-30
CUST03365,Aarnav Rastogi,Male,lekharau@example.org,3782832919,Sultan Pur Majra,Andhra Pradesh,India,2022-01-29
CUST03366,Gautam Nadkarni,Male,eta38@example.com,6666556958,Rampur,Nagaland,India,2025-02-17
CUST03367,Gaurika Mani,Female,isachdev@example.net,5212187389,Bhopal,Karnataka,India,2024-06-01
CUST03368,Jagvi Sharma,Male,shettyeiravati@example.org,0966278418,Bhalswa Jahangir Pur,West Bengal,India,2025-07-28
CUST03369,Arjun Bir,Male,madhavinarang@example.com,9779019023,Chandrapur,Maharashtra,India,2025-07-11
CUST03370,Shivansh Manne,Female,frado98@example.org,2301319236,Sambhal,Madhya Pradesh,India,2025-08-12
CUST03371,Praneel Parmer,Female,wdasgupta@example.net,3170344869,Ludhiana,Uttarakhand,India,2024-07-26
CUST03372,Udarsh Mody,Male,ronith31@example.org,6151476946,Bahraich,Uttarakhand,India,2021-11-19
CUST03373,Bimala Sampath,Female,charpahal@example.org,1980353729,Nadiad,Andhra Pradesh,India,2023-03-20
CUST03374,Netra Ahluwalia,Female,radhachander@example.com,8810774818,Shivpuri,Odisha,India,2023-03-19
CUST03375,Anya Chaudhary,Male,vivaanbail@example.org,9851984229,Buxar,Jharkhand,India,2023-09-27
CUST03376,Chandran Chand,Female,pandittejas@example.org,2218063460,Secunderabad,Gujarat,India,2022-07-03
CUST03377,Ati Comar,Male,agastyagaba@example.org,7465464791,Gurgaon,Telangana,India,2023-07-24
CUST03378,Chaman Bhatnagar,Male,karkabir@example.org,9821490528,Saharsa,Rajasthan,India,2024-01-30
CUST03379,Yahvi Wable,Male,patlavanya@example.org,9900125754,Rourkela,Rajasthan,India,2022-04-21
CUST03380,Divya Kata,Male,ranbirgrover@example.net,4015908082,Ramgarh,Assam,India,2021-07-26
CUST03381,Charles Sawhney,Female,janyanarang@example.com,4763915948,Jalna,Uttarakhand,India,2023-02-26
CUST03382,Yochana Baria,Female,yuvrajkarnik@example.net,0678138855,Naihati,Uttar Pradesh,India,2024-08-26
CUST03383,Yashica Ravel,Male,gadeshravya@example.org,7669361981,Morena,Uttarakhand,India,2022-02-09
CUST03384,Prisha Viswanathan,Male,ykaul@example.net,1958874561,Gandhidham,Himachal Pradesh,India,2023-05-25
CUST03385,Oliver Zacharia,Female,panditbarkha@example.net,0190518917,Agra,Rajasthan,India,2025-06-15
CUST03386,Oeshi Natarajan,Female,pparekh@example.net,2570038950,Munger,Manipur,India,2025-09-04
CUST03387,Urmi Issac,Male,mdora@example.net,9273340943,Bikaner,Nagaland,India,2022-03-08
CUST03388,Urmi Sem,Male,zganesan@example.com,2141028178,Dharmavaram,Uttar Pradesh,India,2023-12-04
CUST03389,Ryan Pandey,Male,godajai@example.net,1039211925,Srinagar,Kerala,India,2023-12-24
CUST03390,Chasmum Minhas,Female,sandalsaumya@example.com,3373187124,Thoothukudi,Telangana,India,2025-03-17
CUST03391,Bhavini Bakshi,Female,bhavyakapoor@example.org,1712450214,Kochi,West Bengal,India,2024-04-29
CUST03392,Ryan Bhatti,Male,dakshamallick@example.org,8303385220,Thane,Assam,India,2024-04-01
CUST03393,Warda Dara,Male,samakshdasgupta@example.org,8005257876,Ramagundam,Nagaland,India,2022-12-15
CUST03394,Aarush Nath,Male,mallleena@example.net,3456315638,Katihar,Rajasthan,India,2025-04-06
CUST03395,Triya Iyengar,Female,saicheema@example.com,8042733047,Karaikudi,Uttarakhand,India,2021-12-15
CUST03396,Niharika Srinivas,Female,imahal@example.org,3312457164,Tiruchirappalli,Maharashtra,India,2025-09-13
CUST03397,Oviya Swaminathan,Female,borabhanumati@example.com,3832932712,Tezpur,Meghalaya,India,2024-08-30
CUST03398,Dhriti Parikh,Female,amrutagill@example.com,9644194747,Bidhannagar,Meghalaya,India,2023-05-04
CUST03399,Ryan Bora,Female,anmoldass@example.net,5965579552,Udupi,Kerala,India,2022-03-05
CUST03400,Tripti Deol,Female,karpeyatan@example.org,1450527881,Gangtok,Bihar,India,2026-02-09
CUST03401,Leena Nayak,Male,gautamioza@example.org,8625804712,Kanpur,Maharashtra,India,2023-03-19
CUST03402,Faris Kibe,Male,sarkargirish@example.net,8408643423,Kolhapur,Andhra Pradesh,India,2023-10-22
CUST03403,Manthan Tata,Female,sethsamesh@example.com,7761860043,Bhalswa Jahangir Pur,Bihar,India,2024-06-19
CUST03404,Chaitaly Prakash,Female,rachitaapte@example.net,5337060688,Panihati,Himachal Pradesh,India,2025-10-02
CUST03405,Neelima Murthy,Male,prashadlopa@example.org,4959284382,Kamarhati,Jharkhand,India,2026-03-15
CUST03406,Rushil Shukla,Male,krishnamurthyharita@example.org,1233517829,Kakinada,Nagaland,India,2026-01-24
CUST03407,Kevin Bala,Male,wazir35@example.net,5499151824,Munger,Karnataka,India,2024-05-10
CUST03408,Imaran Pradhan,Female,joshiranbir@example.org,6959966519,Shimla,Tamil Nadu,India,2021-12-25
CUST03409,Jhalak Agarwal,Male,alkasarraf@example.org,0544584992,Chinsurah,Kerala,India,2022-01-01
CUST03410,Gauri Mandal,Male,dpandit@example.org,3771446422,Yamunanagar,Assam,India,2025-06-24
CUST03411,Nihal Tak,Male,urmidhawan@example.com,6062188057,Siliguri,Uttarakhand,India,2025-06-05
CUST03412,Qarin Grewal,Male,mannanthony@example.org,5428530020,Pudukkottai,Chhattisgarh,India,2021-11-18
CUST03413,Fitan Oak,Male,aptekiaan@example.com,4416272740,Kalyan-Dombivli,Jharkhand,India,2022-04-22
CUST03414,Advaith Rana,Female,ibarad@example.com,0544317223,Raebareli,Arunachal Pradesh,India,2022-07-11
CUST03415,Harshil Merchant,Male,amrutabuch@example.com,2867648394,Siliguri,Telangana,India,2024-06-19
CUST03416,Shivani Bal,Female,pantchaitaly@example.net,1616164842,Loni,Andhra Pradesh,India,2026-03-25
CUST03417,Yashoda Panchal,Male,rpau@example.com,9747285735,Kishanganj,West Bengal,India,2024-07-21
CUST03418,Mitali Sami,Female,mtandon@example.net,0177632616,Maheshtala,Bihar,India,2026-04-23
CUST03419,Anvi Som,Female,ranbir13@example.net,2133841912,Sambalpur,Manipur,India,2025-03-14
CUST03420,Dayita Rajan,Female,fiyazjha@example.net,0864424673,Ahmedabad,Andhra Pradesh,India,2022-08-12
CUST03421,Yatan Shere,Male,vtaneja@example.org,7546501774,Barasat,Bihar,India,2022-05-18
CUST03422,Warjas Thaman,Male,bimalakota@example.com,8079206370,Raebareli,Bihar,India,2024-10-28
CUST03423,Aarnav Mody,Female,osaini@example.org,8492960692,Vijayawada,West Bengal,India,2026-03-11
CUST03424,Upkaar Sen,Female,ewali@example.net,1281346471,Kulti,Tamil Nadu,India,2022-05-30
CUST03425,Yashasvi Biswas,Male,divyabora@example.com,0228669863,Durg,Kerala,India,2023-11-18
CUST03426,Adweta Natarajan,Male,raobimala@example.net,7230016526,Muzaffarnagar,Gujarat,India,2025-12-21
CUST03427,Charan Chaudry,Male,narulaqadim@example.net,7985924149,Pudukkottai,Tripura,India,2022-03-30
CUST03428,Ojasvi Savant,Male,xiti24@example.com,5494196922,Varanasi,Uttarakhand,India,2024-01-03
CUST03429,Shravya Peri,Female,utkarsh19@example.com,3834976367,Kolhapur,Jharkhand,India,2024-01-18
CUST03430,Neelima Pant,Male,urishillayohannan@example.com,4168486072,Proddatur,Himachal Pradesh,India,2023-06-05
CUST03431,Chaman Bhatt,Female,dominic31@example.com,4602555435,Nellore,Chhattisgarh,India,2022-08-27
CUST03432,Omaja Natt,Female,sibalamol@example.com,2072931486,Kamarhati,Gujarat,India,2023-10-21
CUST03433,Jagdish Ramaswamy,Male,kapadiasuhani@example.net,5237496784,Jalandhar,Karnataka,India,2026-05-31
CUST03434,Tamanna Parsa,Female,nishasamra@example.com,6163785330,Kakinada,Assam,India,2025-12-31
CUST03435,Charita Ramesh,Female,hemang91@example.net,7511498817,Kanpur,Assam,India,2025-07-20
CUST03436,Thomas Goel,Female,gaurangiseth@example.net,6007986472,Maheshtala,Rajasthan,India,2026-02-04
CUST03437,Nachiket Nagar,Female,wbali@example.org,0584857022,Raebareli,Nagaland,India,2023-09-06
CUST03438,Chaitaly Sunder,Female,obhakta@example.com,2818247752,Gorakhpur,Karnataka,India,2023-12-30
CUST03439,Chavvi Memon,Male,ekiya57@example.net,9329027835,Bhagalpur,West Bengal,India,2023-07-28
CUST03440,Rushil Nori,Male,ladayaan@example.net,1169910638,Sambhal,Meghalaya,India,2023-07-02
CUST03441,Rohan Kumar,Female,aditya97@example.org,5255740126,Alwar,Gujarat,India,2023-08-10
CUST03442,Raagini Hayre,Male,ryantella@example.com,8721385745,Amaravati,Madhya Pradesh,India,2022-01-10
CUST03443,Darpan Mital,Male,robertdalal@example.net,4252607223,Belgaum,Chhattisgarh,India,2021-08-03
CUST03444,Baghyawati Rajan,Male,ladpratyush@example.com,8947985947,Kadapa,Maharashtra,India,2022-03-23
CUST03445,Agastya Chopra,Male,banikkalpit@example.org,1269619782,Berhampore,Mizoram,India,2022-05-27
CUST03446,Ayaan Kalla,Male,dhruv75@example.net,8096096646,Nagercoil,Himachal Pradesh,India,2022-05-11
CUST03447,Ekapad Ganesan,Male,vdugal@example.net,4811939003,Pudukkottai,Himachal Pradesh,India,2026-02-22
CUST03448,Ekbal Sangha,Female,victor72@example.org,9526363777,Parbhani,West Bengal,India,2023-06-11
CUST03449,Yashawini Das,Female,bhavini37@example.org,6069048852,Gaya,Manipur,India,2024-07-21
CUST03450,Vihaan Sekhon,Female,ucchal05@example.net,0185194961,Jalna,Chhattisgarh,India,2021-11-20
CUST03451,Gayathri Karnik,Female,yagnesh51@example.net,3601855225,Moradabad,Tripura,India,2026-04-18
CUST03452,Vansha Purohit,Male,ubath@example.org,3649379316,Guntakal,Haryana,India,2024-07-16
CUST03453,Pavani Mane,Female,yashvi61@example.net,3223346035,Madhyamgram,Andhra Pradesh,India,2023-03-20
CUST03454,Mohini Ramesh,Male,advik11@example.com,4375806363,Mira-Bhayandar,Goa,India,2026-02-13
CUST03455,Yatin Bawa,Female,odikagole@example.com,2486591086,Jaipur,Madhya Pradesh,India,2022-06-09
CUST03456,Charita Lad,Female,hemang03@example.com,0073613438,Bijapur,Kerala,India,2023-09-13
CUST03457,Nitesh Tara,Male,yashvi31@example.net,6111816686,Tadipatri,Tamil Nadu,India,2021-09-14
CUST03458,Balhaar Palan,Male,labangill@example.com,7502729739,Ichalkaranji,Odisha,India,2026-03-01
CUST03459,Balendra Lalla,Female,garima01@example.net,7172404913,Jorhat,Punjab,India,2025-03-13
CUST03460,Farhan Gole,Female,tarakbanerjee@example.net,3789235410,Dharmavaram,Gujarat,India,2024-03-28
CUST03461,George Varkey,Female,caleb12@example.net,7330809918,South Dumdum,Andhra Pradesh,India,2025-11-23
CUST03462,Chavvi Vyas,Male,daminimanda@example.org,2526423280,Tiruppur,Kerala,India,2024-11-24
CUST03463,Ekaja Balay,Male,sampathyashasvi@example.com,3951623128,Udupi,Meghalaya,India,2021-12-21
CUST03464,Yashasvi Bail,Female,udewan@example.org,6739300250,Adoni,Punjab,India,2024-03-26
CUST03465,Leena Wali,Male,cbajaj@example.net,1169619850,Gaya,Andhra Pradesh,India,2023-08-18
CUST03466,Ayush Dhillon,Male,varenya10@example.net,3743415455,Berhampore,Sikkim,India,2023-05-23
CUST03467,Omisha Naik,Female,qkumar@example.net,6710395135,Shimoga,Odisha,India,2023-10-26
CUST03468,Rehaan Mall,Male,kritika08@example.org,2447662217,Malda,Arunachal Pradesh,India,2022-05-29
CUST03469,Frederick De,Female,aarini47@example.net,3464035555,Jaipur,Haryana,India,2021-10-29
CUST03470,Yutika Kalla,Female,ladli08@example.net,3555319227,Bhiwani,Jharkhand,India,2026-07-10
CUST03471,Veda Sarma,Female,samradivya@example.org,8952919289,Bhatpara,Sikkim,India,2023-12-05
CUST03472,Warda Rau,Male,sakshamchauhan@example.com,0952489138,Mysore,Telangana,India,2022-05-13
CUST03473,Garima Tak,Female,shettyanjali@example.org,5265235189,Panchkula,Punjab,India,2025-05-24
CUST03474,Adya Oza,Female,murtypushti@example.org,4278243312,Dhanbad,Haryana,India,2025-09-27
CUST03475,Vidhi Kurian,Male,triya87@example.net,3354780762,Adoni,Maharashtra,India,2025-03-30
CUST03476,Vedika Tank,Female,yugshere@example.org,7678978580,Pallavaram,Sikkim,India,2025-11-01
CUST03477,Jyoti D’Alia,Female,wishi82@example.org,5352803351,Begusarai,Manipur,India,2026-04-22
CUST03478,Baghyawati Nair,Male,irya94@example.org,3799987735,Siliguri,Haryana,India,2022-01-30
CUST03479,Nitesh Virk,Female,zaidyohannan@example.com,1396656028,Saharsa,Goa,India,2022-04-13
CUST03480,Benjamin Din,Female,aadi24@example.net,7934250189,Jabalpur,Arunachal Pradesh,India,2026-06-15
CUST03481,Aashi Ganesh,Female,ikant@example.com,5823045702,Bettiah,Karnataka,India,2022-05-24
CUST03482,Suhani Varghese,Male,srana@example.net,3816539932,Uluberia,Meghalaya,India,2026-01-12
CUST03483,Daniel Narang,Male,sawhneylibni@example.org,4339457976,Panihati,Madhya Pradesh,India,2025-02-15
CUST03484,Yashawini Mohanty,Female,ikarpe@example.net,4741331537,Howrah,Punjab,India,2026-01-24
CUST03485,Anirudh Pingle,Female,triptibiswas@example.org,8104157261,Tinsukia,Odisha,India,2024-01-20
CUST03486,Agastya Wadhwa,Male,acharyayoshita@example.net,5816863201,Gandhinagar,Karnataka,India,2024-02-01
CUST03487,Nicholas Tank,Female,anthonymalhotra@example.org,4352164552,Mehsana,Chhattisgarh,India,2026-05-28
CUST03488,Ekanta Narang,Male,ibehl@example.net,3654363281,Warangal,Goa,India,2021-11-27
CUST03489,Dakshesh Bail,Male,nathanielratta@example.com,5355355108,Vasai-Virar,Meghalaya,India,2025-02-25
CUST03490,Brijesh Barad,Male,barkhachopra@example.net,2217758980,Thanjavur,Mizoram,India,2025-04-18
CUST03491,Anusha Saraf,Male,surhemani@example.com,9331995721,Motihari,Chhattisgarh,India,2022-02-15
CUST03492,Lipika Choudhary,Female,settymeera@example.net,2748431788,Katni,Meghalaya,India,2024-08-01
CUST03493,Jeremiah Gokhale,Male,jananidyal@example.com,5000054351,Bhatpara,Karnataka,India,2025-01-23
CUST03494,Vrinda Hegde,Female,kantdiya@example.net,9972195746,Kochi,Gujarat,India,2022-09-16
CUST03495,Yauvani Sinha,Female,pgulati@example.net,8706307989,Miryalaguda,Sikkim,India,2024-01-12
CUST03496,Nitesh Chawla,Female,yashawini38@example.org,0254030197,Pimpri-Chinchwad,Arunachal Pradesh,India,2023-12-02
CUST03497,Udyati Golla,Female,meera69@example.com,7710646725,Vijayanagaram,Jharkhand,India,2025-09-03
CUST03498,Mahika Nadig,Female,iagarwal@example.net,2242412708,Thoothukudi,Uttarakhand,India,2023-11-29
CUST03499,Chandran Keer,Male,hvirk@example.net,8437656383,Jamshedpur,Kerala,India,2025-11-29
CUST03500,Balhaar Kunda,Male,shravya07@example.net,0056314300,Motihari,Haryana,India,2026-05-24
CUST03501,Gagan Pant,Male,kundabhavini@example.com,6850675900,Varanasi,Nagaland,India,2022-01-15
CUST03502,Pratyush Garde,Female,dubesanaya@example.org,8863635984,Haldia,Meghalaya,India,2023-04-29
CUST03503,Rayaan Pall,Male,pallavi34@example.org,8172784464,Ratlam,Chhattisgarh,India,2023-06-25
CUST03504,Saksham Saxena,Female,qsama@example.org,9057239435,Katihar,Jharkhand,India,2022-01-20
CUST03505,Aarna Sarin,Female,nagarajanfarhan@example.org,8824637906,Avadi,Nagaland,India,2025-05-07
CUST03506,Vinaya Borah,Female,bkaran@example.net,9469963080,Nandyal,Haryana,India,2021-07-30
CUST03507,Jackson Mangat,Male,rbera@example.com,1753922980,Madurai,Sikkim,India,2024-05-08
CUST03508,Bhavani Joshi,Female,loganbadami@example.net,2072265614,Purnia,Nagaland,India,2023-11-03
CUST03509,Chakrika Kapur,Male,jbedi@example.net,3751206489,Guwahati,Uttar Pradesh,India,2025-05-04
CUST03510,Gayathri Bansal,Male,ikbal94@example.org,8507819021,Maheshtala,Punjab,India,2025-02-04
CUST03511,Charita Mangat,Male,borahethan@example.com,3776063888,Srinagar,Goa,India,2023-12-03
CUST03512,Tara Wason,Female,meghanasinha@example.com,8641764002,Sangli-Miraj & Kupwad,Karnataka,India,2022-06-28
CUST03513,Yash Goswami,Female,tara32@example.org,9424132976,Danapur,Odisha,India,2022-02-24
CUST03514,Unnati Boase,Male,walichakrika@example.net,7755598928,Ambala,Chhattisgarh,India,2025-05-16
CUST03515,Samar Choudhary,Male,megha00@example.org,0604579475,Karnal,Punjab,India,2022-02-26
CUST03516,Kritika Chandran,Female,qsankaran@example.net,3959292093,Nellore,Nagaland,India,2025-04-18
CUST03517,Kashvi Ahluwalia,Male,veer77@example.org,1583675776,Nagpur,West Bengal,India,2024-08-07
CUST03518,Kashish Dhillon,Female,oommenjasmit@example.com,1082149645,Nashik,Uttar Pradesh,India,2021-11-08
CUST03519,Hiral Lalla,Female,ekaja61@example.com,4944677277,Jaipur,Tamil Nadu,India,2023-03-15
CUST03520,Zaitra Dey,Female,boraayaan@example.org,0068138235,Avadi,West Bengal,India,2024-04-16
CUST03521,Bachittar Kata,Female,omya36@example.com,1238969924,Udupi,Himachal Pradesh,India,2024-08-29
CUST03522,Neha Sampath,Male,patilbrijesh@example.com,4198152089,Satara,Bihar,India,2022-05-21
CUST03523,Radha Sarma,Male,hmaharaj@example.org,5408197186,Bilaspur,West Bengal,India,2021-10-23
CUST03524,Lipika Chopra,Female,damyanti88@example.com,1653903237,Malda,Rajasthan,India,2024-06-28
CUST03525,Damyanti Chanda,Female,omkaar02@example.com,9692924593,North Dumdum,Maharashtra,India,2024-11-29
CUST03526,Jalsa Kara,Male,yupadhyay@example.com,2908360886,Machilipatnam,Himachal Pradesh,India,2024-03-28
CUST03527,Finn Venkataraman,Female,george56@example.org,9639444749,Bikaner,Mizoram,India,2023-11-28
CUST03528,Chandani Mangat,Male,fcheema@example.net,2931894382,Hapur,Telangana,India,2025-05-08
CUST03529,Ishita Modi,Male,isaac63@example.com,7672665867,Shimla,Haryana,India,2023-06-28
CUST03530,Naveen Dhar,Female,umane@example.org,1519504156,Ozhukarai,Tamil Nadu,India,2023-04-12
CUST03531,Indrajit Gaba,Female,unagi@example.com,1436078576,Dehri,Assam,India,2026-05-30
CUST03532,Praneel Wable,Female,sanizehaan@example.com,2962911814,Danapur,Bihar,India,2022-09-28
CUST03533,Dayamai Korpal,Female,umahal@example.org,9232205232,Gorakhpur,Jharkhand,India,2026-05-27
CUST03534,Reyansh Cheema,Male,yutikavala@example.net,4573372810,Malegaon,Andhra Pradesh,India,2025-01-10
CUST03535,Frado Chawla,Male,lilaraju@example.com,3351465228,Anantapur,Uttarakhand,India,2023-11-21
CUST03536,Vasana Kurian,Male,venkateshmeghana@example.net,3635920654,Tiruvottiyur,Haryana,India,2026-02-14
CUST03537,Yashasvi Puri,Female,maxravel@example.net,5109738681,Sikar,Karnataka,India,2022-09-04
CUST03538,Gautam Talwar,Female,charurmi@example.com,4047424440,Baranagar,Punjab,India,2024-04-19
CUST03539,Gaurika Chad,Male,upma36@example.net,7198135069,Tinsukia,Assam,India,2021-11-30
CUST03540,Raghav Atwal,Female,azad72@example.org,5928484614,Tirunelveli,Tripura,India,2024-12-20
CUST03541,George Pau,Female,zaidmadan@example.org,8949689432,Chandigarh,Goa,India,2023-11-11
CUST03542,Kamala Roy,Male,tkalla@example.org,5497028589,Khandwa,Punjab,India,2026-03-05
CUST03543,Teerth Madan,Female,rpadmanabhan@example.org,0237280112,Raiganj,Uttarakhand,India,2023-07-23
CUST03544,Ekapad Kalla,Female,bbuch@example.com,8109521913,Rampur,Andhra Pradesh,India,2022-11-11
CUST03545,Shravya Bava,Male,darika74@example.com,8208685932,Bhusawal,Chhattisgarh,India,2023-12-26
CUST03546,Ekaja Toor,Female,darpan72@example.com,5765481966,Bhagalpur,Jharkhand,India,2024-11-04
CUST03547,Harini Sethi,Female,boraaahana@example.org,9268466972,Aligarh,Gujarat,India,2025-02-16
CUST03548,Yashica Varty,Male,wazir41@example.org,3993486716,Jehanabad,Andhra Pradesh,India,2022-03-02
CUST03549,Sarthak Bhatia,Male,krisha63@example.net,7542511916,Loni,Karnataka,India,2022-02-01
CUST03550,Darpan Kakar,Male,pavani78@example.com,7653566528,Alappuzha,Gujarat,India,2025-12-11
CUST03551,Yashawini Dave,Female,triyabail@example.net,0774270096,Jorhat,Manipur,India,2025-09-03
CUST03552,Lipika Chandra,Female,aarav26@example.net,1935477935,Anantapur,Meghalaya,India,2023-12-16
CUST03553,Megha Varkey,Female,chatura23@example.org,7840839450,Bhilwara,Goa,India,2021-12-02
CUST03554,Mekhala Rout,Female,ishwaragrawal@example.org,2546191203,Ramgarh,Rajasthan,India,2022-12-25
CUST03555,Chanakya Srinivasan,Female,nkrishna@example.net,2367904593,Saharsa,Odisha,India,2024-03-01
CUST03556,Mason Divan,Female,watika80@example.net,4675482590,Panvel,Himachal Pradesh,India,2022-05-12
CUST03557,Rohan More,Female,hariria@example.net,8351413940,Ajmer,Maharashtra,India,2025-03-01
CUST03558,Divya Agrawal,Female,mbala@example.org,7295894412,Aizawl,Haryana,India,2023-10-21
CUST03559,Faraj Rana,Female,zachariahsathvik@example.com,2141776190,Salem,Punjab,India,2021-10-02
CUST03560,Chaitaly Biswas,Male,mrai@example.com,6244073301,Pudukkottai,Manipur,India,2022-04-22
CUST03561,Balhaar Goel,Male,hchaudhry@example.net,1229168959,Indore,Meghalaya,India,2022-06-26
CUST03562,Vrishti Golla,Male,jasonbala@example.com,1963943967,Jabalpur,Punjab,India,2026-02-21
CUST03563,Rajata Kaur,Female,dalalchatresh@example.com,2762515714,Malegaon,Jharkhand,India,2022-04-04
CUST03564,Caleb Halder,Male,pillaiudant@example.net,1675238565,Guntakal,Uttar Pradesh,India,2024-01-16
CUST03565,Ridhi Varghese,Female,gsarna@example.net,8345292302,Madurai,Gujarat,India,2021-08-31
CUST03566,Rudra Nagy,Female,chaitanya63@example.com,6476683170,Berhampur,West Bengal,India,2025-08-09
CUST03567,Aashi Bhatti,Male,utkarsh98@example.com,4845467860,Panvel,Gujarat,India,2025-05-31
CUST03568,Darika Kari,Female,prashadgaurika@example.org,0573438793,Ambarnath,Meghalaya,India,2024-08-19
CUST03569,Praneel Choudhury,Male,advikaapte@example.com,0775544395,Nizamabad,Gujarat,India,2025-04-14
CUST03570,Keya Iyengar,Male,cloyal@example.org,3196313189,Adoni,Sikkim,India,2026-02-18
CUST03571,Varenya Vasa,Female,hmani@example.net,2221069442,Nanded,Karnataka,India,2024-12-02
CUST03572,Pratyush Ravel,Male,sdubey@example.com,8899045312,Salem,Karnataka,India,2022-12-25
CUST03573,Rachana Edwin,Male,cbassi@example.com,0562045396,Guwahati,Meghalaya,India,2025-10-16
CUST03574,Onkar Vora,Female,onadkarni@example.org,5908848993,Secunderabad,Kerala,India,2024-10-21
CUST03575,Pranit Batta,Male,ybhatia@example.com,8000035264,Ramagundam,Meghalaya,India,2022-12-12
CUST03576,Diya Kalita,Female,abala@example.com,5251766173,Nashik,Uttar Pradesh,India,2024-10-06
CUST03577,Champak Bora,Female,muniamol@example.com,0043556148,Nanded,Manipur,India,2023-12-31
CUST03578,Sara Chanda,Female,ekbalahuja@example.net,1186780379,Howrah,Punjab,India,2021-09-04
CUST03579,Harini Nath,Male,nazarethtanay@example.org,5576813770,Satara,Nagaland,India,2025-07-27
CUST03580,Amaira Badami,Male,atibandi@example.net,5971296763,Amaravati,Manipur,India,2022-10-10
CUST03581,Rayaan Deo,Female,kalachristopher@example.net,0401826041,Korba,Gujarat,India,2025-03-29
CUST03582,Lekha Sathe,Male,samuelsuri@example.org,7599060285,Tumkur,Manipur,India,2022-12-22
CUST03583,Leena Srinivasan,Male,patrick99@example.com,0069685746,Saharsa,Assam,India,2025-12-02
CUST03584,Rayaan Madan,Male,nimratsaini@example.net,4422024715,Kalyan-Dombivli,Karnataka,India,2026-07-01
CUST03585,Gaurang Kar,Male,aryautkarsh@example.com,3773096435,Morbi,Madhya Pradesh,India,2022-02-26
CUST03586,Ekavir Yadav,Female,dpau@example.org,0755170350,Bokaro,Chhattisgarh,India,2023-10-14
CUST03587,Nakul Thakur,Male,oeshi31@example.net,4315442923,Bongaigaon,Haryana,India,2021-09-26
CUST03588,Zansi Manne,Male,darpankale@example.net,5893841421,Latur,Uttarakhand,India,2026-02-25
CUST03589,Zansi Sekhon,Male,ryankashyap@example.org,2347263148,Noida,Uttar Pradesh,India,2025-05-30
CUST03590,Mitesh Randhawa,Female,bhavikaprasad@example.org,4318862607,Solapur,Manipur,India,2024-04-18
CUST03591,Manbir Ganesan,Female,abdul74@example.org,9274990177,North Dumdum,Uttar Pradesh,India,2021-08-25
CUST03592,Widisha Subramaniam,Female,nikitathakur@example.com,4027166250,Gopalpur,Gujarat,India,2023-11-04
CUST03593,Ishaan Chand,Male,ishwar32@example.net,0355112656,Buxar,Meghalaya,India,2024-03-14
CUST03594,Triveni Parekh,Female,aarinishan@example.org,0963416008,Mirzapur,Arunachal Pradesh,India,2022-12-15
CUST03595,Janaki Bhardwaj,Female,choudhurysai@example.com,1530182732,Bhopal,Assam,India,2023-02-17
CUST03596,Joshua Chand,Male,nishagrover@example.net,8691289802,Raebareli,Kerala,India,2024-04-15
CUST03597,Gabriel Sharma,Female,upkaarkoshy@example.org,1128798658,Nizamabad,Uttarakhand,India,2022-05-06
CUST03598,Caleb Malhotra,Female,charita60@example.com,0101322440,Khandwa,Maharashtra,India,2024-06-07
CUST03599,Ekbal Pall,Female,jasmit07@example.net,0183697476,Pune,Jharkhand,India,2025-12-19
CUST03600,Samarth Nagarajan,Male,prabhufalan@example.org,6849055034,Haldia,Himachal Pradesh,India,2026-07-12
CUST03601,Om Deo,Male,chamelitank@example.net,2073259020,Sasaram,Maharashtra,India,2024-05-20
CUST03602,Gaurav Joshi,Female,ranbirlad@example.org,6980608809,Siliguri,Assam,India,2021-10-23
CUST03603,Dominic Bajwa,Male,jacksonkohli@example.com,2112530059,Fatehpur,Bihar,India,2024-03-07
CUST03604,Lajita Murty,Male,avnimangat@example.org,6460158871,Baranagar,Kerala,India,2022-03-26
CUST03605,Samesh Dutta,Female,uranganathan@example.com,9028826019,Rewa,Bihar,India,2026-04-18
CUST03606,Darika Cherian,Female,nchand@example.net,3436701659,Bongaigaon,Himachal Pradesh,India,2022-10-31
CUST03607,Ethan Loyal,Male,qmaharaj@example.com,9251012188,Kochi,Arunachal Pradesh,India,2022-05-14
CUST03608,Ronith Chhabra,Female,yashawini90@example.org,8470771185,Mahbubnagar,Mizoram,India,2024-11-16
CUST03609,Abhimanyu Anne,Female,xitimemon@example.net,2729422129,Jammu,Sikkim,India,2025-11-16
CUST03610,Manthan Khanna,Female,tbadami@example.org,7485754001,Jaunpur,Uttar Pradesh,India,2024-04-19
CUST03611,Veer D’Alia,Female,varenya09@example.net,0815929584,Chittoor,Jharkhand,India,2024-05-24
CUST03612,Lakshit Batra,Female,gaurav16@example.com,3946498865,Tirunelveli,Assam,India,2022-07-14
CUST03613,Indrajit Ganguly,Female,hegdedaniel@example.com,2433637227,Madanapalle,Punjab,India,2022-07-04
CUST03614,Yashawini Bahri,Female,ranbirbhandari@example.org,8547650288,Sonipat,Odisha,India,2024-08-15
CUST03615,Yatan Chadha,Male,quincyranganathan@example.org,8747840598,South Dumdum,Goa,India,2024-01-02
CUST03616,Urishilla Trivedi,Male,yanne@example.com,3810739969,Malda,Madhya Pradesh,India,2023-11-11
CUST03617,Triya Shroff,Male,daraekaja@example.net,2652975678,Rohtak,Chhattisgarh,India,2024-05-22
CUST03618,Charan Biswas,Male,emitter@example.com,7046749599,Dindigul,Telangana,India,2024-01-28
CUST03619,Zansi Gade,Female,tellamadhav@example.com,2336875327,Tezpur,Jharkhand,India,2024-02-20
CUST03620,Christopher Samra,Male,sahaindrajit@example.com,1495735984,Gangtok,Chhattisgarh,India,2022-12-22
CUST03621,Advaith Jaggi,Male,omisha34@example.org,9172216601,Jabalpur,Assam,India,2021-11-06
CUST03622,Parth Menon,Female,pahalnarayan@example.org,0808340496,Secunderabad,Meghalaya,India,2023-08-12
CUST03623,Arya Chokshi,Female,prabhakaraadhya@example.net,3516448272,Etawah,Himachal Pradesh,India,2022-12-04
CUST03624,Jalsa Soni,Female,gjohal@example.com,1280042314,Muzaffarnagar,Rajasthan,India,2023-10-13
CUST03625,Lucky Kalla,Male,devikaaggarwal@example.org,6241197709,Jehanabad,Assam,India,2021-09-22
CUST03626,Jasmit Grewal,Male,echana@example.com,9266139598,Panvel,Haryana,India,2025-11-14
CUST03627,Krishna Swamy,Male,loganswamy@example.org,5562128624,Karnal,Rajasthan,India,2024-06-15
CUST03628,Sudiksha Pradhan,Male,qarin50@example.org,3910869892,Dharmavaram,Gujarat,India,2023-01-23
CUST03629,Yashawini More,Male,kvig@example.com,6740446552,Solapur,Bihar,India,2024-09-20
CUST03630,Nakul Vaidya,Male,bdar@example.net,0142545677,Vijayanagaram,Maharashtra,India,2024-05-05
CUST03631,Rohan Aggarwal,Male,chaitalysura@example.com,0361365788,Morbi,Goa,India,2024-05-11
CUST03632,Nilima Ahluwalia,Male,zinalnatarajan@example.net,7858648289,Madhyamgram,Karnataka,India,2024-10-24
CUST03633,Urvi Dora,Male,advikshenoy@example.org,6300484380,Berhampore,Mizoram,India,2022-06-16
CUST03634,Ishanvi Doshi,Female,ishanvilanka@example.com,8169997166,Gulbarga,Rajasthan,India,2023-05-09
CUST03635,Ekantika Suri,Male,andrew38@example.com,7592345363,Saharsa,Mizoram,India,2026-03-07
CUST03636,Ekavir Shetty,Male,tchanda@example.com,0721447358,Berhampore,Goa,India,2023-12-27
CUST03637,Guneet Mishra,Male,anandzaid@example.org,2368916927,Arrah,Rajasthan,India,2021-10-04
CUST03638,Kamala Bhandari,Female,jacob44@example.com,7494359399,Gandhinagar,Nagaland,India,2026-03-06
CUST03639,Dalbir Bajaj,Female,boratristan@example.com,1440904366,Mehsana,Himachal Pradesh,India,2022-05-15
CUST03640,Yashodhara Parmer,Male,advaithmannan@example.org,6291033082,Khandwa,Odisha,India,2025-12-08
CUST03641,Aarnav Datta,Female,hchoudhry@example.com,4806316662,Malegaon,Tripura,India,2026-05-07
CUST03642,Edhitha Lata,Male,pratyushkar@example.com,7131218209,Ulhasnagar,Tamil Nadu,India,2026-03-22
CUST03643,Anika Chaudhari,Female,vaishnavi04@example.org,1936459742,Karimnagar,Karnataka,India,2021-10-21
CUST03644,Garima Palan,Female,patelyoshita@example.org,4190799396,Serampore,Maharashtra,India,2021-09-05
CUST03645,Varenya Rege,Male,zayyannarula@example.com,1212146337,Ranchi,West Bengal,India,2025-12-28
CUST03646,Zansi Gupta,Female,aayush43@example.com,9414108961,Naihati,Sikkim,India,2022-07-21
CUST03647,Suhani Prabhu,Male,banerjeepahal@example.com,8687931463,Chittoor,Tripura,India,2025-09-19
CUST03648,Netra Bassi,Female,rsharaf@example.net,0209663637,Nashik,Andhra Pradesh,India,2025-09-01
CUST03649,Yashica Joshi,Male,shivanshnarayan@example.net,3314611799,Kota,Assam,India,2026-02-26
CUST03650,Nidhi Dani,Male,upasna90@example.net,1539092926,Dindigul,Telangana,India,2022-01-26
CUST03651,Waida Kalita,Female,sanya86@example.org,4524138222,Kolhapur,Tripura,India,2025-02-25
CUST03652,Benjamin Ratta,Female,jsubramaniam@example.com,5241809789,Panchkula,Jharkhand,India,2023-04-26
CUST03653,Maanav Brahmbhatt,Female,chaitaly96@example.net,7996225833,Mathura,Punjab,India,2024-01-18
CUST03654,Dayamai Ramakrishnan,Male,bkumer@example.net,4436758518,Surat,Tripura,India,2025-08-19
CUST03655,Divya Nadkarni,Male,jasmitchaudhari@example.org,2700619465,Bijapur,West Bengal,India,2024-05-21
CUST03656,Nathan Sura,Male,upmamody@example.net,7469987726,Firozabad,Punjab,India,2024-08-04
CUST03657,Mohini Chander,Male,apradhan@example.net,7837132190,Nanded,Telangana,India,2026-06-01
CUST03658,Ekapad Dar,Male,nigamakshay@example.org,4311948338,Tadipatri,Kerala,India,2021-09-28
CUST03659,Wahab Trivedi,Female,dakshaluthra@example.org,4704287091,Guna,Assam,India,2022-02-21
CUST03660,Chandani Ramaswamy,Male,gautami72@example.org,7127568124,Adoni,Manipur,India,2025-08-08
CUST03661,Riya Chhabra,Female,narangchakradev@example.net,0733660016,Vijayawada,West Bengal,India,2023-05-13
CUST03662,Avi Aggarwal,Female,abhiram22@example.com,1462625527,Gopalpur,Haryana,India,2025-11-15
CUST03663,Lekha Devi,Male,faraj32@example.net,1229767364,Tenali,Madhya Pradesh,India,2023-08-01
CUST03664,Manan Choudhury,Male,godabalhaar@example.org,8573023464,Ichalkaranji,Tamil Nadu,India,2023-09-17
CUST03665,Vedika Thakur,Female,ladjeet@example.net,7912594602,Hajipur,Tripura,India,2024-06-23
CUST03666,Suhani More,Male,purohithemani@example.net,7972979844,Bhiwani,Assam,India,2026-05-28
CUST03667,Amara Parikh,Male,ktak@example.com,4837006156,Kochi,Goa,India,2025-07-26
CUST03668,Aarav Pandit,Male,thakuroliver@example.org,0018381500,Bally,Arunachal Pradesh,India,2026-04-25
CUST03669,Aarna Murty,Female,yashprashad@example.net,6270500537,Bally,Gujarat,India,2021-11-22
CUST03670,Tanay Sharaf,Female,balvan08@example.org,4772790933,Bhiwani,Madhya Pradesh,India,2026-06-06
CUST03671,Ishita Patla,Male,iupadhyay@example.com,1669610014,Secunderabad,Tamil Nadu,India,2022-02-21
CUST03672,Gopal D’Alia,Female,prabhakarvasatika@example.org,8847344384,Kavali,Kerala,India,2022-05-23
CUST03673,Anirudh Ratta,Female,lbahri@example.org,0489065819,Siwan,Manipur,India,2022-06-07
CUST03674,Lohit Chander,Female,kkurian@example.org,4473254374,Sri Ganganagar,Jharkhand,India,2026-06-12
CUST03675,Kashvi Thakkar,Male,mohinisrinivasan@example.net,7833554049,Alwar,Meghalaya,India,2024-04-27
CUST03676,Bhavna Bakshi,Female,mistrypatrick@example.org,8930241976,Ongole,Madhya Pradesh,India,2022-06-09
CUST03677,Janani Sharaf,Male,parth62@example.com,4012001624,Amritsar,Tamil Nadu,India,2023-08-22
CUST03678,Sara Dara,Male,harinakshi39@example.net,1642093502,Vijayawada,Tamil Nadu,India,2024-05-23
CUST03679,Darsh Gola,Female,shauryamallick@example.net,6385222118,Davanagere,Bihar,India,2026-04-17
CUST03680,Mohini Deo,Male,nicholas90@example.org,4773338995,Alwar,Assam,India,2021-11-29
CUST03681,Wazir Bhavsar,Male,chaudhuriradhika@example.org,3682060610,Rajahmundry,West Bengal,India,2023-03-03
CUST03682,Kritika Sawhney,Female,osankar@example.com,8666367068,Bhatpara,Andhra Pradesh,India,2025-11-27
CUST03683,Vrishti Luthra,Female,prabhuekiya@example.net,4542867586,Gulbarga,Telangana,India,2022-10-20
CUST03684,Niharika Lad,Male,teerth80@example.org,0802028855,Dibrugarh,Haryana,India,2024-08-19
CUST03685,Zilmil Gola,Female,devanshnagarajan@example.net,8079282816,Lucknow,Odisha,India,2022-07-04
CUST03686,Pavani Nair,Female,vrindaseshadri@example.com,1410441641,Purnia,Mizoram,India,2026-04-04
CUST03687,Noah Agate,Male,munielijah@example.com,6333782187,Bangalore,Uttar Pradesh,India,2023-11-03
CUST03688,Gaurangi Issac,Male,dev51@example.com,2570011964,South Dumdum,Punjab,India,2024-07-17
CUST03689,Jack Madan,Male,kuruvillavidhi@example.com,2072513512,Mumbai,Rajasthan,India,2024-06-07
CUST03690,Harrison Tata,Male,nachiketchadha@example.com,8940518308,Shivpuri,Gujarat,India,2023-01-09
CUST03691,Atharv Borde,Female,batranimrat@example.net,4483309806,North Dumdum,Goa,India,2025-03-05
CUST03692,Falan Jayaraman,Male,anya12@example.org,9837009599,Chandigarh,Uttar Pradesh,India,2026-01-27
CUST03693,Vedika Nagi,Female,chaitanyakeer@example.com,6282338722,Durgapur,Tamil Nadu,India,2022-05-30
CUST03694,Dayamai Bawa,Female,vyanjanadevi@example.org,5823889608,Thrissur,Karnataka,India,2022-01-29
CUST03695,Neel Sem,Male,vasanadugal@example.com,1199426104,Uluberia,Bihar,India,2023-02-22
CUST03696,Deepa Chatterjee,Female,hredhaanpingle@example.com,7186654394,Anantapuram,Goa,India,2023-05-04
CUST03697,Dhriti Mann,Female,brinda58@example.net,3673691584,Karaikudi,Arunachal Pradesh,India,2024-07-09
CUST03698,Ira Solanki,Female,eesha98@example.com,1272061852,Cuttack,Assam,India,2025-02-07
CUST03699,Aachal Goel,Male,udyati76@example.net,9894337747,Hapur,Goa,India,2025-01-11
CUST03700,Sanya Suresh,Female,smemon@example.org,2283888703,Pondicherry,Andhra Pradesh,India,2025-12-08
CUST03701,Pranit Ganguly,Female,nicholas85@example.org,6914343328,Vasai-Virar,Assam,India,2023-05-26
CUST03702,Bhavini Bir,Female,yashasvi68@example.org,2964388660,Bahraich,Kerala,India,2024-07-12
CUST03703,Hemal Rai,Female,jasmit28@example.com,8044378670,Barasat,Mizoram,India,2025-09-15
CUST03704,Yoshita Khalsa,Male,sunderodika@example.com,5385058863,Miryalaguda,Manipur,India,2021-08-24
CUST03705,Sathvik Sehgal,Male,damyantibala@example.org,4877529913,Agra,Tamil Nadu,India,2026-05-10
CUST03706,Samesh Karpe,Male,cmore@example.org,5891584436,Jalandhar,Uttarakhand,India,2022-05-18
CUST03707,Azad Chowdhury,Female,oviya26@example.org,2487875756,Salem,Assam,India,2023-03-13
CUST03708,Aradhana Vala,Female,issaclohit@example.org,1140479706,Dibrugarh,Meghalaya,India,2025-08-18
CUST03709,Deepa Pathak,Male,mkonda@example.net,9561932866,Bhusawal,Punjab,India,2022-04-14
CUST03710,Tamanna Chahal,Male,bainsgagan@example.com,4221956142,Sambalpur,Madhya Pradesh,India,2024-02-08
CUST03711,Wakeeta Lalla,Male,hritikcheema@example.com,5548022835,Bijapur,Assam,India,2023-09-29
CUST03712,Jagdish Chadha,Male,urvashiparmer@example.com,2869015392,Kamarhati,Andhra Pradesh,India,2026-07-15
CUST03713,Sanya Bakshi,Female,baljiwan24@example.net,5184331645,Anantapuram,Punjab,India,2025-04-22
CUST03714,Geetika Krishnamurthy,Female,ethan79@example.net,2205578757,Nashik,Andhra Pradesh,India,2026-01-31
CUST03715,Vritti Vyas,Male,oray@example.net,0867626584,Morbi,Madhya Pradesh,India,2024-08-07
CUST03716,Abeer Manda,Female,abdul84@example.net,1322917829,Bidhannagar,Maharashtra,India,2024-05-12
CUST03717,Nimrat Handa,Female,natarajanleena@example.org,6596964720,Madurai,Chhattisgarh,India,2024-08-22
CUST03718,Samuel Bhatnagar,Male,gavinchadha@example.net,6480465597,Tinsukia,Maharashtra,India,2023-07-21
CUST03719,Varenya Sani,Female,vwalla@example.com,6529796526,Dehradun,Mizoram,India,2025-03-04
CUST03720,Anmol Suri,Female,bawaonkar@example.com,6553461115,Ghaziabad,West Bengal,India,2022-07-14
CUST03721,Frado Manne,Male,odika98@example.org,5184431570,Panvel,Maharashtra,India,2025-07-24
CUST03722,Gaurang Sundaram,Female,borahnihal@example.com,0274193035,Nandyal,Himachal Pradesh,India,2021-08-16
CUST03723,Leena Toor,Female,omaja10@example.com,3939708845,Raichur,Sikkim,India,2021-12-20
CUST03724,Pratyush Ratti,Female,dlalla@example.com,0238000929,Bharatpur,Bihar,India,2025-04-18
CUST03725,Udarsh Loke,Male,borahagastya@example.org,0444617671,Alwar,Meghalaya,India,2022-02-26
CUST03726,Shravya Chawla,Female,adityaseth@example.com,1778257149,Tinsukia,Meghalaya,India,2025-05-15
CUST03727,Jalsa Iyengar,Male,senmaanas@example.org,6602020991,Jammu,Tripura,India,2025-08-28
CUST03728,Ira Sem,Male,balaaarush@example.com,7763060266,Pune,Haryana,India,2025-10-01
CUST03729,Zinal Apte,Female,sachikara@example.org,1215411709,Anand,Mizoram,India,2022-11-24
CUST03730,Varsha Ahuja,Female,samuel46@example.org,7338699546,Warangal,Uttarakhand,India,2022-01-28
CUST03731,Yasti Merchant,Male,contractorsaumya@example.org,6045570242,Noida,Maharashtra,India,2025-10-21
CUST03732,Daksha Modi,Male,amrita91@example.org,0660543041,Bellary,Karnataka,India,2025-01-29
CUST03733,Bachittar Atwal,Female,mmadan@example.com,7209087851,Bulandshahr,Jharkhand,India,2021-09-08
CUST03734,Rachana Thaker,Male,harrison88@example.net,3117689586,Deoghar,Himachal Pradesh,India,2023-12-01
CUST03735,Upkaar Karan,Female,dharmugdha@example.org,7250036768,Rajkot,Uttar Pradesh,India,2024-10-02
CUST03736,Gaurika Bajaj,Female,regeaadhya@example.com,0398556306,Hospet,Andhra Pradesh,India,2023-09-04
CUST03737,Chaitanya Grover,Male,gollaaarush@example.com,2535175502,Haldia,Kerala,India,2024-06-05
CUST03738,Benjamin Ramachandran,Female,ishanilal@example.org,0208862392,Unnao,Gujarat,India,2023-07-06
CUST03739,Zashil Raghavan,Male,pooja02@example.org,9839349061,Coimbatore,Maharashtra,India,2021-10-18
CUST03740,Sudiksha Barad,Female,lchana@example.net,6405450799,Kozhikode,Mizoram,India,2021-08-02
CUST03741,Rajata Prashad,Female,forumsahota@example.net,5011255544,Jehanabad,Haryana,India,2024-07-19
CUST03742,Jagrati Bava,Male,rgoswami@example.com,7576899638,Bathinda,Sikkim,India,2023-06-06
CUST03743,Girik Arya,Female,jsawhney@example.com,2269774834,Chittoor,Telangana,India,2022-12-03
CUST03744,Yachana Kumer,Male,wlanka@example.org,0073435275,Malda,Andhra Pradesh,India,2021-10-15
CUST03745,Kavya Mander,Female,riya84@example.org,7559632858,Hapur,Nagaland,India,2026-05-12
CUST03746,Jonathan Mani,Male,nakulrajan@example.org,9710134672,Agartala,Maharashtra,India,2024-01-16
CUST03747,Vamakshi Mander,Female,bkar@example.net,0757679252,Munger,Madhya Pradesh,India,2025-12-28
CUST03748,Harini Chandra,Male,zinalbaral@example.org,5837527698,Kishanganj,Bihar,India,2021-11-28
CUST03749,Mohini Sarkar,Female,udalia@example.net,4860578748,Medininagar,Mizoram,India,2025-12-05
CUST03750,Jhalak Bala,Female,lankasuhani@example.net,5013354144,Surat,Uttarakhand,India,2021-09-16
CUST03751,Rehaan Taneja,Female,hchandran@example.com,4755121407,Bharatpur,Sikkim,India,2024-02-06
CUST03752,Teerth Thaman,Male,yoshita52@example.org,6599838119,Bihar Sharif,Madhya Pradesh,India,2022-10-20
CUST03753,Girik Sodhi,Female,fpalla@example.net,2348568814,Hosur,Goa,India,2024-11-18
CUST03754,Tara Khanna,Female,hrastogi@example.org,2754062445,Bokaro,Sikkim,India,2022-09-25
CUST03755,Bhavani Tara,Female,ommadhav@example.org,8764463782,Erode,Arunachal Pradesh,India,2025-11-17
CUST03756,Vrishti Menon,Female,aayushkaran@example.org,7943183047,Eluru,Punjab,India,2023-11-23
CUST03757,Chandresh Dash,Male,ekanichhabra@example.net,7563683180,Eluru,Manipur,India,2023-11-02
CUST03758,Wishi Pai,Male,bsekhon@example.org,2899209127,Panihati,Assam,India,2023-05-13
CUST03759,Chanchal Mishra,Male,aarini58@example.net,4888575284,Tiruppur,Goa,India,2023-01-15
CUST03760,Wahab Kari,Male,urvashi92@example.com,3560512321,Mau,Andhra Pradesh,India,2025-06-09
CUST03761,Turvi Bhatnagar,Female,qprashad@example.net,4976085390,Howrah,Karnataka,India,2021-10-28
CUST03762,Manan Chada,Male,manbir92@example.org,5537174193,Surat,Madhya Pradesh,India,2023-04-01
CUST03763,Jackson Bahl,Male,trau@example.org,8517203793,Jhansi,Rajasthan,India,2022-02-04
CUST03764,Nakul Rattan,Male,chakradev79@example.net,8691029593,Jaipur,Rajasthan,India,2023-01-19
CUST03765,Ijaya Chaudhary,Female,sethiaarav@example.com,4529375230,Katni,Odisha,India,2022-02-13
CUST03766,Chandani Sandhu,Female,arjunluthra@example.net,8435668586,Chandigarh,Arunachal Pradesh,India,2021-11-17
CUST03767,Qadim Kapadia,Male,nchoudhary@example.org,7037453853,Phagwara,Assam,India,2023-07-16
CUST03768,Yashoda Bora,Male,yashica31@example.net,4671361375,Pondicherry,Andhra Pradesh,India,2025-02-22
CUST03769,Nathan Mangal,Female,lajitabhatti@example.com,6232541592,Katni,Punjab,India,2021-12-12
CUST03770,Adya Sundaram,Female,zguha@example.org,9746061372,Vellore,Kerala,India,2024-12-25
CUST03771,Jeevika Choudhury,Male,mmittal@example.net,5654807853,Kakinada,Punjab,India,2022-08-25
CUST03772,Ganga Swamy,Male,fapte@example.com,7222814160,Mirzapur,Nagaland,India,2023-07-08
CUST03773,Nandini Parsa,Female,umang30@example.org,6803581649,Ulhasnagar,Uttar Pradesh,India,2023-08-06
CUST03774,Mohammed Soni,Female,jasondayal@example.com,8914446022,Machilipatnam,Uttarakhand,India,2025-07-12
CUST03775,Vasana Varma,Female,jagdishbhattacharyya@example.net,2122846078,Thanjavur,Gujarat,India,2025-09-21
CUST03776,William Rastogi,Male,janiijaya@example.net,6574319546,Amritsar,Kerala,India,2025-01-03
CUST03777,Farhan Konda,Male,eravel@example.org,8373239667,Cuttack,Odisha,India,2023-10-17
CUST03778,Jai Hora,Male,inagarajan@example.net,9421600369,Bihar Sharif,Karnataka,India,2023-03-24
CUST03779,Lekha Bala,Male,onveer54@example.net,1110077421,Durgapur,Telangana,India,2024-03-12
CUST03780,Hemangini Gupta,Male,yohannangaurangi@example.net,2866584721,Tumkur,Uttar Pradesh,India,2025-07-12
CUST03781,Banjeet Kaur,Male,vtara@example.com,1806639739,Tenali,Chhattisgarh,India,2022-10-16
CUST03782,Ekansh Bassi,Male,chahalvrinda@example.org,2190977119,Bhavnagar,Assam,India,2024-02-11
CUST03783,Thomas Maharaj,Female,ydutt@example.org,9059637129,Kirari Suleman Nagar,Manipur,India,2023-07-15
CUST03784,Girik Kohli,Male,watika14@example.net,5445576152,Purnia,Andhra Pradesh,India,2023-07-02
CUST03785,Jeremiah Chand,Male,woommen@example.org,0252448649,Chandrapur,Uttar Pradesh,India,2026-02-09
CUST03786,Rachita Balasubramanian,Female,araja@example.org,5318072924,Ludhiana,Telangana,India,2024-11-20
CUST03787,Daksha Das,Male,suraganga@example.com,1553843184,Kalyan-Dombivli,Arunachal Pradesh,India,2026-02-02
CUST03788,Bhavna Hans,Female,ckaran@example.org,5723484481,Bhiwandi,Karnataka,India,2022-06-01
CUST03789,Varenya Khalsa,Male,nbadal@example.net,9738262792,Firozabad,Chhattisgarh,India,2026-01-21
CUST03790,Ojas Rai,Male,ekalingamandal@example.net,0868241455,Kozhikode,Uttar Pradesh,India,2023-03-21
CUST03791,Arya Gade,Male,ekansh67@example.net,2176837862,Mau,Tamil Nadu,India,2025-12-16
CUST03792,Abdul Nayar,Female,nvenkatesh@example.com,4596183972,Anantapuram,Haryana,India,2025-09-24
CUST03793,Vasatika Chauhan,Female,atharvdevi@example.com,6989578790,Machilipatnam,Nagaland,India,2023-04-23
CUST03794,Ekalinga Saini,Female,rbhasin@example.com,7543807518,Ludhiana,Odisha,India,2022-11-30
CUST03795,Hredhaan Dhar,Male,george15@example.com,1286374779,Ujjain,Meghalaya,India,2026-04-09
CUST03796,Laban Kota,Female,isharaf@example.net,5973976774,Bilaspur,Goa,India,2022-02-11
CUST03797,Balhaar Toor,Male,vihaan27@example.net,9863057772,New Delhi,Arunachal Pradesh,India,2025-12-31
CUST03798,Zaitra Sachar,Female,harshilhora@example.net,0478918546,Tezpur,Assam,India,2026-06-11
CUST03799,Bhavya Narang,Female,balianvi@example.org,4024630698,Durgapur,Sikkim,India,2025-03-24
CUST03800,Balendra Singhal,Male,cnori@example.com,6343718574,Ambattur,Gujarat,India,2024-05-19
CUST03801,Nimrat Mitra,Male,baradeshana@example.net,7509608358,Panihati,Tripura,India,2023-01-30
CUST03802,Jagat Sahota,Female,gbhagat@example.com,5771608751,Sultan Pur Majra,Sikkim,India,2023-06-04
CUST03803,Urvi Rastogi,Male,naveenacharya@example.com,0299069997,Loni,Haryana,India,2026-02-18
CUST03804,Jyoti Sachdeva,Male,buchaadhya@example.org,0961597196,Ongole,Odisha,India,2025-12-26
CUST03805,Chandresh Nanda,Female,bhavini80@example.com,0217076888,Sonipat,Telangana,India,2026-01-04
CUST03806,Mitesh Chakraborty,Female,nehachad@example.net,6265983391,Satara,Telangana,India,2025-07-17
CUST03807,Mason Shenoy,Female,zilmil64@example.net,7337358775,Kulti,Uttarakhand,India,2026-02-12
CUST03808,Omisha Chauhan,Female,pratyushguha@example.com,6546718026,Khandwa,Kerala,India,2023-06-27
CUST03809,Dalbir Ravi,Female,sai40@example.com,9693428418,Delhi,Himachal Pradesh,India,2022-06-08
CUST03810,Meghana Joshi,Male,issacunni@example.net,5581315462,Faridabad,Gujarat,India,2025-03-11
CUST03811,Fitan Mandal,Male,btank@example.org,6639315870,Bhubaneswar,Odisha,India,2025-01-29
CUST03812,Leena Radhakrishnan,Male,anikasarin@example.com,3502941971,Saharsa,Uttarakhand,India,2021-08-08
CUST03813,Gunbir Chhabra,Female,tanveer24@example.org,1578356054,Ambala,West Bengal,India,2022-04-10
CUST03814,Gautam Samra,Male,qchakraborty@example.net,0878543197,Patiala,Assam,India,2025-08-30
CUST03815,Lohit Salvi,Male,balveer59@example.org,9013692703,Ujjain,Punjab,India,2026-07-13
CUST03816,Lajita Sridhar,Male,ishitachand@example.net,5482135779,Tiruppur,Bihar,India,2025-02-04
CUST03817,Vincent Vasa,Male,sethmitesh@example.com,7250841247,Agartala,Himachal Pradesh,India,2021-09-07
CUST03818,Brijesh Dora,Female,hemangini64@example.org,0808088355,Guna,Nagaland,India,2023-01-28
CUST03819,Yashasvi Dar,Male,kotaekbal@example.com,6836035866,Kurnool,Jharkhand,India,2022-05-17
CUST03820,Samuel Lal,Female,jyoti20@example.net,4777928446,Bidhannagar,Jharkhand,India,2025-05-22
CUST03821,Sudiksha Rana,Male,oakwilliam@example.org,6002333897,Nellore,Haryana,India,2022-05-24
CUST03822,Chanchal Koshy,Female,andrewrege@example.com,6521717065,Srinagar,Odisha,India,2024-12-21
CUST03823,Devansh Puri,Male,rayaanmahajan@example.org,1205335196,Vijayawada,Arunachal Pradesh,India,2022-01-16
CUST03824,Krishna Om,Male,aarush13@example.org,3310306678,Mumbai,Goa,India,2025-02-14
CUST03825,Krishna Kuruvilla,Male,jaggisanya@example.org,7942682646,Kozhikode,Haryana,India,2024-03-08
CUST03826,Vivaan Kaul,Female,amolbandi@example.com,5782423305,Karimnagar,Maharashtra,India,2026-01-14
CUST03827,Jasmit Swaminathan,Male,parikhharshil@example.com,7095777228,Dehri,Chhattisgarh,India,2021-12-29
CUST03828,Bhavika Dhaliwal,Female,oeshi48@example.com,7133826034,Kishanganj,Himachal Pradesh,India,2023-07-01
CUST03829,Neha Kar,Male,viraj99@example.com,3458502858,Sambalpur,Telangana,India,2025-03-09
CUST03830,Ethan Upadhyay,Male,karanojas@example.net,3398244181,Madanapalle,Arunachal Pradesh,India,2022-07-06
CUST03831,Upadhriti Bahri,Female,saidey@example.com,6416904374,Shahjahanpur,Uttarakhand,India,2021-12-02
CUST03832,Libni Rajagopal,Male,zjhaveri@example.net,4100445572,Davanagere,Jharkhand,India,2024-08-23
CUST03833,Samar Thakur,Male,yravel@example.net,4252665725,Kanpur,Assam,India,2022-05-11
CUST03834,Tejas Narang,Male,basuvasatika@example.net,3260455040,Arrah,Haryana,India,2025-10-15
CUST03835,Nirja Yogi,Male,duaaditya@example.com,9610342993,Jammu,Arunachal Pradesh,India,2025-05-28
CUST03836,Netra More,Female,bsaran@example.com,5791370733,Nizamabad,Gujarat,India,2025-01-19
CUST03837,Sathvik Tandon,Female,pushti52@example.com,5226580957,Junagadh,Andhra Pradesh,India,2022-03-06
CUST03838,Ronith Thakkar,Male,neelima65@example.net,0149913985,Hyderabad,Gujarat,India,2021-09-02
CUST03839,Vanya Baral,Female,shereshivani@example.org,4868137506,Ambarnath,Karnataka,India,2022-06-23
CUST03840,Chavvi Devi,Male,gunbirshankar@example.com,6576973632,Maheshtala,Uttar Pradesh,India,2024-09-25
CUST03841,Jalsa Sur,Male,xmann@example.org,9493285961,Amroha,West Bengal,India,2024-04-20
CUST03842,Idika Kadakia,Female,vivaan87@example.net,7518186250,Ranchi,Jharkhand,India,2025-12-13
CUST03843,Abhimanyu Dubey,Male,champak76@example.com,7062453115,Pallavaram,Arunachal Pradesh,India,2023-09-02
CUST03844,Rudra Rege,Female,laban98@example.com,3650263190,Narasaraopet,Tripura,India,2023-07-06
CUST03845,Mahika Wagle,Female,babuzilmil@example.org,7675864387,Bangalore,Rajasthan,India,2022-08-27
CUST03846,Faraj Pandey,Male,khuranaadvika@example.com,4129588398,Siliguri,Jharkhand,India,2026-02-09
CUST03847,Ekapad Kade,Male,charles41@example.com,2889394813,Coimbatore,Rajasthan,India,2022-07-29
CUST03848,Qabil Shere,Female,tprabhakar@example.com,1519395081,Ongole,Chhattisgarh,India,2022-12-03
CUST03849,Vanya Anne,Female,dgokhale@example.com,6329862288,Nagpur,Uttar Pradesh,India,2025-10-21
CUST03850,Gunbir Gera,Female,opalla@example.com,6984765809,Ratlam,Himachal Pradesh,India,2023-11-01
CUST03851,Rayaan Desai,Male,prashadvyanjana@example.com,7828691271,Thiruvananthapuram,Odisha,India,2026-01-28
CUST03852,Yadavi Singh,Female,owen33@example.com,1186404659,Panihati,Uttar Pradesh,India,2022-05-11
CUST03853,Ganga Sinha,Female,nachiket54@example.org,1582201106,Tirupati,Uttarakhand,India,2023-03-13
CUST03854,Gaurang Oommen,Female,ikballanka@example.com,0065322250,Bhatpara,Uttar Pradesh,India,2025-01-07
CUST03855,Kavya Dara,Male,sachidara@example.net,0541977333,Ambala,Meghalaya,India,2023-06-21
CUST03856,Nimrat Malhotra,Female,adwetabhatt@example.com,7278541400,Udupi,Maharashtra,India,2022-07-24
CUST03857,Chandani Dara,Male,lipika47@example.net,4517142692,Bhatpara,Gujarat,India,2024-11-12
CUST03858,Inaya Palla,Male,opathak@example.net,9774723279,Anand,Odisha,India,2022-03-15
CUST03859,Tanveer Agarwal,Female,eagrawal@example.com,9780627753,Akola,Chhattisgarh,India,2024-08-21
CUST03860,Odika Kata,Female,takadvika@example.org,3537712589,Jalna,Himachal Pradesh,India,2026-04-30
CUST03861,Ubika Sagar,Female,agastyabains@example.com,2543319511,Ludhiana,Meghalaya,India,2024-12-24
CUST03862,Zashil Din,Female,opalla@example.org,7233324607,Hindupur,Meghalaya,India,2021-11-16
CUST03863,Chandresh Pai,Male,jagat63@example.net,7213039444,Gorakhpur,Bihar,India,2022-08-21
CUST03864,Logan Bhandari,Male,rajeshrimanne@example.net,4337726088,Kollam,Arunachal Pradesh,India,2025-05-31
CUST03865,Bahadurjit Das,Female,chowdhurywarinder@example.net,6511052387,Bathinda,Meghalaya,India,2024-04-01
CUST03866,Eshana Vasa,Female,ebansal@example.org,1135661583,Gwalior,Telangana,India,2022-07-18
CUST03867,Bhavna Sani,Male,wadhwatristan@example.net,3627549179,Khora ,Nagaland,India,2022-02-03
CUST03868,Noah Baria,Female,prisha74@example.org,1000837595,Rampur,Odisha,India,2023-07-27
CUST03869,Ekalinga Kapadia,Male,viraj19@example.org,6710978808,Thanjavur,Tamil Nadu,India,2022-09-22
CUST03870,Qushi Singh,Male,fsunder@example.com,6771824589,Amritsar,Punjab,India,2023-08-11
CUST03871,Jonathan Jani,Male,ushetty@example.org,1689342128,Ambattur,Haryana,India,2026-07-15
CUST03872,Daksh Balasubramanian,Male,anjalidara@example.net,2447610026,Gorakhpur,Chhattisgarh,India,2023-02-16
CUST03873,William Mander,Male,manthanmagar@example.org,7852161082,Jalandhar,Sikkim,India,2025-09-14
CUST03874,Manbir Rau,Male,irout@example.com,0315592841,Chapra,Uttarakhand,India,2022-06-23
CUST03875,Ranveer Kale,Male,aarnabir@example.org,6867282700,Jorhat,Meghalaya,India,2024-05-21
CUST03876,Upasna Dutta,Male,yochana67@example.com,1976728229,Howrah,Arunachal Pradesh,India,2023-04-30
CUST03877,Kabir Bhargava,Female,cacharya@example.net,4737013928,Hosur,Andhra Pradesh,India,2024-01-14
CUST03878,Janya Raj,Female,dhaliwalrachit@example.com,2471184957,Maheshtala,Nagaland,India,2024-08-11
CUST03879,Zayyan Goswami,Male,harita48@example.com,0259950838,Chennai,West Bengal,India,2024-07-09
CUST03880,Advik Devi,Female,shenoyabha@example.org,2327836260,Loni,Rajasthan,India,2023-09-14
CUST03881,Gautami Nori,Male,ekapadramachandran@example.org,2814508452,Kochi,Haryana,India,2025-09-29
CUST03882,Lopa Lanka,Male,hbrar@example.org,9893065092,Kottayam,Telangana,India,2026-06-22
CUST03883,Naksh Talwar,Male,nisha06@example.net,4566426093,Panipat,Kerala,India,2022-03-29
CUST03884,Kamala Ganesh,Female,sabharwalpanini@example.net,4624236233,Jabalpur,Karnataka,India,2022-01-23
CUST03885,Chakradhar Kaur,Male,finn96@example.org,5043853670,Siliguri,Tamil Nadu,India,2022-11-01
CUST03886,Sneha Sampath,Male,sai94@example.net,6559380103,Bettiah,Manipur,India,2025-05-31
CUST03887,Brijesh Nadkarni,Male,psethi@example.com,2376214575,Miryalaguda,Telangana,India,2021-08-26
CUST03888,Diya Sharma,Male,palavi@example.net,1065284528,Kalyan-Dombivli,Himachal Pradesh,India,2025-04-25
CUST03889,Harish Thaman,Male,tchatterjee@example.com,9818111468,Adoni,Rajasthan,India,2022-12-03
CUST03890,Irya Mitter,Female,pallaisha@example.net,5192242638,Ramgarh,Arunachal Pradesh,India,2022-02-02
CUST03891,Sudiksha Comar,Male,qabil70@example.net,7061947536,Burhanpur,Uttar Pradesh,India,2024-02-13
CUST03892,Lohit Prabhakar,Male,uppalmahika@example.org,9073264564,Malda,Rajasthan,India,2024-12-10
CUST03893,Pranav Narasimhan,Female,advikaparikh@example.com,1760989489,Rewa,Sikkim,India,2023-06-05
CUST03894,Girindra Rao,Female,upasna10@example.org,9518546550,Bareilly,Rajasthan,India,2024-05-06
CUST03895,Isaac Buch,Female,mammenomya@example.org,2590407882,Tadipatri,Uttarakhand,India,2023-03-22
CUST03896,Thomas Kar,Male,upma77@example.org,4565275800,Gandhidham,Odisha,India,2025-09-29
CUST03897,Pahal Minhas,Male,farhansahni@example.com,1465218451,Vellore,Tripura,India,2023-11-09
CUST03898,Max Bath,Male,jainijaya@example.com,1475293187,Vasai-Virar,Nagaland,India,2023-01-20
CUST03899,Arin Randhawa,Male,aayush19@example.com,9828931133,Khandwa,Arunachal Pradesh,India,2026-01-14
CUST03900,Yashasvi Kakar,Male,munshiradha@example.org,4467452429,North Dumdum,Tripura,India,2025-07-29
CUST03901,Abha Shere,Male,maya12@example.org,3963889293,Bhalswa Jahangir Pur,Chhattisgarh,India,2022-12-25
CUST03902,Radha Goyal,Female,gargbenjamin@example.org,2576332143,Katni,Punjab,India,2025-01-31
CUST03903,Lopa Upadhyay,Female,lekha62@example.com,1531984930,Saharanpur,Andhra Pradesh,India,2025-05-07
CUST03904,Aadhya Randhawa,Male,bordeikshita@example.org,1576004382,Ratlam,Punjab,India,2023-12-11
CUST03905,Yauvani Deo,Male,fariqghose@example.com,3502904523,Kozhikode,Chhattisgarh,India,2024-09-17
CUST03906,Udyati Chaudhary,Female,fsarma@example.org,5655475979,Surendranagar Dudhrej,Maharashtra,India,2026-06-27
CUST03907,Dhriti Sant,Female,saraamble@example.org,6244334478,Khandwa,West Bengal,India,2023-10-09
CUST03908,Krish Kibe,Male,yohannanmekhala@example.org,6424170408,Kurnool,Assam,India,2023-03-22
CUST03909,Inaya Lala,Female,lucky11@example.com,0506761294,Lucknow,Kerala,India,2025-06-24
CUST03910,Jason Swamy,Female,wsinghal@example.com,7981534155,Begusarai,Punjab,India,2026-01-14
CUST03911,Arunima Bahri,Male,kurianurvashi@example.com,7528838855,Varanasi,Kerala,India,2024-03-28
CUST03912,Waida Rastogi,Male,gagan11@example.net,8639624563,Medininagar,Haryana,India,2021-10-28
CUST03913,Lekha Jaggi,Female,saumya53@example.org,8809701820,Nangloi Jat,Meghalaya,India,2024-09-01
CUST03914,Dhriti Goda,Male,vidhi34@example.org,3017877625,Durg,Jharkhand,India,2021-09-22
CUST03915,Pallavi Puri,Female,lakshit12@example.net,8792910788,Machilipatnam,Tripura,India,2021-09-28
CUST03916,Fariq Bera,Female,oni86@example.net,1955655444,Warangal,Mizoram,India,2024-02-10
CUST03917,Ekaraj Nadig,Female,lajitachadha@example.org,9233468765,Unnao,Tamil Nadu,India,2021-09-28
CUST03918,Ria Chowdhury,Female,yashawini74@example.net,8857734731,Haldia,Himachal Pradesh,India,2022-04-16
CUST03919,Rohan Sandal,Male,buchmohammed@example.com,8807125207,Aurangabad,Assam,India,2023-02-03
CUST03920,Krisha Sidhu,Male,alkaroy@example.net,8994766186,Gurgaon,Uttarakhand,India,2024-07-07
CUST03921,Thomas Guha,Female,jsrivastava@example.com,1753981070,Avadi,Kerala,India,2023-10-16
CUST03922,Udarsh Barad,Female,aayushmody@example.com,2833110282,Gopalpur,Arunachal Pradesh,India,2022-07-25
CUST03923,Radhika Roy,Female,ucchal19@example.org,5425401440,Patna,Rajasthan,India,2022-12-28
CUST03924,Aditya Choudhry,Male,jeremiah59@example.net,7093546718,Jaunpur,Tamil Nadu,India,2023-09-26
CUST03925,Rudra Shroff,Female,yohannanadvay@example.net,6636687473,Bidhannagar,Himachal Pradesh,India,2026-02-27
CUST03926,Ubika Shetty,Female,frederick97@example.net,1169384931,Kurnool,Odisha,India,2023-02-08
CUST03927,Hemal Bava,Female,fcherian@example.com,2322793995,Alwar,Chhattisgarh,India,2023-03-22
CUST03928,Vaishnavi Kunda,Female,daranya@example.net,1316769100,Ramgarh,Haryana,India,2023-02-14
CUST03929,Chatresh Comar,Female,tiwariaayush@example.com,2713981865,Ambala,Kerala,India,2023-05-15
CUST03930,Ekiya Sagar,Female,jagdish31@example.org,9257857661,Sangli-Miraj & Kupwad,Himachal Pradesh,India,2023-07-06
CUST03931,Jagdish Char,Female,xbawa@example.com,7532981146,Khandwa,Nagaland,India,2022-03-18
CUST03932,Girik Menon,Female,vchatterjee@example.net,6835644408,Shivpuri,Tripura,India,2024-02-10
CUST03933,Ishani Chander,Male,bhargavaanamika@example.net,9925386293,Ramgarh,Punjab,India,2025-10-19
CUST03934,Upkaar Keer,Male,chaitanyadara@example.com,8977058231,Bhusawal,Tamil Nadu,India,2025-04-25
CUST03935,Nitara Shanker,Female,kapoorsathvik@example.net,8793218329,Motihari,West Bengal,India,2024-05-09
CUST03936,Vaishnavi Patel,Female,anjali20@example.com,4437690042,Hospet,Tripura,India,2026-05-05
CUST03937,Hritik Kapur,Male,sanayahora@example.org,0493363050,Rourkela,West Bengal,India,2022-01-10
CUST03938,Frado Ram,Female,shethrayaan@example.net,8154471080,Amravati,Karnataka,India,2023-11-28
CUST03939,Hemangini Nagarajan,Male,vedika82@example.com,4577785450,Phusro,Arunachal Pradesh,India,2024-03-11
CUST03940,Warhi Nanda,Male,wkala@example.net,0156349224,Arrah,Rajasthan,India,2025-09-24
CUST03941,Praneel Rai,Female,bhattlila@example.org,9475481274,Purnia,Mizoram,India,2026-04-24
CUST03942,Lavanya Chatterjee,Male,varmanidhi@example.org,8411859780,Sasaram,Assam,India,2022-12-19
CUST03943,Bhavini Goyal,Female,vedant52@example.net,2042166275,Silchar,Kerala,India,2023-12-12
CUST03944,Eiravati Cherian,Female,meghabhasin@example.net,7085390480,Aurangabad,West Bengal,India,2022-01-31
CUST03945,Owen Sarma,Female,karadamini@example.com,1621425619,Ramagundam,Punjab,India,2022-09-26
CUST03946,Gagan Keer,Male,masteraayush@example.org,7206259227,Amravati,Odisha,India,2025-04-13
CUST03947,Bachittar Dubey,Female,jaijani@example.net,9102368603,Jehanabad,Mizoram,India,2024-07-10
CUST03948,Dhriti Kamdar,Female,yashvipandey@example.net,5409309761,Ramagundam,Madhya Pradesh,India,2025-10-18
CUST03949,Chakradhar Tripathi,Female,dsathe@example.com,6108207008,Arrah,Tripura,India,2022-03-31
CUST03950,Samesh Gaba,Female,chaudharypahal@example.com,9817409055,Amravati,Goa,India,2025-11-02
CUST03951,Pavani Edwin,Female,sawhneyharini@example.com,9085163347,Narasaraopet,West Bengal,India,2025-10-16
CUST03952,Yagnesh Ahuja,Male,jainshivansh@example.com,5119975949,Aurangabad,Uttar Pradesh,India,2025-04-01
CUST03953,Zarna Sarkar,Female,divankrishna@example.com,4040589268,Thanjavur,Himachal Pradesh,India,2024-05-21
CUST03954,Karan Chawla,Female,kashyapyagnesh@example.org,8075154248,Thrissur,Uttar Pradesh,India,2026-05-03
CUST03955,Nakul Chatterjee,Male,malhotraojas@example.com,8501178189,Thanjavur,Andhra Pradesh,India,2022-08-30
CUST03956,Urvashi Shroff,Male,duttmadhavi@example.com,5470995808,Nizamabad,Karnataka,India,2023-04-24
CUST03957,Onveer Deshpande,Male,drana@example.net,6997990205,Bally,Uttar Pradesh,India,2022-11-16
CUST03958,Champak Patla,Female,nhora@example.net,2072905586,Thoothukudi,Bihar,India,2023-03-30
CUST03959,Sneha Barad,Male,rbasak@example.org,9916723677,Dehri,Uttar Pradesh,India,2022-02-25
CUST03960,Omya Sharaf,Female,fchacko@example.org,4487085706,Tumkur,Haryana,India,2021-10-23
CUST03961,Irya Srinivasan,Male,advika21@example.com,6219323769,Rajahmundry,Jharkhand,India,2025-07-21
CUST03962,Mohini Om,Male,idikabuch@example.net,3925531779,Korba,Jharkhand,India,2023-04-18
CUST03963,Yauvani Rao,Female,urattan@example.org,7976507337,Purnia,Arunachal Pradesh,India,2025-10-01
CUST03964,Logan Khatri,Male,mahika41@example.org,1216789189,Dhanbad,West Bengal,India,2022-06-09
CUST03965,Vritti Pandey,Female,naikcharan@example.net,4166735822,Hapur,Chhattisgarh,India,2025-03-10
CUST03966,Dhriti Patla,Male,kakarvanya@example.org,9479902192,Agra,Rajasthan,India,2025-01-16
CUST03967,Lila Anand,Female,sramesh@example.net,4104869825,Nashik,Madhya Pradesh,India,2023-10-30
CUST03968,Urmi Shukla,Male,robert89@example.net,9446682966,Latur,Meghalaya,India,2023-11-19
CUST03969,Ojasvi Thakkar,Female,ishwar60@example.net,8379534962,Gandhidham,Manipur,India,2024-08-03
CUST03970,Banjeet Bala,Male,zdara@example.com,9296199535,Suryapet,Chhattisgarh,India,2022-08-30
CUST03971,Charita Sundaram,Male,khalsaatharv@example.org,7607017455,Patiala,Manipur,India,2026-01-28
CUST03972,Pooja Gera,Male,pooja39@example.org,2220090991,Avadi,Bihar,India,2023-03-10
CUST03973,Niharika Ratti,Female,seshadriojas@example.com,9446681394,Bhind,Assam,India,2023-08-24
CUST03974,Udant Dora,Female,wazirmanda@example.org,4726916345,Kanpur,Goa,India,2022-12-25
CUST03975,Varsha Chandra,Female,tchana@example.com,6500906130,Bokaro,Uttar Pradesh,India,2022-10-13
CUST03976,Upma Atwal,Male,gaurang06@example.net,6459797126,Ajmer,Manipur,India,2025-11-21
CUST03977,Aachal Kale,Female,wishidutt@example.com,7993771234,Bahraich,Rajasthan,India,2024-06-29
CUST03978,Faris Jaggi,Female,kararaagini@example.net,9974383828,Pali,Jharkhand,India,2022-01-02
CUST03979,Darpan Morar,Female,manneyahvi@example.com,6732957996,Rohtak,Sikkim,India,2022-10-07
CUST03980,Ganga Mishra,Female,eshanabasak@example.com,7394171929,Bokaro,Himachal Pradesh,India,2021-09-09
CUST03981,Chaitanya Mand,Female,shroffrayaan@example.com,7789422827,Bikaner,Meghalaya,India,2023-01-13
CUST03982,Anjali Rajagopalan,Female,doctorria@example.org,6621700122,Sri Ganganagar,Mizoram,India,2022-12-23
CUST03983,Adya Sathe,Female,ewadhwa@example.net,7538283141,Uluberia,Manipur,India,2025-02-01
CUST03984,Amaira Rama,Male,rudra98@example.org,7622347020,Siwan,Tripura,India,2026-01-11
CUST03985,Wridesh Sridhar,Male,pbahl@example.com,9352402606,Faridabad,Gujarat,India,2026-01-18
CUST03986,Alka Hayre,Male,hdhaliwal@example.org,5265315855,Phusro,Gujarat,India,2022-03-27
CUST03987,Nisha Handa,Male,guptanitara@example.net,7148977502,Aizawl,Goa,India,2024-10-03
CUST03988,Ekanta Thakkar,Female,champakgoyal@example.net,7342612506,Ambala,Maharashtra,India,2025-09-28
CUST03989,Darika Tiwari,Female,jacobatwal@example.org,8065301556,Ludhiana,Karnataka,India,2025-02-18
CUST03990,Darsh Dhar,Male,hsharma@example.org,5860979458,Rampur,Uttar Pradesh,India,2026-04-04
CUST03991,Warda Chandran,Male,divyamajumdar@example.net,1141384485,Giridih,Uttar Pradesh,India,2022-01-26
CUST03992,Neelima Dasgupta,Male,kaursachi@example.com,8595981532,Guna,Manipur,India,2022-07-21
CUST03993,Anirudh Venkatesh,Female,dadaabeer@example.org,0212895412,Noida,Assam,India,2026-02-28
CUST03994,Leela Pau,Female,vaidyaanmol@example.net,2677798872,Thane,Manipur,India,2023-02-12
CUST03995,Aishani Mahajan,Female,ynagy@example.org,8456924721,Akola,Goa,India,2024-09-16
CUST03996,Bakhshi Kala,Male,lsaxena@example.com,0783420157,Bokaro,Manipur,India,2023-06-18
CUST03997,Kashvi Chaudhry,Male,gardedominic@example.net,6560781458,Chinsurah,Rajasthan,India,2023-01-14
CUST03998,Eshana Lata,Female,christopher86@example.net,4338604561,Tezpur,Andhra Pradesh,India,2022-01-06
CUST03999,Jai Chowdhury,Male,jack06@example.net,8386861324,Ozhukarai,Mizoram,India,2024-05-24
CUST04000,Vansha Dass,Female,balhaarnanda@example.net,0050167585,Ambattur,Tamil Nadu,India,2024-10-19
CUST04001,Janaki Loke,Male,manbir98@example.net,9928896906,Jhansi,Madhya Pradesh,India,2024-07-31
CUST04002,Arjun Badal,Female,bosemohammed@example.com,1102499897,Bhiwandi,Mizoram,India,2022-01-01
CUST04003,Diya Roy,Female,sswamy@example.com,8795798541,Thrissur,Bihar,India,2024-02-24
CUST04004,Gaurav Mutti,Female,gkothari@example.com,1548536390,Bijapur,Telangana,India,2021-12-08
CUST04005,Harini Chakrabarti,Female,hiraloak@example.net,8242504813,Sikar,Mizoram,India,2025-12-05
CUST04006,Triya Vyas,Female,sameshmody@example.net,1409312205,Raebareli,Goa,India,2023-02-05
CUST04007,Ayushman Khatri,Male,ansh27@example.org,0519276948,Patna,Sikkim,India,2022-10-26
CUST04008,Gautami Kapadia,Male,xshukla@example.net,0956951815,Tiruchirappalli,Tamil Nadu,India,2025-04-02
CUST04009,Rayaan Keer,Male,imaharaj@example.com,9417084760,Dhule,Chhattisgarh,India,2021-12-24
CUST04010,Janya Mani,Male,omanda@example.net,1172025053,Shivpuri,Bihar,India,2024-10-19
CUST04011,Rachit Gade,Female,wishi55@example.org,5388492967,Darbhanga,Andhra Pradesh,India,2023-05-14
CUST04012,Zinal Raman,Male,lila42@example.com,6506900551,Hajipur,Maharashtra,India,2026-04-15
CUST04013,Ranveer Loyal,Male,tristanboase@example.org,8760800449,Guntur,Gujarat,India,2023-12-22
CUST04014,Daniel Ravi,Female,basusneha@example.net,7571006217,Gangtok,Manipur,India,2025-06-04
CUST04015,Triveni Dada,Female,nicholaschaudhuri@example.net,4078079830,Unnao,Himachal Pradesh,India,2026-03-13
CUST04016,Girish Sachdeva,Female,chandnandini@example.net,4255761916,Jehanabad,Goa,India,2024-02-18
CUST04017,Krishna Sharaf,Female,kraja@example.com,4864634744,Ajmer,Sikkim,India,2024-03-12
CUST04018,Liam Krishnan,Male,wasonfiyaz@example.com,2972922526,Rewa,Sikkim,India,2026-06-03
CUST04019,Kritika Singhal,Male,nsibal@example.org,7784750713,Surendranagar Dudhrej,Telangana,India,2022-09-22
CUST04020,Pavani Nazareth,Male,irya90@example.org,6095605297,Katni,Manipur,India,2022-05-01
CUST04021,Chandresh Batta,Female,ahluwalianitara@example.com,6868075978,Imphal,Mizoram,India,2024-11-06
CUST04022,Zaid Madan,Male,vasana24@example.net,0009376974,Tiruvottiyur,Uttar Pradesh,India,2025-07-15
CUST04023,Jhalak Batta,Female,sulebaljiwan@example.com,8417021005,Morbi,Sikkim,India,2024-10-21
CUST04024,Alexander Jayaraman,Female,upadhriti00@example.com,4911502774,Nagpur,Odisha,India,2021-11-30
CUST04025,Shivani Nadkarni,Male,panini30@example.org,6895856783,Tirunelveli,Bihar,India,2024-07-29
CUST04026,Nilima Mannan,Female,freddy@example.com,3116945220,Bharatpur,Arunachal Pradesh,India,2024-04-19
CUST04027,Thomas Sarin,Male,saumya20@example.org,3324405017,Kolhapur,Telangana,India,2023-12-10
CUST04028,Utkarsh Rajagopalan,Female,chatresh59@example.org,8471904474,Jalandhar,Gujarat,India,2025-12-05
CUST04029,Omya Saini,Male,eatwal@example.org,5291234379,Suryapet,Telangana,India,2023-04-02
CUST04030,Charita Dani,Male,vigikbal@example.com,4717274832,Katni,Tamil Nadu,India,2026-01-13
CUST04031,Daniel Kashyap,Female,jatin06@example.org,2068587643,Mysore,Karnataka,India,2023-02-20
CUST04032,Hitesh Peri,Male,kmaharaj@example.org,7135381852,Narasaraopet,Chhattisgarh,India,2023-06-09
CUST04033,Inaya Prabhu,Male,sharafparth@example.com,5827224187,Amritsar,Punjab,India,2025-05-25
CUST04034,Wridesh Sarraf,Female,neel72@example.org,5724954367,Tirunelveli,Mizoram,India,2023-09-13
CUST04035,Vihaan Varty,Male,yashawini33@example.com,9166249624,Lucknow,Manipur,India,2022-01-28
CUST04036,Maanav Dave,Female,xsrinivasan@example.org,9296517851,Begusarai,Rajasthan,India,2021-12-05
CUST04037,Aayush Sani,Female,mmittal@example.com,3938626867,Gopalpur,Meghalaya,India,2022-09-17
CUST04038,Ekbal Seshadri,Male,asood@example.net,8410578120,Unnao,Punjab,India,2024-09-12
CUST04039,Darpan Barman,Male,avibarad@example.org,4911961561,Bhiwani,Manipur,India,2026-02-27
CUST04040,Indrajit Dubey,Male,mnaik@example.com,1392224371,Gwalior,Himachal Pradesh,India,2024-11-07
CUST04041,Azad Kapadia,Male,sharafluke@example.com,4438319493,Tiruvottiyur,Manipur,India,2026-06-18
CUST04042,Keya Raja,Male,jairaj10@example.org,7964657190,Chandrapur,Chhattisgarh,India,2023-11-28
CUST04043,Megha Kale,Male,pandeynisha@example.net,0783370343,Danapur,Kerala,India,2022-09-18
CUST04044,Ira Ravi,Female,varenyasubramanian@example.net,2902201138,Bathinda,Karnataka,India,2022-12-08
CUST04045,Harish Garde,Female,dugarbhavya@example.net,8120508692,Bhusawal,Meghalaya,India,2022-05-16
CUST04046,Hemal Prabhu,Male,ananddayita@example.com,1225202502,Siliguri,Haryana,India,2022-08-10
CUST04047,Pahal Nigam,Male,parmarlakshit@example.net,2626678298,Tinsukia,Himachal Pradesh,India,2025-10-02
CUST04048,Harish Tella,Female,udutta@example.com,8169708644,Fatehpur,Punjab,India,2025-02-13
CUST04049,Shivansh Iyer,Female,vaidyalipika@example.org,8494747031,Ambattur,Goa,India,2022-06-11
CUST04050,Krishna Dubey,Female,kgarg@example.com,3041378282,Sikar,Maharashtra,India,2025-10-20
CUST04051,Nirja Agate,Male,duttachameli@example.net,0249285222,Raipur,Rajasthan,India,2023-12-01
CUST04052,Barkha Dhingra,Male,dmutti@example.org,6663552556,Erode,Odisha,India,2025-06-27
CUST04053,Zayan Shere,Male,nagikai@example.com,6338493652,Pondicherry,Odisha,India,2023-06-29
CUST04054,Faras Mand,Female,kavya54@example.org,1815619039,Mango,Mizoram,India,2024-05-26
CUST04055,Ati Devan,Female,tbhatt@example.org,4369191444,Noida,Karnataka,India,2023-04-13
CUST04056,Waida Raval,Female,oommenrohan@example.org,4640428938,Jodhpur,Odisha,India,2023-05-09
CUST04057,Ekaja Jain,Male,janand@example.com,8378652801,Danapur,Bihar,India,2021-10-25
CUST04058,Yatan Mody,Female,xrajan@example.net,3160179270,Naihati,Uttar Pradesh,India,2022-06-23
CUST04059,David Srinivas,Female,esagar@example.org,8845319051,Motihari,Bihar,India,2024-01-07
CUST04060,Anjali Gola,Female,ogola@example.net,5199411077,Kozhikode,Karnataka,India,2023-10-01
CUST04061,Arjun Jayaraman,Male,xkashyap@example.net,4124632934,Bareilly,Maharashtra,India,2025-12-24
CUST04062,Frederick Sha,Male,hsuresh@example.net,9568217086,Rohtak,Mizoram,India,2025-03-24
CUST04063,Nimrat Choudhary,Female,agrawalanjali@example.com,9282048973,Bhalswa Jahangir Pur,Rajasthan,India,2025-12-03
CUST04064,Yashvi Lad,Female,rkhare@example.com,9378713925,Chennai,Andhra Pradesh,India,2026-02-07
CUST04065,Vedika Agrawal,Male,yhans@example.com,1991269098,Dhanbad,Maharashtra,India,2024-06-24
CUST04066,Chakrika Hari,Female,sehgalayush@example.net,2858997480,Sirsa,West Bengal,India,2025-03-23
CUST04067,Vyanjana Halder,Male,ethan33@example.org,6026553712,Pudukkottai,Bihar,India,2024-12-26
CUST04068,Dominic Krishna,Female,atitoor@example.com,8838313284,Vijayawada,Punjab,India,2021-08-14
CUST04069,Priya Sood,Male,manthankeer@example.net,6414455800,Varanasi,Meghalaya,India,2025-05-26
CUST04070,Matthew Dhingra,Female,reyanshhanda@example.net,4239298643,Naihati,Sikkim,India,2024-08-07
CUST04071,Madhavi Thaker,Female,kataaradhana@example.com,5014560895,Bulandshahr,Uttarakhand,India,2023-06-16
CUST04072,Gautam Dash,Female,tjain@example.com,3462260034,Ongole,Arunachal Pradesh,India,2023-11-02
CUST04073,Krishna Kohli,Male,jsankaran@example.net,0644085157,Bhilwara,Arunachal Pradesh,India,2025-09-04
CUST04074,Max Ravel,Male,ekbalapte@example.org,3398432697,Patiala,Odisha,India,2021-12-21
CUST04075,Xiti Dhawan,Female,chaitanya06@example.com,2303223040,Berhampur,Telangana,India,2025-06-12
CUST04076,Radha Badami,Male,bhavini08@example.com,8506679623,Srinagar,Mizoram,India,2022-04-20
CUST04077,Darpan Viswanathan,Female,bhallaira@example.com,5645813080,Davanagere,Kerala,India,2024-01-11
CUST04078,Lipika Bakshi,Male,dayitasankar@example.org,4535839822,Bathinda,Kerala,India,2024-01-14
CUST04079,Kevin Mahal,Female,darika99@example.org,9775780480,Hapur,Andhra Pradesh,India,2024-10-27
CUST04080,Lakshmi Malhotra,Male,deolzayan@example.org,6989642786,Parbhani,Kerala,India,2024-02-26
CUST04081,Ishani Dutt,Female,mbalasubramanian@example.org,4749249069,Latur,Telangana,India,2024-08-30
CUST04082,Manbir Atwal,Female,hbahri@example.com,2599368775,Parbhani,Haryana,India,2023-09-09
CUST04083,Nitesh Deshmukh,Female,achopra@example.org,6352367320,Sangli-Miraj & Kupwad,Kerala,India,2024-07-29
CUST04084,Christopher Mohan,Male,riakoshy@example.org,1387182452,Anantapur,Gujarat,India,2025-09-30
CUST04085,Jhalak Mital,Male,raghavagrawal@example.com,2836980248,Srikakulam,Assam,India,2024-03-17
CUST04086,Anita Srinivas,Female,hbahl@example.org,6610646045,Gudivada,Telangana,India,2022-10-09
CUST04087,Logan Hayre,Female,wsanghvi@example.org,4859353618,Akola,Mizoram,India,2022-09-07
CUST04088,Jagrati Mane,Male,sarrafvictor@example.net,4978580786,Orai,Sikkim,India,2024-03-28
CUST04089,Yug Prashad,Female,ansh21@example.net,1241497230,Shimoga,Himachal Pradesh,India,2023-06-23
CUST04090,Hemani Saini,Male,kjani@example.com,1425367332,Miryalaguda,Kerala,India,2023-05-16
CUST04091,Banjeet Rau,Male,shaurya92@example.net,7899687945,Jodhpur,Kerala,India,2025-10-28
CUST04092,Deepa Tripathi,Male,sahajonathan@example.com,3479024993,Chennai,Manipur,India,2024-01-10
CUST04093,Oviya Kapadia,Male,bawadayita@example.org,5753399437,Alwar,Nagaland,India,2023-03-31
CUST04094,Neelima Minhas,Female,tbhargava@example.org,5560586956,Hosur,Nagaland,India,2025-03-11
CUST04095,Gunbir Kamdar,Female,matthew82@example.net,5913600314,Kalyan-Dombivli,Sikkim,India,2024-10-05
CUST04096,Ati Sarraf,Female,bvirk@example.com,7508891760,Pudukkottai,West Bengal,India,2025-11-19
CUST04097,Sanaya Agrawal,Male,yvala@example.com,8031350434,Rohtak,Gujarat,India,2021-12-29
CUST04098,Warhi Gokhale,Female,tamannasoman@example.org,7029363952,Kishanganj,Telangana,India,2023-08-25
CUST04099,Qasim Sama,Female,godagabriel@example.org,7748617774,Durgapur,Odisha,India,2021-10-02
CUST04100,Abdul Sridhar,Male,devika83@example.com,8631837358,Moradabad,Karnataka,India,2023-01-13
CUST04101,Rajata Sachdeva,Male,nimrat42@example.org,2616687152,Nagaon,Sikkim,India,2023-05-23
CUST04102,Manya Raman,Female,okalita@example.net,9151649199,Faridabad,Manipur,India,2023-01-04
CUST04103,Timothy Sampath,Female,nairanmol@example.net,4663931237,Tadepalligudem,Gujarat,India,2024-12-02
CUST04104,Chanchal Narayanan,Female,tarakshankar@example.org,2357841109,Bathinda,Manipur,India,2025-04-14
CUST04105,Chandani Srivastava,Male,lborra@example.net,8855742078,Shahjahanpur,Nagaland,India,2022-05-16
CUST04106,Dhruv Nagy,Female,kalaradhika@example.com,1066997026,Ghaziabad,Madhya Pradesh,India,2023-03-08
CUST04107,Vedhika Baral,Female,abhalla@example.com,0481366620,Thrissur,Himachal Pradesh,India,2024-11-11
CUST04108,Tanmayi Parsa,Female,dtata@example.net,6847981271,Rewa,Meghalaya,India,2023-04-15
CUST04109,Reyansh Gera,Male,kotachakrika@example.com,8112166964,Thoothukudi,Tamil Nadu,India,2025-09-04
CUST04110,Yashvi Sekhon,Female,uacharya@example.org,2106342419,Lucknow,Telangana,India,2025-04-19
CUST04111,Yasti Comar,Female,yatinwarrior@example.org,3368797122,Medininagar,Nagaland,India,2023-11-05
CUST04112,Laban Kumar,Female,ygaba@example.org,6455230791,Ahmedabad,Maharashtra,India,2024-02-24
CUST04113,Shivansh Dalal,Female,yohannanjacob@example.net,5527773083,Bhind,Karnataka,India,2022-02-01
CUST04114,Laban Dalal,Female,jainedhitha@example.com,2984573400,Chittoor,West Bengal,India,2026-05-31
CUST04115,Mitali Dass,Male,jairaj45@example.com,7937226776,Motihari,West Bengal,India,2022-04-28
CUST04116,Matthew Dar,Male,rajeshribatta@example.net,1923005221,Sambalpur,Rajasthan,India,2023-03-26
CUST04117,Ati Bhakta,Male,cvig@example.com,1680359622,Pune,Uttarakhand,India,2025-11-28
CUST04118,Vasatika Dhaliwal,Male,chadyoshita@example.com,2155112693,Thoothukudi,Karnataka,India,2025-10-17
CUST04119,Ekaraj Dubey,Male,wswaminathan@example.net,9797176022,Akola,Madhya Pradesh,India,2024-07-26
CUST04120,Avi Date,Female,rboase@example.org,1696928218,Uluberia,Chhattisgarh,India,2026-05-08
CUST04121,Hritik Tank,Male,lalanandini@example.org,7442991595,Avadi,Arunachal Pradesh,India,2024-07-10
CUST04122,Yatan Walia,Female,krishnanlohit@example.net,6079834863,Dhule,Nagaland,India,2024-07-30
CUST04123,Mohammed Cheema,Female,lnagar@example.net,8740755841,Ongole,Uttar Pradesh,India,2023-10-12
CUST04124,Liam Sharma,Male,rachanabakshi@example.net,8980239362,Berhampore,Nagaland,India,2025-02-24
CUST04125,Lohit Batra,Male,rbora@example.net,1942660916,Shimla,Himachal Pradesh,India,2025-01-04
CUST04126,Jeremiah Sibal,Male,lipikasrivastava@example.com,6407057029,Tirupati,Gujarat,India,2024-11-30
CUST04127,Yahvi Samra,Male,zgarg@example.com,0777364611,Ranchi,Tamil Nadu,India,2022-05-09
CUST04128,Gabriel Khare,Female,pgoswami@example.org,4710403470,Gwalior,Arunachal Pradesh,India,2025-09-26
CUST04129,Qushi Date,Female,balveervora@example.net,0869733690,Jamshedpur,Mizoram,India,2021-11-12
CUST04130,Utkarsh Anne,Male,patilekantika@example.net,6872291939,Raichur,Telangana,India,2023-05-13
CUST04131,Radha Chada,Female,prabhuyutika@example.net,9057935756,Khammam,Andhra Pradesh,India,2025-08-06
CUST04132,Parth Sabharwal,Female,prisha56@example.com,2808389293,Mehsana,Haryana,India,2025-03-12
CUST04133,Ekavir Ganesh,Male,imaran91@example.net,5967643236,Nanded,Rajasthan,India,2023-03-27
CUST04134,Megha Zacharia,Male,ramakalpit@example.org,6438123403,Motihari,Karnataka,India,2025-10-19
CUST04135,Ikbal Sunder,Male,nidhi22@example.org,0832807904,Indore,Uttar Pradesh,India,2021-11-07
CUST04136,Nisha Nadig,Male,emaharaj@example.org,8828524132,Rajahmundry,Tripura,India,2022-06-12
CUST04137,Yamini Rao,Male,skaur@example.org,2373335296,Korba,Bihar,India,2025-10-31
CUST04138,Jagat Brar,Male,mohinitandon@example.com,8548549549,Dehri,Himachal Pradesh,India,2023-04-10
CUST04139,Ikbal Bala,Female,mannanindali@example.net,9627889710,Sultan Pur Majra,Telangana,India,2026-05-01
CUST04140,Vihaan Kashyap,Female,dyalmadhavi@example.net,5244252602,Guwahati,Maharashtra,India,2022-11-04
CUST04141,Ranveer Bhardwaj,Male,bhavinijayaraman@example.com,6806618272,Fatehpur,West Bengal,India,2023-11-07
CUST04142,Agastya Rattan,Male,wmohan@example.org,8360018695,Sasaram,Tripura,India,2023-03-30
CUST04143,Abhimanyu Sachdev,Female,murtychanchal@example.org,5943733820,Bhagalpur,Maharashtra,India,2023-12-26
CUST04144,Yatin Tailor,Female,lakshmani@example.net,6435892375,Kakinada,Maharashtra,India,2024-12-04
CUST04145,Lopa Balasubramanian,Female,rehaan99@example.org,3888815334,Bhiwandi,Karnataka,India,2025-07-11
CUST04146,Ishanvi Borde,Male,anatarajan@example.com,5386154284,Thane,Tripura,India,2023-10-14
CUST04147,Dalaja Goyal,Male,yashvigoyal@example.net,4636418903,Kumbakonam,West Bengal,India,2023-04-28
CUST04148,Anay Ganesan,Female,vedantsoni@example.net,3315471305,Nanded,Bihar,India,2024-02-20
CUST04149,Warinder Chaudhari,Male,paudev@example.net,0539156254,Kanpur,Odisha,India,2021-11-15
CUST04150,Rudra Vasa,Male,sarafteerth@example.com,3282406589,Phusro,Meghalaya,India,2022-07-15
CUST04151,Gaurangi Pathak,Female,fiyazmaster@example.com,6747838461,Bhilai,Andhra Pradesh,India,2026-03-15
CUST04152,Yatin Kapadia,Male,ythaker@example.net,2349840061,Jaipur,Tripura,India,2023-10-19
CUST04153,Eesha Singh,Female,choudharyjackson@example.com,4993124649,Udaipur,Madhya Pradesh,India,2021-12-31
CUST04154,Isaac Datta,Female,maanaskuruvilla@example.org,9279740784,Bathinda,West Bengal,India,2026-06-30
CUST04155,Henry Madan,Male,panini29@example.net,5976221602,Serampore,Rajasthan,India,2025-02-04
CUST04156,Tanish Ganesh,Female,mandpooja@example.org,5847037320,Rajpur Sonarpur,Gujarat,India,2024-11-26
CUST04157,Devika Rattan,Male,zaitrabose@example.org,8189010705,Kozhikode,Himachal Pradesh,India,2025-08-08
CUST04158,Chaman Randhawa,Female,ahluwaliayutika@example.net,6451530802,Latur,Odisha,India,2023-12-31
CUST04159,Charles Srinivasan,Female,kiaan28@example.com,1780807818,Ujjain,Rajasthan,India,2026-01-21
CUST04160,Advay Ganesan,Male,upkaar39@example.net,5450482519,Ramagundam,Odisha,India,2025-05-06
CUST04161,Chaitaly Khatri,Female,mannechakradev@example.org,1959013343,Ghaziabad,Uttarakhand,India,2023-11-24
CUST04162,Sai Walia,Male,mohammed41@example.com,1384067097,Dhule,Madhya Pradesh,India,2025-11-02
CUST04163,Rayaan Munshi,Female,onveerdate@example.org,1801580399,Naihati,Assam,India,2022-12-23
CUST04164,Daksh Karnik,Female,bhatbrijesh@example.net,7794592628,Dibrugarh,West Bengal,India,2024-08-24
CUST04165,Teerth Nagar,Female,ithaker@example.com,4678466074,Haldia,Mizoram,India,2021-09-18
CUST04166,Gunbir Bhardwaj,Male,swagle@example.net,1469003524,Raichur,Assam,India,2024-09-11
CUST04167,Suhani Sur,Female,chamanbera@example.net,6769991113,Mau,Odisha,India,2026-01-06
CUST04168,Xiti Iyer,Male,dlal@example.net,9464741917,Cuttack,Madhya Pradesh,India,2023-03-02
CUST04169,Sarthak Shenoy,Male,zehaandalal@example.org,6683638766,Nizamabad,Odisha,India,2025-06-19
CUST04170,Jagrati Gandhi,Male,dkumer@example.com,5964377777,Avadi,Mizoram,India,2025-11-20
CUST04171,Rohan Devan,Female,fitankade@example.com,6404050884,Patna,Manipur,India,2023-10-18
CUST04172,Chavvi Sarin,Female,ebobal@example.org,5632221774,Nadiad,Tamil Nadu,India,2026-06-16
CUST04173,Netra Agarwal,Male,bhardwajalexander@example.com,5998441440,Rajkot,Bihar,India,2025-07-27
CUST04174,Zarna Bala,Female,reyanshvarkey@example.net,9631472992,Sambalpur,Uttar Pradesh,India,2025-05-17
CUST04175,Zansi Saran,Female,cbhandari@example.net,8129498147,Kakinada,Tamil Nadu,India,2024-06-20
CUST04176,Nachiket Ravel,Male,ddugal@example.org,8085279384,Kamarhati,Kerala,India,2025-12-02
CUST04177,Vasana Basak,Male,pdar@example.net,9921697124,Sagar,Kerala,India,2023-11-28
CUST04178,Gabriel Shere,Male,rvasa@example.net,6367344207,Sambhal,Gujarat,India,2025-10-31
CUST04179,Hiral Nadkarni,Female,uwagle@example.net,7612984032,Bellary,Assam,India,2024-05-08
CUST04180,Chaaya Vora,Male,anvi34@example.com,4073401839,Morena,Nagaland,India,2021-11-01
CUST04181,Naveen Bahri,Male,amrita53@example.com,0506944100,Navi Mumbai,Bihar,India,2022-11-01
CUST04182,Kiaan Choudhry,Female,cpatel@example.org,1627641885,Jodhpur,Sikkim,India,2024-01-26
CUST04183,Varsha Palla,Female,ygrewal@example.org,7579862912,Kadapa,Himachal Pradesh,India,2023-06-03
CUST04184,Yashodhara Pandya,Female,christopherkorpal@example.org,1052212952,Tenali,Manipur,India,2023-11-28
CUST04185,Tripti Hans,Male,wseth@example.com,1535208873,Bharatpur,Himachal Pradesh,India,2023-01-22
CUST04186,Sneha Uppal,Female,vinaya87@example.com,2367462997,Sikar,Arunachal Pradesh,India,2022-09-07
CUST04187,Rachit Soni,Female,mugdhabal@example.net,3531294591,Raipur,Sikkim,India,2024-01-30
CUST04188,Wazir Chana,Male,doctornisha@example.net,1135856335,Ludhiana,Jharkhand,India,2021-08-28
CUST04189,Ekiya Gaba,Female,oshamahajan@example.net,8679985490,Muzaffarpur,Haryana,India,2022-10-12
CUST04190,Ira Hayre,Male,chowdhuryaditya@example.com,9237503058,Dhule,West Bengal,India,2026-07-02
CUST04191,Yauvani Gaba,Male,hvarty@example.org,9132911069,Bhatpara,Uttarakhand,India,2024-01-29
CUST04192,Falguni Singh,Female,darpannigam@example.org,3214707741,Bareilly,Bihar,India,2024-02-26
CUST04193,Wriddhish Narayanan,Male,gaurav75@example.com,1396797319,Sagar,Rajasthan,India,2024-05-23
CUST04194,Onveer Chauhan,Male,bosewarjas@example.org,0772793223,Satara,Assam,India,2021-12-03
CUST04195,Jatin Koshy,Female,balveerkala@example.org,3018277618,Jehanabad,Rajasthan,India,2025-03-23
CUST04196,Hredhaan Murty,Male,vasanakar@example.org,8192770000,Adoni,Telangana,India,2024-07-30
CUST04197,Manya Vala,Female,vasateerth@example.org,6804952556,Sultan Pur Majra,Meghalaya,India,2023-09-24
CUST04198,Aadi Trivedi,Male,pranit78@example.org,9619919798,Chapra,Arunachal Pradesh,India,2021-10-18
CUST04199,Xiti Saini,Female,urmi86@example.org,9151251828,Varanasi,Meghalaya,India,2021-09-30
CUST04200,Vivaan Raja,Female,yashawini07@example.org,1425631959,Bhiwani,Manipur,India,2023-07-31
CUST04201,Rushil Vyas,Male,bkadakia@example.com,3831439983,Agra,Chhattisgarh,India,2025-10-26
CUST04202,Gavin Ratta,Female,routyashawini@example.net,3010969771,Maheshtala,Uttarakhand,India,2022-10-12
CUST04203,Radha Parmer,Male,sudikshadada@example.org,9227511170,Machilipatnam,Rajasthan,India,2026-02-10
CUST04204,Yashoda Lad,Female,hritikwagle@example.org,6698973814,Hospet,Tamil Nadu,India,2025-08-24
CUST04205,Vidhi Agrawal,Male,solankijack@example.org,8127669463,Guntur,Chhattisgarh,India,2023-10-21
CUST04206,Jasmit Choudhury,Female,vyaswilliam@example.net,8992691855,Solapur,Sikkim,India,2025-09-01
CUST04207,Ekavir Parekh,Male,anitayadav@example.org,3233382140,Ludhiana,Kerala,India,2024-04-04
CUST04208,Chandran Bawa,Male,ekantabhalla@example.com,0738126295,Tadepalligudem,Chhattisgarh,India,2025-12-12
CUST04209,Benjamin Kari,Female,lekha77@example.net,5291219981,Bettiah,Tripura,India,2026-03-21
CUST04210,Amaira Kant,Female,hemasachdeva@example.org,1476569425,Bhopal,Chhattisgarh,India,2023-08-30
CUST04211,Isaiah Nadig,Female,odugar@example.net,0260416684,Deoghar,Madhya Pradesh,India,2025-12-04
CUST04212,Zansi Dugar,Male,hamsinidugal@example.net,7956940294,Solapur,Haryana,India,2024-03-04
CUST04213,Ethan Thakkar,Male,raoyasti@example.org,5630746212,Dhule,Jharkhand,India,2025-02-25
CUST04214,Omisha Barman,Male,parmaryachana@example.net,1148169620,Raipur,Meghalaya,India,2022-12-13
CUST04215,Henry Mandal,Female,fkamdar@example.com,6147698654,Durgapur,Uttarakhand,India,2024-10-31
CUST04216,Warjas Saha,Female,deoldaksh@example.com,8994319995,Kumbakonam,Arunachal Pradesh,India,2024-01-13
CUST04217,Shivani Bhasin,Female,vritti55@example.net,6105281070,Jamshedpur,Nagaland,India,2025-06-28
CUST04218,Zashil Thakur,Female,shuklanitara@example.org,3506969159,Bally,Arunachal Pradesh,India,2023-02-05
CUST04219,Charvi Bala,Male,goelurvi@example.com,6972373966,Akola,Tamil Nadu,India,2024-03-28
CUST04220,Chakradev Pal,Female,hamsini03@example.net,3401834785,Sri Ganganagar,Assam,India,2025-12-17
CUST04221,Jonathan Korpal,Female,dharchatresh@example.org,4515569355,Raebareli,Assam,India,2022-02-17
CUST04222,Kritika Sastry,Male,gollaamrita@example.net,3724007901,Navi Mumbai,West Bengal,India,2024-06-13
CUST04223,Abhimanyu Bhattacharyya,Female,janya91@example.org,2031931819,Arrah,Punjab,India,2023-09-12
CUST04224,Peter Singhal,Female,minhasedhitha@example.org,1122708519,Belgaum,Telangana,India,2024-03-15
CUST04225,Guneet Sangha,Male,balathomas@example.org,9022910878,Erode,Tripura,India,2026-01-07
CUST04226,Aarav Chand,Male,ubadami@example.com,9188985064,Delhi,Uttarakhand,India,2022-03-15
CUST04227,Pranav Khatri,Male,noriyashvi@example.net,8058215575,Alappuzha,Bihar,India,2023-07-11
CUST04228,Yashoda Padmanabhan,Female,naveen09@example.com,5680440696,Rampur,Gujarat,India,2025-08-15
CUST04229,Hardik Mishra,Female,anandkalpit@example.com,0188291034,Burhanpur,Maharashtra,India,2024-02-21
CUST04230,Ranveer Sridhar,Female,eiravatichokshi@example.org,5431448879,Nagaon,Chhattisgarh,India,2023-12-16
CUST04231,Onkar Roy,Female,sethutkarsh@example.net,4704595536,Phagwara,Punjab,India,2023-06-13
CUST04232,Nidra Mody,Female,megha73@example.net,5007862986,Sonipat,Manipur,India,2025-10-01
CUST04233,Bahadurjit Raghavan,Male,ibuch@example.org,1220265104,Thiruvananthapuram,Madhya Pradesh,India,2024-05-12
CUST04234,Yug Choudhry,Male,rmani@example.org,8611623571,Ludhiana,Uttarakhand,India,2023-05-29
CUST04235,Qadim Rastogi,Female,orindermutti@example.com,7486383435,Mysore,Madhya Pradesh,India,2021-11-18
CUST04236,Falan Mohanty,Female,tbajaj@example.net,5594400886,Etawah,Himachal Pradesh,India,2022-06-16
CUST04237,Anay Sem,Male,wkannan@example.org,7845588300,Ajmer,Punjab,India,2021-07-27
CUST04238,Yachana Ramachandran,Female,sathviksachdeva@example.org,3158638959,Gorakhpur,Arunachal Pradesh,India,2021-12-17
CUST04239,Theodore Dutt,Male,bpradhan@example.org,2404339030,Danapur,Maharashtra,India,2024-02-20
CUST04240,Ridhi Deol,Male,ksarkar@example.net,2155576920,Tirupati,Goa,India,2026-03-01
CUST04241,Yahvi Lanka,Male,jyoti85@example.net,1875238864,Arrah,Chhattisgarh,India,2022-08-22
CUST04242,Hemangini Muni,Male,ubikaraman@example.com,8480864001,Kumbakonam,Assam,India,2024-11-16
CUST04243,Banjeet Muni,Male,hiral33@example.com,5563766211,Singrauli,Arunachal Pradesh,India,2023-03-28
CUST04244,George Ramachandran,Male,sdara@example.org,5304257011,Medininagar,Goa,India,2024-07-16
CUST04245,Baghyawati Saini,Male,qraval@example.net,0880533059,Jehanabad,Karnataka,India,2022-06-30
CUST04246,Faris Das,Male,kashyapwilliam@example.org,0946652903,Moradabad,Bihar,India,2023-07-15
CUST04247,Lakshmi Loyal,Female,naveenwalla@example.net,9107985200,Kishanganj,Telangana,India,2024-06-05
CUST04248,Rachana Kuruvilla,Female,chandlekha@example.net,2305349093,Junagadh,Karnataka,India,2025-05-14
CUST04249,Amol Shroff,Female,pallanusha@example.net,6750351309,Gulbarga,Andhra Pradesh,India,2025-10-05
CUST04250,Wakeeta Dhar,Female,fbiswas@example.com,2742661926,Amroha,Manipur,India,2026-04-03
CUST04251,Raghav Sekhon,Female,karakamya@example.org,4974492798,Junagadh,Punjab,India,2023-04-21
CUST04252,Yashasvi Borah,Female,otella@example.com,7630177305,Siliguri,Tamil Nadu,India,2021-09-01
CUST04253,Viraj Suresh,Male,xchaudhari@example.com,2836666000,Hubli–Dharwad,Telangana,India,2021-10-30
CUST04254,Gauri Mistry,Female,sethvihaan@example.org,5029983503,Jamshedpur,Odisha,India,2026-02-28
CUST04255,Triya Minhas,Male,uoak@example.net,9456094983,Haldia,Tripura,India,2026-05-13
CUST04256,Saksham Parmer,Female,fmuni@example.com,7539517057,Bhavnagar,Haryana,India,2023-11-07
CUST04257,Triveni Dutta,Female,nandinichar@example.net,5468304737,Davanagere,Telangana,India,2024-03-04
CUST04258,Bhavani Ahluwalia,Male,dateanvi@example.net,0977634016,Gwalior,Mizoram,India,2021-09-14
CUST04259,Hardik Hayre,Female,nilimakrishnan@example.com,4893859871,Jehanabad,Madhya Pradesh,India,2023-04-05
CUST04260,Kalpit Bora,Male,rauraksha@example.net,7869371048,Munger,Rajasthan,India,2024-11-16
CUST04261,Oeshi Modi,Female,srinivasansiddharth@example.org,1604510112,Hindupur,Himachal Pradesh,India,2021-10-30
CUST04262,Mason Agrawal,Male,saikari@example.net,9386695039,Salem,Nagaland,India,2026-03-26
CUST04263,Timothy Srinivasan,Female,hamsinihari@example.com,2862929661,Ghaziabad,Manipur,India,2026-04-17
CUST04264,Gabriel Manne,Male,laban49@example.org,7104033894,Hosur,Tamil Nadu,India,2026-04-18
CUST04265,Faris Kaur,Female,yasti92@example.org,8145744937,Siwan,Tripura,India,2023-11-16
CUST04266,Dayamai Solanki,Female,sben@example.net,7790183215,Mau,Madhya Pradesh,India,2021-08-05
CUST04267,Kevin Char,Female,iraborde@example.com,1707669514,Avadi,Tamil Nadu,India,2024-06-28
CUST04268,Henry Jain,Male,qushi10@example.net,9804551093,Kurnool,Tamil Nadu,India,2024-04-18
CUST04269,Eta Ratta,Male,amairadhar@example.com,9602878340,Panihati,Telangana,India,2025-09-20
CUST04270,Watika Barman,Female,jhalakbhavsar@example.org,5125249169,New Delhi,Rajasthan,India,2023-12-29
CUST04271,Chandran Doshi,Female,lkakar@example.org,8571258371,Bardhaman,Tamil Nadu,India,2024-06-06
CUST04272,Anjali Sur,Female,mitaliahuja@example.org,4406687026,Bhusawal,Sikkim,India,2024-02-05
CUST04273,Zarna Sahni,Male,advayshenoy@example.net,3778469856,Davanagere,Gujarat,India,2026-06-12
CUST04274,Champak Kapadia,Male,fwason@example.net,2001855440,Bhusawal,Haryana,India,2023-11-22
CUST04275,Damini Ramakrishnan,Male,xgole@example.org,4718070227,Loni,Manipur,India,2023-03-11
CUST04276,Noah Subramaniam,Female,baralanusha@example.org,8738194469,Kamarhati,Telangana,India,2024-03-15
CUST04277,Omkaar Butala,Male,tlall@example.net,5261982732,Raipur,Karnataka,India,2026-05-24
CUST04278,Adya Devan,Female,ladli56@example.net,2451994031,Orai,Karnataka,India,2021-07-31
CUST04279,Gaurangi Chandra,Female,dviswanathan@example.org,7354151744,South Dumdum,Goa,India,2024-07-26
CUST04280,Amol Virk,Female,devihredhaan@example.net,5925591830,Thoothukudi,Telangana,India,2024-02-25
CUST04281,Garima Sankar,Male,tejasdate@example.net,2106136968,Muzaffarnagar,Chhattisgarh,India,2025-04-01
CUST04282,Vedhika Agate,Female,aagate@example.com,7678317025,Silchar,Gujarat,India,2023-01-05
CUST04283,Jack Zachariah,Male,dadaudarsh@example.net,4894475992,Gorakhpur,Chhattisgarh,India,2026-01-08
CUST04284,Arin Bhalla,Female,geetikalalla@example.com,3332749022,Gandhidham,Arunachal Pradesh,India,2025-05-20
CUST04285,Ishwar Kale,Female,kavya24@example.net,7026245090,Ambattur,Sikkim,India,2023-02-03
CUST04286,Nisha Rattan,Male,gangulyandrew@example.net,7182881702,Howrah,Bihar,India,2023-12-29
CUST04287,Rajeshri Mody,Female,hardik41@example.net,7999688867,Delhi,Telangana,India,2023-09-29
CUST04288,Daksh Kunda,Male,tmisra@example.net,7569567230,Ranchi,Sikkim,India,2025-08-06
CUST04289,Vidhi Hayer,Male,hsaran@example.com,3011632239,Guwahati,Odisha,India,2023-09-03
CUST04290,Aarini Raj,Male,kamdarbhavini@example.net,4217342426,Ichalkaranji,Rajasthan,India,2026-03-14
CUST04291,Jeet Dua,Male,sankarkabir@example.com,3969911775,Buxar,Goa,India,2026-01-23
CUST04292,Advika Prabhu,Female,vrattan@example.net,2615569443,Bhilwara,Kerala,India,2022-12-03
CUST04293,Odika Rajagopal,Female,uvora@example.com,5469970138,Vijayawada,Kerala,India,2023-08-04
CUST04294,Pahal Dara,Male,nagarajanaadi@example.net,8871094058,Latur,Rajasthan,India,2024-10-29
CUST04295,Manan Krishna,Female,falak59@example.net,8856623343,Guna,Assam,India,2024-02-20
CUST04296,Ranveer Sule,Female,csidhu@example.org,5473307817,Surat,Tamil Nadu,India,2022-08-01
CUST04297,Hredhaan Aggarwal,Female,ravipallavi@example.com,1507467739,Hyderabad,Tripura,India,2025-05-29
CUST04298,Adya Srivastava,Male,vedanatarajan@example.org,8243489819,Saharanpur,Arunachal Pradesh,India,2023-01-05
CUST04299,Oliver Banik,Male,issacsanya@example.com,1628098973,Mira-Bhayandar,Uttarakhand,India,2026-06-04
CUST04300,Ethan Balasubramanian,Male,qadimsaxena@example.com,7628831335,Tinsukia,Assam,India,2022-09-02
CUST04301,Rachit Dugar,Male,varghesejasmit@example.net,2018373784,Kanpur,Sikkim,India,2022-03-24
CUST04302,Aishani Dey,Male,ishitasem@example.net,4001782079,Bihar Sharif,West Bengal,India,2022-04-14
CUST04303,Zilmil Suri,Male,radhabarad@example.org,2122453503,Ozhukarai,West Bengal,India,2025-05-18
CUST04304,Januja Sane,Female,yagneshmammen@example.net,4063430380,Gaya,Meghalaya,India,2024-10-28
CUST04305,Abdul Gera,Female,haritanayak@example.net,5263237707,Bidar,Gujarat,India,2025-03-03
CUST04306,Chanchal Nadig,Female,xaviersharaf@example.net,7555435659,Hyderabad,Sikkim,India,2024-02-04
CUST04307,Viraj Bath,Male,jeevika18@example.org,3466919767,Tiruchirappalli,Karnataka,India,2023-10-24
CUST04308,Neel Gala,Female,vincentsen@example.net,2660187646,Madanapalle,Uttarakhand,India,2022-05-03
CUST04309,Jai Goel,Male,danielkaran@example.com,5623541542,Tirunelveli,Madhya Pradesh,India,2022-11-27
CUST04310,Unnati Kunda,Female,aayush76@example.com,9545455417,Medininagar,Assam,India,2026-01-05
CUST04311,Amaira Vohra,Female,daksha69@example.org,0182040968,Alwar,Telangana,India,2022-10-12
CUST04312,Zaid Ravel,Male,okibe@example.net,4835186660,Hyderabad,Madhya Pradesh,India,2023-05-17
CUST04313,Urvashi Panchal,Male,mannereyansh@example.org,0171770467,Silchar,Chhattisgarh,India,2022-06-03
CUST04314,Wridesh Goswami,Female,pranavpanchal@example.net,9192514912,Sultan Pur Majra,Kerala,India,2026-05-15
CUST04315,Upasna Loyal,Female,babugirik@example.org,4474057614,Ichalkaranji,Gujarat,India,2025-02-05
CUST04316,Siya Sunder,Female,sharafridhi@example.com,3034159284,Hapur,Kerala,India,2026-01-13
CUST04317,Jalsa Misra,Female,tarakdora@example.com,1855591590,Gopalpur,Uttar Pradesh,India,2024-10-05
CUST04318,Mugdha Mannan,Female,shettypeter@example.org,5878556893,Tirunelveli,Mizoram,India,2022-06-05
CUST04319,Upkaar Bhasin,Female,chaudryhemang@example.com,9950922682,Saharsa,Rajasthan,India,2022-07-25
CUST04320,Yauvani Sabharwal,Female,ddey@example.net,5841396832,Pudukkottai,Uttarakhand,India,2021-09-06
CUST04321,Vedant Basu,Male,vchoudhury@example.com,9750080290,Panvel,Uttar Pradesh,India,2026-05-08
CUST04322,Hemangini Banik,Male,gautam84@example.org,7007306386,Gandhidham,Bihar,India,2022-11-06
CUST04323,Peter Nayar,Male,omyabansal@example.com,6814909988,Surendranagar Dudhrej,Gujarat,India,2021-11-02
CUST04324,Qushi Hari,Female,barkha96@example.com,6738282301,Bhilwara,Andhra Pradesh,India,2023-10-26
CUST04325,Nidra Mishra,Female,oaknicholas@example.com,3227734798,Loni,Telangana,India,2025-06-10
CUST04326,Ijaya Edwin,Female,dhingrawazir@example.org,2963073673,Orai,Sikkim,India,2025-01-26
CUST04327,Hiral Kashyap,Female,somanjagrati@example.org,9922238958,Warangal,Andhra Pradesh,India,2026-07-11
CUST04328,Abhiram Swamy,Female,dsridhar@example.com,7897097788,Hajipur,Jharkhand,India,2024-04-08
CUST04329,Nisha Verma,Female,mdoctor@example.com,7620508762,Ranchi,Gujarat,India,2024-09-17
CUST04330,Chandani Sarraf,Male,warda49@example.net,0653576695,Shahjahanpur,Jharkhand,India,2026-04-28
CUST04331,Avni Venkatesh,Female,dsubramaniam@example.net,2716065219,Rajpur Sonarpur,Telangana,India,2022-03-26
CUST04332,Vedhika Lad,Male,atichaudhary@example.com,6030457912,Gwalior,Uttar Pradesh,India,2021-08-14
CUST04333,Aashi Uppal,Male,ishaniwali@example.org,0214724262,Gangtok,West Bengal,India,2025-09-30
CUST04334,Ishani Mann,Male,amaragade@example.net,5223203413,Hospet,Assam,India,2024-08-18
CUST04335,Bachittar Goel,Female,advik84@example.com,4324312163,Muzaffarnagar,Madhya Pradesh,India,2024-04-04
CUST04336,Warda Natt,Female,prabhunachiket@example.net,0619163791,Serampore,Goa,India,2023-10-03
CUST04337,Yamini Babu,Female,chopraxiti@example.com,3262997871,Bhiwandi,Bihar,India,2021-08-26
CUST04338,Widisha More,Male,dalaja01@example.net,6373556192,Gangtok,Gujarat,India,2022-11-24
CUST04339,Hritik Gala,Male,kalpitrattan@example.org,2512259884,Shivpuri,Tripura,India,2021-11-26
CUST04340,Priya Lala,Female,nagarajanjai@example.org,8262749822,Meerut,Telangana,India,2025-05-28
CUST04341,Tanish Kara,Female,eshanasoni@example.com,7909326909,Darbhanga,Punjab,India,2025-12-18
CUST04342,Hritik Pandey,Male,opradhan@example.com,7345925551,Jodhpur,Arunachal Pradesh,India,2024-12-22
CUST04343,Frederick Dutta,Male,bhavini19@example.org,4959259174,Chandrapur,Rajasthan,India,2025-02-27
CUST04344,Sai Gera,Female,chauhanharini@example.org,7065005316,Purnia,Manipur,India,2024-03-17
CUST04345,Saksham Devi,Male,dipta40@example.org,4539086877,Jehanabad,Assam,India,2024-09-29
CUST04346,Falak Buch,Male,wriddhish65@example.com,0395677471,Vijayawada,Punjab,India,2025-02-16
CUST04347,Varenya Khurana,Female,cdivan@example.org,8065126912,Fatehpur,Chhattisgarh,India,2025-09-02
CUST04348,Wakeeta Kunda,Male,nramaswamy@example.com,9716023224,Amravati,Gujarat,India,2024-12-09
CUST04349,Vasatika Sahni,Male,krisha99@example.org,6778791463,Shimla,Uttar Pradesh,India,2026-06-26
CUST04350,Rehaan Lata,Female,mbhatti@example.com,8205881985,Dibrugarh,Madhya Pradesh,India,2024-10-02
CUST04351,Abha Chaudhari,Male,ygade@example.net,6987379173,Amritsar,Uttar Pradesh,India,2024-01-03
CUST04352,Libni Sastry,Female,abhimanyu35@example.com,1655766024,Dibrugarh,Uttar Pradesh,India,2022-01-30
CUST04353,Siya Banerjee,Female,pnatt@example.org,8653854294,Belgaum,West Bengal,India,2024-10-29
CUST04354,Balendra Bobal,Female,bgoda@example.org,6598626160,Kanpur,Haryana,India,2024-11-13
CUST04355,Rudra Ghose,Female,gautammanda@example.org,8174056141,Ujjain,Assam,India,2022-11-22
CUST04356,Bahadurjit Misra,Male,hiralswamy@example.org,7939141282,Amritsar,Uttar Pradesh,India,2022-08-13
CUST04357,Hemang Dada,Female,odoctor@example.net,6972000861,Jhansi,Meghalaya,India,2022-05-05
CUST04358,Ekani Mukhopadhyay,Male,raagini02@example.org,9211269889,Madhyamgram,Goa,India,2024-04-04
CUST04359,Advay Talwar,Female,krishnamurthyyochana@example.net,3312773128,Durgapur,Madhya Pradesh,India,2026-05-20
CUST04360,Nirja Kibe,Male,vmani@example.net,8576347517,Sambhal,Haryana,India,2021-08-09
CUST04361,Yauvani Amble,Male,anay77@example.net,7046185407,Buxar,Arunachal Pradesh,India,2025-01-12
CUST04362,Samarth Yohannan,Female,dev69@example.net,7586015079,Nagpur,Uttar Pradesh,India,2024-11-24
CUST04363,Yashawini Ben,Female,girish86@example.org,4345673225,Ambarnath,Himachal Pradesh,India,2026-06-04
CUST04364,Damini Sani,Male,ssuresh@example.org,7795792183,Singrauli,Nagaland,India,2022-12-09
CUST04365,Barkha Nayar,Female,adityadube@example.com,3744293280,Hospet,Tripura,India,2024-03-13
CUST04366,Maya Konda,Female,nitaranadig@example.net,1250764688,Amaravati,Andhra Pradesh,India,2025-07-04
CUST04367,David Palla,Male,qasimkamdar@example.com,2864088568,Raurkela Industrial Township,Meghalaya,India,2025-04-03
CUST04368,Sachi Nath,Female,vedantbatta@example.org,3356483221,Tirunelveli,Madhya Pradesh,India,2022-03-30
CUST04369,Owen Chowdhury,Female,piyengar@example.org,2718230199,Phusro,Arunachal Pradesh,India,2026-04-04
CUST04370,Kiaan Merchant,Female,datesneha@example.org,3448770711,Ongole,Tripura,India,2023-12-04
CUST04371,Pallavi Sule,Female,turvi55@example.com,0233558091,Khora ,Sikkim,India,2024-10-04
CUST04372,Ishwar Chanda,Female,gopalbadami@example.com,6931261461,Lucknow,Manipur,India,2022-01-10
CUST04373,Wriddhish Bhandari,Female,gopal03@example.net,3500811877,Udupi,West Bengal,India,2023-03-16
CUST04374,Andrew Ahluwalia,Male,kaurjonathan@example.com,3812455744,Khora ,Mizoram,India,2026-03-05
CUST04375,Azad Sethi,Female,tejas76@example.org,3623475293,Maheshtala,Bihar,India,2022-09-01
CUST04376,Riya Modi,Male,anthonychoudhry@example.com,8844175853,Belgaum,Punjab,India,2025-10-12
CUST04377,Tanveer Konda,Male,cchoudhry@example.org,5559771495,Kamarhati,Haryana,India,2026-02-11
CUST04378,Pratyush Bose,Female,ejoshi@example.net,4890648909,Nagaon,Assam,India,2023-05-20
CUST04379,Balvan Barad,Male,birkai@example.net,4606351974,Saharsa,West Bengal,India,2022-01-24
CUST04380,Irya Merchant,Female,yboase@example.org,3424453041,Rohtak,Uttar Pradesh,India,2022-02-16
CUST04381,Yashoda Zacharia,Female,dalalekbal@example.com,7099037488,Motihari,Manipur,India,2024-08-01
CUST04382,Frederick Date,Female,lilamerchant@example.org,9611864059,Dharmavaram,Haryana,India,2024-08-18
CUST04383,Triveni Arora,Male,jkar@example.net,6122735173,Sasaram,Manipur,India,2021-11-17
CUST04384,Daksha Jain,Male,bvenkatesh@example.net,4314374493,Tadipatri,Arunachal Pradesh,India,2022-04-04
CUST04385,Ojas Chander,Male,esem@example.com,9115661779,Pali,Tamil Nadu,India,2024-11-01
CUST04386,Mahika Majumdar,Male,imore@example.com,9772849275,Aizawl,Karnataka,India,2023-10-13
CUST04387,Yoshita Bassi,Female,jaggiinaya@example.com,3204464136,Arrah,Punjab,India,2022-06-19
CUST04388,Nicholas Kant,Female,vaishnavi70@example.net,3669521727,Amritsar,Tamil Nadu,India,2022-07-15
CUST04389,Ekani Aurora,Female,gsama@example.com,9300100334,Durg,Haryana,India,2025-08-18
CUST04390,Maanav Saha,Female,georgesanghvi@example.net,9082136771,Nangloi Jat,Meghalaya,India,2022-08-02
CUST04391,Jackson Bhandari,Female,divanethan@example.org,4632021670,Pondicherry,Tripura,India,2022-08-09
CUST04392,Upasna Halder,Male,ayushchadha@example.org,2019390528,Thanjavur,Meghalaya,India,2025-05-13
CUST04393,Amara Oak,Female,isengupta@example.net,3459887908,Guntur,Jharkhand,India,2024-01-31
CUST04394,Arunima Suri,Female,forumkhanna@example.net,4809077027,Burhanpur,Uttar Pradesh,India,2024-11-13
CUST04395,Jonathan Jaggi,Female,xalakkade@example.net,4516550095,Naihati,Jharkhand,India,2024-01-19
CUST04396,Nicholas Sachdev,Female,triya82@example.net,8045459782,Agartala,Punjab,India,2022-08-28
CUST04397,Harish Dutt,Female,cswamy@example.net,1474755780,Jaipur,Telangana,India,2024-05-04
CUST04398,Anmol Parmar,Female,warjaskeer@example.com,6717714968,Thanjavur,Kerala,India,2024-03-26
CUST04399,Dhriti Solanki,Female,rvohra@example.org,2072367064,Kishanganj,Tamil Nadu,India,2022-08-22
CUST04400,Ladli Sibal,Female,udyal@example.org,2461863387,Thane,Kerala,India,2025-04-10
CUST04401,Isaac Oommen,Male,wbawa@example.org,7999295131,Jalandhar,Tripura,India,2025-07-18
CUST04402,Nilima Sabharwal,Male,manneeesha@example.org,6380750572,Bokaro,Maharashtra,India,2022-01-02
CUST04403,Yash Golla,Female,kumarkashvi@example.org,1623663162,Ahmedabad,Maharashtra,India,2023-04-16
CUST04404,Anika Setty,Male,garasimon@example.com,0509063465,Siwan,Nagaland,India,2023-08-24
CUST04405,Gaurika Rama,Female,karnikwridesh@example.org,6536199650,Bardhaman,Arunachal Pradesh,India,2023-01-09
CUST04406,Shaurya Mann,Male,chasmumsunder@example.org,8900399111,Rampur,Nagaland,India,2021-11-04
CUST04407,Megha Goda,Male,tsinghal@example.net,9512487952,Gurgaon,West Bengal,India,2022-01-14
CUST04408,Anika De,Female,eeshadube@example.net,2491031456,Ichalkaranji,Chhattisgarh,India,2025-02-26
CUST04409,Janya Mitra,Female,hemanianand@example.com,6915708797,Ujjain,Odisha,India,2024-01-15
CUST04410,Rehaan Issac,Male,anay54@example.net,3326080850,Dehri,Himachal Pradesh,India,2025-09-14
CUST04411,Yadavi Mall,Female,maanavbhasin@example.com,5481851213,Amaravati,Gujarat,India,2021-08-25
CUST04412,Zayyan Wali,Male,narulasaanvi@example.com,1867726392,Haridwar,Meghalaya,India,2023-12-03
CUST04413,Ranbir Narayanan,Male,nmane@example.org,2090787085,Chennai,Bihar,India,2026-01-04
CUST04414,Bhavani Bora,Female,murthywarhi@example.org,1390172656,Junagadh,Madhya Pradesh,India,2023-07-19
CUST04415,Rachana Pai,Male,rudradugar@example.com,7229044767,Karawal Nagar,Meghalaya,India,2024-11-13
CUST04416,Hemani Dua,Female,mandmadhavi@example.com,9111005035,Udaipur,Madhya Pradesh,India,2025-01-16
CUST04417,Christopher Samra,Female,fwadhwa@example.com,5771877297,Hosur,Maharashtra,India,2022-09-09
CUST04418,Maya Bava,Male,jonathantak@example.org,2449549721,Ghaziabad,Karnataka,India,2022-10-16
CUST04419,Wriddhish Deshmukh,Male,nshroff@example.net,2390637940,Kottayam,Maharashtra,India,2024-08-01
CUST04420,Falguni Kanda,Male,jgupta@example.com,0969749472,Thrissur,Punjab,India,2023-09-30
CUST04421,Elijah Narang,Male,taratristan@example.org,6155742228,Dewas,Maharashtra,India,2024-05-28
CUST04422,Zaid Bajaj,Female,anushaluthra@example.com,8863753989,Mirzapur,Nagaland,India,2023-09-14
CUST04423,Ayush Savant,Male,ysaxena@example.com,4508137236,Yamunanagar,Meghalaya,India,2024-06-08
CUST04424,Kavya Uppal,Male,ochaudhary@example.com,0643643039,Vellore,Maharashtra,India,2022-02-19
CUST04425,Anusha Sethi,Male,thakurdhruv@example.com,0906638113,Thane,Chhattisgarh,India,2025-04-21
CUST04426,Arya Subramanian,Female,adya97@example.net,9168263821,Coimbatore,Odisha,India,2025-08-09
CUST04427,Aachal Kaur,Male,ktank@example.com,1894923198,Motihari,Arunachal Pradesh,India,2021-09-27
CUST04428,Kevin Sen,Male,apteorinder@example.com,8215186092,Kollam,Arunachal Pradesh,India,2025-09-04
CUST04429,Devansh Ahluwalia,Male,cyohannan@example.org,9601791505,Machilipatnam,Rajasthan,India,2023-10-09
CUST04430,Advik Grewal,Female,divyadalia@example.org,6375216141,Kakinada,Punjab,India,2025-04-15
CUST04431,Urishilla Baral,Male,bahloliver@example.com,3520641048,Vasai-Virar,Tamil Nadu,India,2023-01-13
CUST04432,Pushti Basak,Male,wakeeta19@example.net,3905377062,Ambattur,Andhra Pradesh,India,2025-08-21
CUST04433,Charan Naidu,Female,aditya05@example.com,4896136377,Bhind,Rajasthan,India,2025-01-03
CUST04434,Vidhi Bir,Male,bakhshi88@example.com,0199084018,Kolkata,Gujarat,India,2022-07-23
CUST04435,Girish Oak,Male,ckulkarni@example.org,9539020204,Kharagpur,Arunachal Pradesh,India,2026-04-27
CUST04436,Udarsh Ahluwalia,Male,ektashukla@example.org,7306206482,Satna,Chhattisgarh,India,2024-06-17
CUST04437,Faris Kala,Male,edhithayogi@example.org,0533848572,Ambarnath,Mizoram,India,2023-12-27
CUST04438,Anirudh Bhakta,Male,bakshikai@example.org,7811944985,Madanapalle,Arunachal Pradesh,India,2024-01-04
CUST04439,Dominic Manda,Female,mvarughese@example.net,6346533715,Bhatpara,Arunachal Pradesh,India,2025-10-10
CUST04440,Avi Prasad,Male,bbhatnagar@example.net,2583407768,Siwan,Mizoram,India,2025-02-08
CUST04441,Jhalak Saini,Male,pradhanryan@example.com,7418767499,Dibrugarh,Nagaland,India,2026-07-04
CUST04442,Dhriti Bhatnagar,Male,unnati68@example.org,1520700157,Kolhapur,Jharkhand,India,2023-05-12
CUST04443,Raagini Bava,Male,tara78@example.com,1983619045,Khammam,Meghalaya,India,2023-12-12
CUST04444,Wahab Bal,Female,wyatt22@example.org,5232989498,New Delhi,Madhya Pradesh,India,2025-10-15
CUST04445,Hamsini Sampath,Male,menonkrishna@example.org,4954510688,Nellore,Odisha,India,2023-12-26
CUST04446,Siya Verma,Female,pushti91@example.com,8560329298,Surat,Bihar,India,2025-06-16
CUST04447,Nandini Jani,Female,rachita95@example.com,9085768469,Bettiah,Uttarakhand,India,2026-07-10
CUST04448,Urvi Jayaraman,Male,frederickthakur@example.com,3484821084,Howrah,Uttarakhand,India,2026-04-11
CUST04449,Onveer Singh,Male,palhema@example.net,4021612223,Hosur,Uttarakhand,India,2021-10-19
CUST04450,Laksh Ramaswamy,Female,krishna05@example.net,4248030604,Mehsana,Madhya Pradesh,India,2022-06-16
CUST04451,Champak Pai,Male,nakulborde@example.net,0815960971,Ujjain,Madhya Pradesh,India,2025-09-22
CUST04452,Janani Misra,Female,bavaekta@example.net,1033092175,Ranchi,Telangana,India,2024-07-21
CUST04453,Garima Morar,Female,gunbirarya@example.com,3905300393,Chinsurah,Manipur,India,2025-12-09
CUST04454,Utkarsh Chanda,Female,wishi21@example.net,6229264386,Ahmednagar,Nagaland,India,2023-10-14
CUST04455,Gauri Sur,Male,darikabassi@example.com,0918560860,Gopalpur,Andhra Pradesh,India,2024-02-18
CUST04456,Dakshesh Wali,Male,lbaria@example.net,0600310239,Bhubaneswar,Karnataka,India,2022-01-04
CUST04457,Sai Bhatnagar,Female,xkhosla@example.net,1821333851,Berhampur,Maharashtra,India,2024-05-24
CUST04458,Gaurang Dass,Female,rattilajita@example.org,9687861163,Guntakal,Uttarakhand,India,2022-04-19
CUST04459,Ikshita Raja,Male,ychaudhuri@example.org,9329684855,Ghaziabad,West Bengal,India,2024-05-06
CUST04460,Nimrat Chaudhari,Female,mishranitesh@example.net,9509494720,Srinagar,Bihar,India,2022-03-08
CUST04461,Harsh Dewan,Female,wmaster@example.org,4190701568,Tiruppur,Karnataka,India,2024-03-24
CUST04462,Isha Wali,Male,ozatanveer@example.net,7654372504,Tumkur,Meghalaya,India,2024-10-06
CUST04463,Damini Hora,Female,aarnavsubramanian@example.org,8653076059,Thiruvananthapuram,Madhya Pradesh,India,2022-01-12
CUST04464,Xiti Hans,Male,gillmichael@example.org,4468060176,Berhampore,Gujarat,India,2024-07-26
CUST04465,Dakshesh Golla,Male,mgaba@example.com,0185040534,Nanded,Bihar,India,2023-04-03
CUST04466,Radha Sura,Male,tverma@example.org,8403859763,Mahbubnagar,Manipur,India,2025-05-19
CUST04467,Daksha Sastry,Female,victorgandhi@example.org,5177537054,Agra,Haryana,India,2023-07-01
CUST04468,Urvi Wagle,Female,frado56@example.org,0737609057,Ahmedabad,Rajasthan,India,2023-12-25
CUST04469,Hitesh Sagar,Male,fagarwal@example.com,1720724252,Bulandshahr,Nagaland,India,2025-06-14
CUST04470,Januja Shukla,Male,harinakshibhavsar@example.net,8382404105,Secunderabad,Assam,India,2022-12-21
CUST04471,Qadim Brar,Male,dayita43@example.org,6498151383,Mirzapur,Himachal Pradesh,India,2025-01-06
CUST04472,Amaira Guha,Female,kalerajata@example.com,4361583145,Gorakhpur,Telangana,India,2023-08-12
CUST04473,Charles Rege,Male,girik73@example.net,2854350675,Darbhanga,Jharkhand,India,2022-10-23
CUST04474,Hema Ravel,Female,fbasu@example.org,6851005337,Dewas,Himachal Pradesh,India,2025-04-13
CUST04475,Timothy Memon,Female,harita20@example.org,4585528912,Aizawl,Himachal Pradesh,India,2025-07-15
CUST04476,Yochana Peri,Male,osubramaniam@example.org,7372671035,Visakhapatnam,Goa,India,2024-10-11
CUST04477,Onveer Badal,Female,rkhurana@example.net,8539610587,Firozabad,Madhya Pradesh,India,2024-07-24
CUST04478,Yahvi Ramaswamy,Male,yatan30@example.com,6989363878,Howrah,Uttarakhand,India,2023-07-19
CUST04479,Ishani Virk,Male,dixitamruta@example.net,9705677957,Satna,Kerala,India,2022-05-03
CUST04480,Yahvi Kapadia,Female,sehgalwazir@example.org,6670020896,Deoghar,Punjab,India,2026-05-21
CUST04481,Siddharth Sathe,Male,shenoyhritik@example.com,8953465499,Singrauli,Uttarakhand,India,2026-04-17
CUST04482,Zarna Bal,Male,falguni75@example.org,9313624816,Surendranagar Dudhrej,Meghalaya,India,2022-10-21
CUST04483,Neel Chawla,Female,chandranbassi@example.org,2380022617,Yamunanagar,Sikkim,India,2022-08-16
CUST04484,Vincent Garg,Male,orinderarora@example.org,2368594939,Tirunelveli,Punjab,India,2025-07-08
CUST04485,Champak Upadhyay,Female,karnikjeet@example.org,1477443509,Chennai,Tripura,India,2024-09-06
CUST04486,Aarna Solanki,Female,amritabuch@example.com,2321233357,Nagercoil,West Bengal,India,2021-10-18
CUST04487,Girik Bawa,Female,cherianlopa@example.org,0965644931,Dharmavaram,Rajasthan,India,2022-03-21
CUST04488,Vrinda Dar,Male,janani45@example.net,7543292246,Bharatpur,Maharashtra,India,2023-07-01
CUST04489,Ryan Chana,Male,sethilaban@example.com,9194281441,Ahmedabad,Odisha,India,2026-05-24
CUST04490,Triya Sarin,Female,harish45@example.net,5912126470,Rourkela,Bihar,India,2025-01-22
CUST04491,Zansi Kala,Female,xbahri@example.com,2156119792,Nagaon,Sikkim,India,2024-06-25
CUST04492,Praneel Bora,Female,yashodhara87@example.org,8053486169,Hyderabad,Rajasthan,India,2025-01-29
CUST04493,Ekaraj Sehgal,Male,lavanya73@example.net,7835656298,Jammu,Karnataka,India,2025-11-09
CUST04494,Yadavi Shankar,Male,udevi@example.org,3579540272,Thiruvananthapuram,Tripura,India,2024-10-13
CUST04495,Daksh Prakash,Female,devseshadri@example.org,1577252294,Madanapalle,Tamil Nadu,India,2021-10-20
CUST04496,Isaiah Dara,Male,dugalmanan@example.com,0432989107,Narasaraopet,Sikkim,India,2024-03-30
CUST04497,Jason Shere,Female,wahab50@example.com,3006116452,Jodhpur,Mizoram,India,2022-08-08
CUST04498,Aachal Chand,Male,bhavani66@example.net,9472435860,Guntakal,Himachal Pradesh,India,2023-06-24
CUST04499,Odika Bhargava,Male,ekapad85@example.com,9417627429,Karaikudi,Gujarat,India,2025-11-17
CUST04500,Fiyaz Bali,Female,zachariahemani@example.org,4028011614,Ratlam,Andhra Pradesh,India,2022-04-22
CUST04501,Shaurya Ganesh,Female,jaichoudhry@example.net,8753513937,Ichalkaranji,Meghalaya,India,2021-09-16
CUST04502,Adweta Ratta,Male,godageorge@example.org,1682279866,Jodhpur,Maharashtra,India,2025-01-02
CUST04503,Reyansh Varma,Male,vorafaqid@example.org,5395172682,Nangloi Jat,Telangana,India,2026-05-30
CUST04504,Harrison Radhakrishnan,Male,wraju@example.org,6378165793,Korba,Meghalaya,India,2025-11-28
CUST04505,Krisha Rao,Female,jack07@example.net,1866304100,Raichur,Meghalaya,India,2021-08-21
CUST04506,Aarna Basak,Male,arin85@example.org,4884097852,Navi Mumbai,Jharkhand,India,2023-10-30
CUST04507,Abhimanyu Lata,Female,lajitakale@example.com,4857836893,Aurangabad,Maharashtra,India,2021-10-05
CUST04508,Praneel Kapoor,Female,mohini83@example.com,7114529268,Ujjain,Jharkhand,India,2024-07-18
CUST04509,Pushti Mishra,Male,akulkarni@example.com,7024139996,Latur,Tripura,India,2026-04-12
CUST04510,Indali Radhakrishnan,Male,veda85@example.net,1801017811,Davanagere,Bihar,India,2026-03-30
CUST04511,Akshay Behl,Female,rajaaachal@example.com,6138476549,Motihari,Himachal Pradesh,India,2026-04-17
CUST04512,Faraj Prasad,Female,ishwar00@example.org,3442126908,Tenali,Tripura,India,2024-02-01
CUST04513,Viraj Sarin,Female,nathaniel67@example.org,1721235532,Bangalore,Mizoram,India,2024-05-02
CUST04514,Ojas Choudhury,Female,subramaniamdakshesh@example.com,7291791084,Ongole,Manipur,India,2023-11-15
CUST04515,Christopher Parsa,Male,etripathi@example.org,2118313213,Ozhukarai,Karnataka,India,2023-04-03
CUST04516,Ikbal Baria,Male,pranit27@example.net,8322738735,Agra,Punjab,India,2026-03-25
CUST04517,Gopal Sanghvi,Female,kpau@example.net,6710068273,Vasai-Virar,Assam,India,2022-09-04
CUST04518,Ekalinga Datta,Male,mohantynidra@example.net,4230574285,Kota,Tamil Nadu,India,2024-05-02
CUST04519,Waida Jani,Female,adityadalal@example.net,1351248265,Bhusawal,Odisha,India,2025-08-29
CUST04520,Rachit Khurana,Female,kadakiadhriti@example.net,8802397436,Morena,Telangana,India,2023-03-29
CUST04521,Isaiah Kant,Male,adityamurty@example.net,1838110255,Berhampur,Manipur,India,2025-11-10
CUST04522,Henry Mani,Female,wishi65@example.com,8339652247,Thiruvananthapuram,Manipur,India,2026-06-08
CUST04523,Anamika Ratti,Female,rparekh@example.com,2561168851,Bhubaneswar,Punjab,India,2021-12-16
CUST04524,Luke Dhillon,Female,dewandayamai@example.net,2979760130,Bareilly,Telangana,India,2024-02-04
CUST04525,Charles Buch,Female,triya93@example.com,7230384935,Ambarnath,Chhattisgarh,India,2022-02-26
CUST04526,Patrick Rege,Male,qgupta@example.org,2505865817,Jalna,Bihar,India,2024-02-21
CUST04527,Rajeshri Gandhi,Female,wkala@example.net,3115365162,Jehanabad,Kerala,India,2026-05-11
CUST04528,Vasudha Barman,Male,xdivan@example.net,3659179396,Madurai,Jharkhand,India,2021-11-05
CUST04529,Vinaya Shetty,Female,harishwable@example.com,0079966527,Kirari Suleman Nagar,Rajasthan,India,2022-03-12
CUST04530,Qadim Pant,Female,hardiksachdev@example.org,7193267275,Tadipatri,West Bengal,India,2025-05-08
CUST04531,Aachal Soni,Female,latashivansh@example.com,8697104827,Kumbakonam,Mizoram,India,2022-04-19
CUST04532,Riya Mammen,Male,sacharorinder@example.net,0319256276,Durgapur,Uttarakhand,India,2021-11-24
CUST04533,Hamsini Sandal,Female,gabriel16@example.net,1745767448,Bhalswa Jahangir Pur,Himachal Pradesh,India,2024-06-13
CUST04534,Jack Saran,Male,rajeshriparikh@example.com,2051325858,Jorhat,Nagaland,India,2021-08-06
CUST04535,Tejas Mangal,Male,balasubramanianowen@example.com,1323423839,Chapra,Chhattisgarh,India,2022-07-16
CUST04536,Mitesh Dugar,Male,varsha95@example.com,1182768127,Etawah,Chhattisgarh,India,2025-06-17
CUST04537,Nandini Lala,Female,pillaithomas@example.org,3676142741,Nandyal,Nagaland,India,2024-09-22
CUST04538,Udant Bakshi,Female,asaran@example.org,4523122558,Thoothukudi,Maharashtra,India,2025-09-07
CUST04539,Aditya Ram,Male,krishbhavya@example.net,6075414884,Muzaffarpur,Telangana,India,2022-03-11
CUST04540,Bhavya Kala,Female,riyamangat@example.org,9482031123,Navi Mumbai,Chhattisgarh,India,2023-08-29
CUST04541,Gopal Yohannan,Male,robert33@example.net,9248743596,Gopalpur,Tripura,India,2026-01-14
CUST04542,Benjamin Garg,Male,mahika40@example.org,0218468543,Kamarhati,Jharkhand,India,2026-04-18
CUST04543,Parth Pillai,Male,bavazaitra@example.org,2295393192,Motihari,Uttarakhand,India,2023-03-10
CUST04544,Triveni Kakar,Male,aarna22@example.com,0081169196,Chittoor,Madhya Pradesh,India,2023-04-16
CUST04545,Abeer Barman,Female,jeevikacheema@example.net,1217101646,Alwar,Uttar Pradesh,India,2022-04-21
CUST04546,Yashodhara Basu,Male,talwarveda@example.net,3060102676,Aligarh,Maharashtra,India,2025-12-25
CUST04547,Upma Krishnamurthy,Male,oeshikrish@example.org,0300039564,Pudukkottai,Tamil Nadu,India,2022-09-01
CUST04548,Yadavi Bala,Female,shettydhruv@example.org,4651177290,Sri Ganganagar,Odisha,India,2023-08-04
CUST04549,Hemang Barad,Female,theodoreiyengar@example.net,6681659020,Indore,Himachal Pradesh,India,2026-04-05
CUST04550,Girindra Kota,Male,swalla@example.net,5661338695,Satna,Manipur,India,2022-05-15
CUST04551,Hemal Venkatesh,Female,omya60@example.com,4912484886,Kota,Kerala,India,2023-02-11
CUST04552,Ekantika Prakash,Male,eshana39@example.org,1628693911,Satara,Sikkim,India,2022-08-24
CUST04553,Liam Morar,Male,qgour@example.net,7923187346,Kumbakonam,Haryana,India,2022-07-04
CUST04554,Shivani Bali,Male,wchoudhary@example.org,7297441895,Shivpuri,Jharkhand,India,2023-11-07
CUST04555,Vivaan Kothari,Male,gerayashvi@example.com,8739278920,Sambhal,Assam,India,2025-09-27
CUST04556,Varsha Boase,Male,darika27@example.org,3352756720,Bhopal,Kerala,India,2023-07-18
CUST04557,Umang Basak,Female,ekta66@example.net,9718893798,Shimoga,Arunachal Pradesh,India,2023-10-14
CUST04558,Qushi Deol,Female,finn93@example.net,3403826554,Secunderabad,Andhra Pradesh,India,2021-08-23
CUST04559,Gaurav Pradhan,Male,quincy48@example.com,1331528441,Udaipur,Himachal Pradesh,India,2024-12-23
CUST04560,Pratyush Lall,Male,swamyadweta@example.org,4016078975,Noida,Andhra Pradesh,India,2025-10-12
CUST04561,Dayamai Ganesan,Female,somradhika@example.org,2509620588,Kharagpur,Madhya Pradesh,India,2026-06-01
CUST04562,Kritika Nanda,Female,ksagar@example.org,5701531186,Aurangabad,Odisha,India,2025-09-07
CUST04563,Deepa Srivastava,Female,tiwariprisha@example.com,8005635546,Jamnagar,Meghalaya,India,2021-12-12
CUST04564,Ranbir Peri,Male,bhardwajarin@example.net,8639384226,Ranchi,Goa,India,2025-09-30
CUST04565,Henry Rattan,Female,jagvibutala@example.com,8442004190,Maheshtala,Nagaland,India,2026-03-25
CUST04566,Faras Ravel,Female,lopachauhan@example.com,6656329543,Haldia,Jharkhand,India,2021-11-25
CUST04567,Alexander Mander,Female,gaurav58@example.org,1067861656,Raiganj,West Bengal,India,2025-01-10
CUST04568,Ucchal Dhar,Male,laksh79@example.org,2220648193,Hubli–Dharwad,West Bengal,India,2024-06-04
CUST04569,Patrick Om,Female,ckrishna@example.org,3176543715,Bongaigaon,Manipur,India,2026-06-07
CUST04570,Atharv Kapur,Female,deobhavna@example.org,6154465884,Sangli-Miraj & Kupwad,Uttar Pradesh,India,2021-11-09
CUST04571,Chakradev Mander,Male,ladlidoshi@example.com,5853686359,Silchar,Assam,India,2024-08-09
CUST04572,Maya Nadkarni,Male,prashadsamarth@example.net,2044252881,Kavali,Arunachal Pradesh,India,2022-03-09
CUST04573,Amara Batta,Male,deorajeshri@example.net,1509464450,Munger,Karnataka,India,2022-06-30
CUST04574,Balhaar Rout,Male,santbhavini@example.org,0970871661,New Delhi,Tripura,India,2022-05-30
CUST04575,Zaitra Anne,Male,vasudha35@example.com,1665031499,Madurai,Haryana,India,2026-02-11
CUST04576,Bachittar Keer,Female,tdalia@example.net,1629644053,Munger,Gujarat,India,2023-11-05
CUST04577,Rohan Handa,Female,sachidesai@example.com,1821870253,Berhampur,Uttarakhand,India,2022-02-27
CUST04578,Zarna Bali,Female,thomas26@example.com,3174362338,Bhavnagar,Andhra Pradesh,India,2024-08-14
CUST04579,Charan Bath,Male,revaraju@example.net,3038802358,Barasat,Assam,India,2022-08-18
CUST04580,Anay Mahajan,Male,lmohanty@example.net,3335661459,Gurgaon,Arunachal Pradesh,India,2026-05-17
CUST04581,Kavya Gaba,Male,sarinwriddhish@example.org,2853253467,Durg,Arunachal Pradesh,India,2023-01-18
CUST04582,Jhalak Chakrabarti,Female,maanassankaran@example.com,9886710815,Chinsurah,Goa,India,2024-05-18
CUST04583,Jai Nayar,Male,agrawalzashil@example.com,6273120588,Satara,Uttarakhand,India,2024-05-02
CUST04584,Mohammed Ganguly,Male,umuni@example.net,3631095040,Thoothukudi,Manipur,India,2023-10-27
CUST04585,Oscar Loyal,Male,anamikarandhawa@example.com,1484827974,Shimoga,Bihar,India,2024-12-18
CUST04586,Rachit Prakash,Male,cacharya@example.net,5448698769,Bokaro,Tripura,India,2024-12-31
CUST04587,Hredhaan Vaidya,Male,xalak02@example.net,9875204095,Srikakulam,Manipur,India,2023-12-21
CUST04588,Nitara Gade,Female,zilmil69@example.com,0020882209,Allahabad,Himachal Pradesh,India,2023-03-22
CUST04589,Upkaar Doshi,Female,oviya43@example.org,6430690756,Kurnool,Telangana,India,2022-07-31
CUST04590,Yashodhara Kashyap,Female,williamdubey@example.net,8339503899,Bareilly,Punjab,India,2023-03-28
CUST04591,Aayush Kala,Female,tkara@example.com,3936715785,Visakhapatnam,Chhattisgarh,India,2026-07-02
CUST04592,Madhavi Sarkar,Male,karimekhala@example.net,3356224930,Sonipat,Madhya Pradesh,India,2023-05-19
CUST04593,Chaaya Bera,Female,lipika67@example.com,3414522940,Vasai-Virar,West Bengal,India,2023-08-22
CUST04594,Idika Bajwa,Male,daksha60@example.net,0121285475,Bharatpur,Telangana,India,2022-11-12
CUST04595,Hritik Gala,Female,darpanbuch@example.org,6322814207,Hospet,Punjab,India,2021-12-18
CUST04596,Aashi Mane,Female,jagdish55@example.com,7835704662,Mirzapur,Rajasthan,India,2026-03-30
CUST04597,Dakshesh Bahl,Female,lekha51@example.org,7831184275,Surendranagar Dudhrej,Jharkhand,India,2023-01-20
CUST04598,Nachiket Kibe,Male,ekiya90@example.net,8142542982,Suryapet,Rajasthan,India,2022-07-31
CUST04599,Chakrika Anand,Male,anamika82@example.org,0027432334,Kirari Suleman Nagar,Jharkhand,India,2025-05-19
CUST04600,Darsh Kapoor,Female,amukhopadhyay@example.net,9355274292,Orai,Nagaland,India,2024-11-10
CUST04601,Bhavani Dube,Male,perijoshua@example.org,4641193342,Gulbarga,Goa,India,2025-03-05
CUST04602,Nicholas Kakar,Female,dmuni@example.org,0804796791,Guwahati,Himachal Pradesh,India,2024-06-07
CUST04603,Naveen Chaudhry,Female,simongoyal@example.org,0899437258,Ratlam,Sikkim,India,2024-08-13
CUST04604,Jhalak Oak,Female,lohitmishra@example.com,8606244002,Vasai-Virar,Madhya Pradesh,India,2025-07-06
CUST04605,Daksh Ben,Female,jagvishah@example.com,5648968165,Khora ,Nagaland,India,2026-03-24
CUST04606,Isha Ram,Male,duttlaksh@example.net,1921870606,Mysore,Telangana,India,2023-02-25
CUST04607,Gaurang Subramaniam,Male,wishi62@example.net,0873341449,Berhampur,Jharkhand,India,2024-07-20
CUST04608,Barkha Chauhan,Male,jvenkataraman@example.com,8043052974,Satara,West Bengal,India,2022-11-15
CUST04609,Anamika Kapur,Female,urvashibarad@example.org,8466500827,Ozhukarai,Assam,India,2024-04-27
CUST04610,Utkarsh Chander,Male,indrajit69@example.org,2578075551,Thoothukudi,Sikkim,India,2025-03-24
CUST04611,Harini Korpal,Female,kashishgera@example.org,1874540169,Etawah,Uttarakhand,India,2025-10-04
CUST04612,Reva Jaggi,Female,rsolanki@example.com,0741256810,Ujjain,Mizoram,India,2022-06-22
CUST04613,Darpan Sundaram,Female,kashishpatla@example.org,7984439334,Tiruppur,Madhya Pradesh,India,2026-07-11
CUST04614,Ishita Sahota,Male,qprasad@example.org,3179642833,Thane,Mizoram,India,2023-02-16
CUST04615,Victor Bhat,Female,bhavika95@example.org,1820720397,Salem,Madhya Pradesh,India,2024-01-18
CUST04616,Zinal Toor,Female,ramakrishnanjagat@example.com,0011585747,Amritsar,Himachal Pradesh,India,2025-11-18
CUST04617,Ayaan Uppal,Male,liamroy@example.org,5211672608,North Dumdum,Kerala,India,2022-04-03
CUST04618,Caleb Srinivasan,Female,hardikdivan@example.com,7166650041,Raiganj,Mizoram,India,2024-01-03
CUST04619,Naveen Srinivasan,Female,jagrati58@example.org,0018461602,Parbhani,Sikkim,India,2024-01-07
CUST04620,Ekantika Bajwa,Male,ramachandranvamakshi@example.net,2441032148,Delhi,Gujarat,India,2025-06-15
CUST04621,Ronith Divan,Male,cbhattacharyya@example.net,5888833962,Jamalpur,Madhya Pradesh,India,2024-11-12
CUST04622,Mekhala Behl,Male,deolonveer@example.org,1251216471,Madanapalle,West Bengal,India,2022-01-04
CUST04623,Gaurav Borra,Female,atimallick@example.net,2097770296,Katihar,Tamil Nadu,India,2024-09-08
CUST04624,Bhanumati Sarkar,Male,kamala75@example.com,1077124000,Guwahati,Kerala,India,2023-06-09
CUST04625,Meera Agrawal,Male,wtank@example.org,4850853195,Warangal,Gujarat,India,2025-01-18
CUST04626,Arjun Banik,Male,vivaan32@example.com,5115301237,Eluru,Odisha,India,2021-12-01
CUST04627,Raghav Dora,Male,hanne@example.com,5725085280,Deoghar,Kerala,India,2022-08-28
CUST04628,Gavin Sengupta,Male,neha18@example.com,8443155584,Chandigarh,Madhya Pradesh,India,2023-10-02
CUST04629,Nilima Gade,Female,virkaishani@example.com,4748651350,Karimnagar,Jharkhand,India,2025-01-21
CUST04630,Viraj Mitter,Male,chavviborra@example.net,6504831543,Ramagundam,Karnataka,India,2023-01-27
CUST04631,Aradhana Khalsa,Female,nsaxena@example.org,8507391662,Hajipur,Manipur,India,2022-12-25
CUST04632,Mohammed Deshmukh,Female,qshan@example.com,7857078644,Faridabad,Nagaland,India,2024-11-06
CUST04633,Ekavir Brar,Female,kashvi63@example.org,7969684436,Eluru,Uttar Pradesh,India,2024-08-02
CUST04634,Aarush Ratti,Male,tparekh@example.net,2923017726,Jamnagar,Sikkim,India,2022-08-25
CUST04635,Chandran Ram,Female,shravyaguha@example.com,7374502201,Indore,Telangana,India,2024-12-16
CUST04636,Vrishti Bava,Male,bachittarsoman@example.com,8045616754,Hajipur,Tamil Nadu,India,2021-09-04
CUST04637,Chakradhar Dutt,Female,munimax@example.org,9758485342,Belgaum,Arunachal Pradesh,India,2025-05-05
CUST04638,Anika Varughese,Female,vivaan82@example.org,1849101716,Bhimavaram,Himachal Pradesh,India,2025-11-15
CUST04639,Nisha Trivedi,Female,mbhatt@example.com,2861323032,Secunderabad,Meghalaya,India,2024-08-09
CUST04640,Urmi Samra,Female,jagdishcontractor@example.org,7517804352,Patiala,Mizoram,India,2025-04-26
CUST04641,Atharv Amble,Male,zkaul@example.com,6735012709,Bahraich,Manipur,India,2022-03-19
CUST04642,Gayathri Chacko,Male,sudiksha07@example.net,1796041464,Karnal,Maharashtra,India,2023-07-01
CUST04643,Pooja Varughese,Female,devghose@example.com,0606751294,Rajpur Sonarpur,Chhattisgarh,India,2022-04-03
CUST04644,Anthony Rama,Male,harshil19@example.org,3265923085,Sikar,Haryana,India,2024-09-18
CUST04645,Jhalak Narayan,Female,raagini15@example.net,0320156182,Korba,Jharkhand,India,2023-01-26
CUST04646,Aashi Sankar,Male,ramelijah@example.net,7756730278,Singrauli,Bihar,India,2025-12-02
CUST04647,Eesha Modi,Male,aahana86@example.com,4799594836,Suryapet,Kerala,India,2021-08-27
CUST04648,Nisha Ray,Male,tristan67@example.net,3704155337,Raiganj,Punjab,India,2025-06-15
CUST04649,Matthew Sengupta,Female,fsur@example.net,1152036231,Muzaffarpur,Goa,India,2024-01-28
CUST04650,Kashish Mandal,Female,vprabhu@example.org,5089776640,Bhind,Goa,India,2024-06-08
CUST04651,Janya Sha,Female,ekbal92@example.org,1061237007,Panihati,Manipur,India,2024-03-15
CUST04652,Vedant Tailor,Female,gavinnair@example.net,4082034852,Bhusawal,Manipur,India,2024-03-27
CUST04653,Zayan Goyal,Male,guhajeet@example.net,5763279753,Bilaspur,Odisha,India,2023-10-14
CUST04654,Udyati Narasimhan,Female,tanay14@example.org,5994267380,Hyderabad,Tamil Nadu,India,2026-04-26
CUST04655,Tanvi Lad,Male,dinpavani@example.com,2685737085,Malegaon,Sikkim,India,2025-03-11
CUST04656,Yochana Banerjee,Female,vansha72@example.com,8113672528,Rajkot,Himachal Pradesh,India,2024-06-08
CUST04657,Gaurav Murty,Female,jaidasgupta@example.com,2202805276,Jamalpur,Madhya Pradesh,India,2021-08-23
CUST04658,Suhani Sarna,Female,okhatri@example.net,7671840813,Dindigul,Uttar Pradesh,India,2023-02-16
CUST04659,Vaishnavi Tandon,Male,vraj@example.com,9713339765,Shahjahanpur,Karnataka,India,2022-07-26
CUST04660,Siya Rajan,Female,abha68@example.com,0268320999,Tezpur,Uttar Pradesh,India,2023-11-04
CUST04661,Vincent Anand,Female,azaanswamy@example.net,7476482721,Karnal,Nagaland,India,2024-09-28
CUST04662,Osha Keer,Male,meeranagarajan@example.org,5772060740,Karimnagar,Gujarat,India,2025-11-03
CUST04663,Shravya Krish,Female,anagar@example.com,7324756051,Jalandhar,Assam,India,2024-07-03
CUST04664,Abeer Shanker,Female,haritabhattacharyya@example.net,1367942787,Bokaro,Himachal Pradesh,India,2024-06-20
CUST04665,Arin Swamy,Male,shettyjackson@example.com,5273548844,Rourkela,Andhra Pradesh,India,2023-05-29
CUST04666,Warhi Borra,Female,harini36@example.net,9053538571,Kochi,Uttarakhand,India,2021-07-23
CUST04667,Shravya Yogi,Male,dayita13@example.net,6901946852,Jorhat,Haryana,India,2022-10-16
CUST04668,Maanav Mitra,Male,teerth66@example.net,6824512267,Ranchi,Bihar,India,2022-02-15
CUST04669,Wakeeta Krishna,Female,geetika10@example.com,3099793841,Morbi,Goa,India,2026-02-25
CUST04670,Ojasvi Bala,Male,oni44@example.com,8010047565,Anantapur,Arunachal Pradesh,India,2022-04-07
CUST04671,Umang Bhat,Female,bhavika05@example.org,1441853014,Allahabad,Tamil Nadu,India,2021-09-22
CUST04672,Zayyan Parikh,Female,zrajan@example.org,6064468901,Orai,Tamil Nadu,India,2025-10-06
CUST04673,Yashodhara Palla,Male,basuamruta@example.net,7905945429,Bijapur,Chhattisgarh,India,2022-03-24
CUST04674,Lekha Andra,Male,isaacbuch@example.com,0478577169,Rewa,Chhattisgarh,India,2024-04-02
CUST04675,Dakshesh Pai,Male,yauvani70@example.com,0654108455,Adoni,Telangana,India,2023-06-06
CUST04676,Mitesh Malhotra,Male,gchandra@example.net,8044502607,South Dumdum,Bihar,India,2023-08-20
CUST04677,Maya Bhakta,Male,omkaardas@example.org,8239760977,Saharanpur,Kerala,India,2024-03-05
CUST04678,Theodore Dewan,Female,virajnagi@example.com,4772818837,Ozhukarai,Odisha,India,2023-07-19
CUST04679,Bahadurjit Sunder,Male,nihal87@example.net,5837439743,Lucknow,Bihar,India,2026-02-23
CUST04680,Alka Rajagopal,Male,gabriel24@example.org,8966548877,Pallavaram,Rajasthan,India,2024-10-03
CUST04681,Isaiah Chaudhary,Female,vsrinivas@example.org,1664916818,Sambhal,Assam,India,2026-07-21
CUST04682,Ekantika Sani,Male,usinha@example.org,5525069491,Bidhannagar,Andhra Pradesh,India,2024-07-06
CUST04683,Banjeet Bava,Male,swaminathanjeet@example.org,5294764099,Bhubaneswar,Madhya Pradesh,India,2025-04-18
CUST04684,Christopher Krish,Female,qchawla@example.com,9411470662,Kavali,Bihar,India,2021-09-17
CUST04685,Sudiksha Manda,Female,frederickrege@example.net,4653895515,Allahabad,Uttar Pradesh,India,2021-12-24
CUST04686,Vaishnavi Swamy,Male,achaudhuri@example.net,0149806689,Saharanpur,Rajasthan,India,2023-03-20
CUST04687,Yashasvi Pai,Male,cmody@example.net,9120632311,Hubli–Dharwad,Manipur,India,2024-06-24
CUST04688,Jonathan Barad,Male,garima02@example.org,6677099518,Tezpur,Rajasthan,India,2022-03-03
CUST04689,Vedika Contractor,Female,wswaminathan@example.net,7597590969,Nellore,Assam,India,2021-10-14
CUST04690,Vaishnavi Sastry,Female,fnayak@example.org,6982556615,Kottayam,Goa,India,2023-08-18
CUST04691,Azad Pradhan,Female,yochana97@example.com,4609113360,Chapra,Haryana,India,2022-11-02
CUST04692,Gautam Bains,Male,krisha23@example.org,0904690456,Kharagpur,Bihar,India,2023-12-21
CUST04693,Kashish Bora,Female,sekhonbakhshi@example.com,9201915908,Raiganj,Rajasthan,India,2022-12-22
CUST04694,Riya Bora,Male,zayyan48@example.net,1166155038,Kanpur,Telangana,India,2022-08-26
CUST04695,Avi Goel,Male,wmandal@example.org,8689460920,Unnao,Uttar Pradesh,India,2026-04-18
CUST04696,Harish Bahri,Male,qpillai@example.net,4116453867,Bidar,Manipur,India,2023-01-30
CUST04697,Megha Bhakta,Male,ishaanhayer@example.org,0611336853,Motihari,Kerala,India,2025-09-09
CUST04698,Vasana Purohit,Female,gkhanna@example.org,2250936684,Kavali,Odisha,India,2021-12-22
CUST04699,Zashil Vora,Male,oeshi78@example.com,8806519401,Sonipat,Uttarakhand,India,2023-01-29
CUST04700,Lakshmi Nanda,Male,sampathchaitaly@example.org,3881780848,Bhusawal,Uttarakhand,India,2025-09-06
CUST04701,Bimala Bhandari,Male,lnagi@example.org,6439414217,Durgapur,Manipur,India,2026-04-14
CUST04702,Varenya Gopal,Female,buchjack@example.net,9790320634,Chinsurah,Assam,India,2024-12-24
CUST04703,Shravya Pall,Male,neeltank@example.com,6104831273,Surendranagar Dudhrej,Manipur,India,2024-03-10
CUST04704,Hamsini Thakkar,Female,gjain@example.org,4832214983,Sonipat,Maharashtra,India,2026-01-30
CUST04705,Warinder Handa,Male,rakshamani@example.net,0333078838,Yamunanagar,Bihar,India,2023-01-24
CUST04706,Anya Pandya,Male,narasimhanhemani@example.com,6189423627,Loni,Karnataka,India,2024-08-27
CUST04707,Zayan Rout,Male,cvarghese@example.net,8699838639,Unnao,Assam,India,2022-06-07
CUST04708,Reyansh Soni,Male,rkar@example.net,2273945266,Ichalkaranji,Punjab,India,2024-03-25
CUST04709,Simon Sharaf,Male,tbuch@example.com,7838625576,Berhampore,Himachal Pradesh,India,2026-01-31
CUST04710,Leena Divan,Male,brinda29@example.com,4973664447,Ichalkaranji,Odisha,India,2024-05-19
CUST04711,Rachita Gour,Female,victorbhardwaj@example.com,8369975797,Dehri,Odisha,India,2024-07-05
CUST04712,Balveer Subramanian,Female,yashawini41@example.org,3417172917,Gangtok,Sikkim,India,2023-08-12
CUST04713,Jairaj Pillay,Male,gollaaadi@example.com,4261130622,Kadapa,Haryana,India,2025-02-26
CUST04714,Dalbir Sani,Female,nagarajanchandran@example.net,7580029601,Unnao,Uttarakhand,India,2023-06-20
CUST04715,Jeremiah Bal,Female,eshenoy@example.com,3667223755,Chennai,Gujarat,India,2025-05-13
CUST04716,Hardik Ramesh,Female,kadakiavictor@example.com,5024292577,Farrukhabad,West Bengal,India,2023-02-02
CUST04717,Damyanti Varma,Male,sudikshasodhi@example.org,7322371699,Chandrapur,Sikkim,India,2021-12-12
CUST04718,Lila Barad,Male,dgole@example.org,8100249771,Alwar,Uttar Pradesh,India,2025-07-28
CUST04719,Anika Sachar,Female,ybanerjee@example.org,3796214610,Dharmavaram,Tamil Nadu,India,2024-09-02
CUST04720,Rajeshri Venkatesh,Male,dalajathaker@example.net,9060547249,Khora ,Goa,India,2023-03-01
CUST04721,Hemani Master,Male,xalakthaman@example.net,4632906863,Mehsana,Haryana,India,2023-06-22
CUST04722,Amaira Koshy,Male,fkarnik@example.org,1870288873,Thane,Sikkim,India,2023-04-14
CUST04723,Liam Rattan,Male,mben@example.com,9950152033,Sirsa,Assam,India,2024-01-30
CUST04724,Lakshmi Mannan,Female,hritikmenon@example.com,2879509715,Lucknow,Assam,India,2025-12-05
CUST04725,Warda Sehgal,Female,nitarashroff@example.com,7464889568,Mysore,Kerala,India,2024-04-14
CUST04726,Liam Sastry,Female,sahadarsh@example.org,9787064565,Bokaro,Odisha,India,2022-06-19
CUST04727,Yamini Suri,Male,waidaravel@example.org,8769662187,Mehsana,Andhra Pradesh,India,2026-02-03
CUST04728,Aarush Agate,Female,watikamadan@example.com,0105643853,Karawal Nagar,Uttar Pradesh,India,2026-04-21
CUST04729,Faris Dayal,Male,battanikita@example.com,2027783550,Satara,Telangana,India,2025-08-14
CUST04730,Amruta Kapoor,Female,chaitalydyal@example.org,9132882362,Srinagar,Arunachal Pradesh,India,2025-07-19
CUST04731,Anusha Sinha,Male,wazirbhardwaj@example.com,1833874079,Jamalpur,Manipur,India,2023-05-10
CUST04732,Chandran Narayan,Male,divya77@example.org,8862462671,Nagpur,Chhattisgarh,India,2025-06-03
CUST04733,Jason Acharya,Male,ojasmannan@example.com,9646697133,Vijayawada,Tripura,India,2023-10-04
CUST04734,Ishani Malhotra,Female,veda82@example.net,2224155776,Ambarnath,Uttarakhand,India,2022-02-15
CUST04735,Kiaan Chaudry,Male,lalapooja@example.org,2504170901,Fatehpur,Himachal Pradesh,India,2022-11-19
CUST04736,Viraj Roy,Male,wazirnanda@example.net,1226911222,Giridih,West Bengal,India,2026-05-30
CUST04737,Chakradev Patel,Male,sanitara@example.com,5099681875,Dhanbad,Rajasthan,India,2025-03-20
CUST04738,Leena Sandal,Male,maxgill@example.net,5645043682,Thane,Jharkhand,India,2023-03-06
CUST04739,Wakeeta Anand,Male,qraval@example.org,0849736473,Ambattur,Karnataka,India,2023-02-04
CUST04740,Sarthak Borde,Male,ishita50@example.net,8043084835,Ahmednagar,Karnataka,India,2026-01-02
CUST04741,Jalsa Pillay,Female,guneet00@example.net,4927148249,Lucknow,Assam,India,2026-04-28
CUST04742,Hema Zachariah,Male,goleadvay@example.com,7220195213,Hospet,Uttar Pradesh,India,2024-10-18
CUST04743,Bhavya Chacko,Female,oben@example.net,6074039976,Srikakulam,Gujarat,India,2021-12-04
CUST04744,Lakshmi Thaman,Male,barkhasaha@example.net,8829492985,Loni,Meghalaya,India,2024-11-30
CUST04745,Tejas Bora,Male,finncontractor@example.org,4460122150,Dhanbad,Uttarakhand,India,2022-01-27
CUST04746,Banjeet Bansal,Female,jmanda@example.com,9955019436,Junagadh,Sikkim,India,2025-08-15
CUST04747,Naksh Ravi,Male,sdora@example.net,0849795096,Karawal Nagar,Odisha,India,2022-05-14
CUST04748,Jackson Barman,Male,rtandon@example.com,4734994307,Mahbubnagar,Telangana,India,2023-03-16
CUST04749,Charvi Sarma,Male,ekiyadey@example.com,3209604589,Bhimavaram,Haryana,India,2024-03-11
CUST04750,Vasudha Lad,Female,lakshmi77@example.net,9466162672,Pudukkottai,Maharashtra,India,2025-04-29
CUST04751,Yashica Chahal,Female,tamannanazareth@example.org,3836001404,Erode,Nagaland,India,2024-12-13
CUST04752,Anthony Uppal,Female,xsarna@example.org,7180907244,Srinagar,Sikkim,India,2024-07-28
CUST04753,Laksh Sengupta,Male,bhavikaprakash@example.net,9484432515,Avadi,Arunachal Pradesh,India,2025-09-20
CUST04754,Yachana Bhattacharyya,Female,inaidu@example.com,1541607420,Noida,Meghalaya,India,2025-01-29
CUST04755,Yagnesh Nayar,Female,manisiya@example.org,9733621267,Jehanabad,Uttar Pradesh,India,2021-12-15
CUST04756,Samaksh Chaudhuri,Female,darazansi@example.org,4220174990,Alappuzha,Arunachal Pradesh,India,2025-08-16
CUST04757,Mugdha Barad,Male,sonieesha@example.net,6024940615,Kottayam,Odisha,India,2024-06-01
CUST04758,Tanveer Bose,Female,ikbal45@example.org,7982540387,Dindigul,Meghalaya,India,2023-08-10
CUST04759,Ishita Sachar,Female,vedhika63@example.org,9849735685,Bathinda,Manipur,India,2026-05-04
CUST04760,Azaan Shan,Male,varenyamukhopadhyay@example.net,1402612567,Aligarh,Tamil Nadu,India,2023-04-24
CUST04761,Nakul Tak,Female,ekantika19@example.org,3236061298,Nagpur,Kerala,India,2023-06-12
CUST04762,Ishanvi Kumar,Female,wyattarora@example.org,4921376033,Srinagar,West Bengal,India,2025-04-26
CUST04763,Sanya Comar,Female,urvashidada@example.com,1121142561,Pudukkottai,Chhattisgarh,India,2025-12-30
CUST04764,Dalbir Salvi,Female,lbatra@example.com,2037589580,Guntakal,Sikkim,India,2022-02-07
CUST04765,Krish Rajagopal,Female,kallaamara@example.net,2216412497,Guna,Telangana,India,2024-07-18
CUST04766,Harsh Jaggi,Female,nsangha@example.org,0166339789,Asansol,Goa,India,2024-03-29
CUST04767,Abeer Din,Male,owenraj@example.net,6642952849,Panchkula,Himachal Pradesh,India,2025-07-13
CUST04768,Tripti Talwar,Female,lallapatrick@example.org,5970396457,Visakhapatnam,Kerala,India,2026-01-24
CUST04769,Udarsh Bhardwaj,Male,qmadan@example.org,5929025991,Srinagar,Andhra Pradesh,India,2021-08-16
CUST04770,Mahika Soman,Male,anagy@example.org,8915671067,Gandhidham,Gujarat,India,2023-11-20
CUST04771,Warhi Khosla,Female,menonjairaj@example.org,6028115411,Rewa,Goa,India,2022-09-20
CUST04772,Patrick Lal,Female,azaan43@example.net,9826436057,Aurangabad,Tamil Nadu,India,2025-07-16
CUST04773,Aashi Wagle,Female,talwarkabir@example.com,6887415335,Madhyamgram,Karnataka,India,2024-11-09
CUST04774,Aarav Ganguly,Female,cbajwa@example.org,3883498330,Sultan Pur Majra,Chhattisgarh,India,2021-11-28
CUST04775,Bachittar Bajwa,Male,fmohanty@example.net,7927881236,Noida,Kerala,India,2025-06-16
CUST04776,Dakshesh Sekhon,Male,janya19@example.org,4784992943,Navi Mumbai,Haryana,India,2023-10-07
CUST04777,Vihaan Anne,Male,darshsandhu@example.org,9923537377,New Delhi,Uttarakhand,India,2021-12-28
CUST04778,Neelima Chahal,Male,vasudhapuri@example.org,2200497048,Munger,Goa,India,2025-04-25
CUST04779,Dalaja Bhandari,Male,mallnachiket@example.org,9306370012,Vijayawada,Sikkim,India,2021-08-29
CUST04780,Sara Menon,Female,farajnayak@example.org,0932762459,Noida,Punjab,India,2024-09-23
CUST04781,Arya Chanda,Male,ronithrao@example.net,6414560589,Mehsana,Himachal Pradesh,India,2025-04-02
CUST04782,Isaiah Joshi,Male,xpall@example.org,5790936703,Anand,Sikkim,India,2024-06-17
CUST04783,Chaman Chadha,Female,siddharth33@example.org,6633288846,Mehsana,Tripura,India,2025-09-06
CUST04784,Ekansh Parmar,Female,rajajyoti@example.org,8249620047,Panihati,Goa,India,2023-05-27
CUST04785,Wazir Desai,Female,tchaudhuri@example.net,6121998585,Shimoga,Arunachal Pradesh,India,2023-03-09
CUST04786,Hardik Borra,Female,qkapadia@example.com,7216241525,Madurai,Manipur,India,2026-05-25
CUST04787,Nidra Kar,Male,dakshesh23@example.com,2861098351,Mehsana,Andhra Pradesh,India,2022-05-17
CUST04788,Balvan Oza,Male,chhabrasaumya@example.com,6397023323,Tirunelveli,Haryana,India,2025-02-10
CUST04789,Aachal Mishra,Male,baljiwandin@example.com,8549615712,Bardhaman,Arunachal Pradesh,India,2025-08-16
CUST04790,Qabil Parikh,Female,gdeep@example.com,5095109386,Amritsar,Arunachal Pradesh,India,2025-05-23
CUST04791,Rayaan Chandra,Female,karmaanas@example.com,7477957859,Kumbakonam,Sikkim,India,2021-08-26
CUST04792,Rudra Kashyap,Female,yahvijani@example.com,0471657407,Khammam,Madhya Pradesh,India,2023-11-04
CUST04793,Pratyush Kara,Female,isaac20@example.org,1423109434,Kumbakonam,Gujarat,India,2025-05-15
CUST04794,Amruta Parekh,Male,georgehalder@example.org,4982619685,Deoghar,Arunachal Pradesh,India,2022-05-26
CUST04795,Ekapad Sundaram,Male,aadhya73@example.org,9267332852,Kharagpur,Tripura,India,2025-12-23
CUST04796,Niharika Yohannan,Female,gaurangpradhan@example.com,8109540868,Kota,West Bengal,India,2025-06-26
CUST04797,Gaurang Thakur,Female,abaria@example.com,6902335907,Naihati,Nagaland,India,2022-09-22
CUST04798,Bina Bansal,Male,jaingaurika@example.net,5731241662,Eluru,Uttar Pradesh,India,2026-07-23
CUST04799,Siddharth Dutt,Female,golaoliver@example.com,1308762460,Saharsa,Tripura,India,2025-03-01
CUST04800,Chanchal Batta,Female,mitesh01@example.com,7282117567,Parbhani,Himachal Pradesh,India,2022-05-24
CUST04801,Bhanumati Thakur,Male,ekapad74@example.org,1499846025,Alappuzha,Maharashtra,India,2023-10-21
CUST04802,Gavin Srivastava,Female,isagar@example.com,6749459484,Shimla,Assam,India,2023-03-29
CUST04803,Upasna Chaudhuri,Male,manan11@example.com,6645597793,Visakhapatnam,Uttarakhand,India,2024-11-09
CUST04804,Yasti Handa,Female,janaki88@example.com,7821317064,Mangalore,Maharashtra,India,2022-09-26
CUST04805,Naksh Sheth,Male,kalitalavanya@example.com,7327803573,Jodhpur,Himachal Pradesh,India,2025-10-28
CUST04806,Janani Palan,Female,farhan12@example.net,2460010532,Pudukkottai,West Bengal,India,2023-11-29
CUST04807,Yash Toor,Female,uloke@example.net,1621218171,Tiruvottiyur,Haryana,India,2025-11-10
CUST04808,Nikita Vig,Male,ekantikajhaveri@example.org,3718053595,Satna,Tripura,India,2025-11-04
CUST04809,Laban Butala,Male,eraja@example.net,8549534602,Korba,Chhattisgarh,India,2025-09-14
CUST04810,Upadhriti Chahal,Female,charles94@example.org,9368347256,Raichur,Goa,India,2025-03-05
CUST04811,Kala Goel,Male,tiwarinitara@example.org,6929120575,Pimpri-Chinchwad,Maharashtra,India,2026-02-13
CUST04812,Kamya Mital,Male,iyengardaksha@example.org,2039011222,Raurkela Industrial Township,Tripura,India,2023-06-30
CUST04813,Falan Murty,Male,dugalvrishti@example.org,4686209509,Bidhannagar,Tripura,India,2024-08-28
CUST04814,Andrew Bal,Female,nadkarniforum@example.com,3479662581,Kharagpur,Madhya Pradesh,India,2022-01-31
CUST04815,Om Mukherjee,Male,balanjanani@example.org,1602008775,Bhilai,Arunachal Pradesh,India,2022-06-21
CUST04816,Laban Shankar,Male,ubikakade@example.net,6860940075,Kakinada,Haryana,India,2022-03-02
CUST04817,Harita Subramanian,Male,pkannan@example.net,3126253412,Hyderabad,Sikkim,India,2025-04-18
CUST04818,Om Venkataraman,Female,uchoudhary@example.com,6401578225,Tirunelveli,Tamil Nadu,India,2026-01-12
CUST04819,Samuel Krishnamurthy,Male,dzacharia@example.org,6750801967,Shimla,Maharashtra,India,2026-07-05
CUST04820,Hitesh Mital,Male,januja35@example.org,4184387021,Adoni,Tamil Nadu,India,2025-01-18
CUST04821,Sai Deol,Female,anthony14@example.com,4141425050,Danapur,Madhya Pradesh,India,2026-01-03
CUST04822,Jack Bahl,Female,luthrarishi@example.org,2558573591,Sasaram,Arunachal Pradesh,India,2023-02-15
CUST04823,Diya Arora,Female,yashicanagi@example.com,8458122244,Siliguri,Tripura,India,2021-11-21
CUST04824,Sachi Dave,Female,dev72@example.net,3121665081,Motihari,Odisha,India,2023-10-08
CUST04825,Laban Sridhar,Female,alexanderbajwa@example.net,6724738651,Ahmednagar,Bihar,India,2024-06-12
CUST04826,Ishita Kapadia,Female,tchar@example.net,7993744696,Katni,Nagaland,India,2024-06-26
CUST04827,Vasana Mohan,Female,yutika19@example.com,6058212933,Erode,Kerala,India,2025-05-12
CUST04828,Vansha Bhakta,Female,zrana@example.org,4953792888,Tiruppur,Haryana,India,2023-12-20
CUST04829,Mohini Mani,Female,zraman@example.com,5931903864,Amritsar,Sikkim,India,2025-12-23
CUST04830,Radhika Bains,Female,krishnacharles@example.com,0810208470,Shimla,Himachal Pradesh,India,2025-11-24
CUST04831,Naksh Mistry,Female,mandaljackson@example.org,5813604255,Mahbubnagar,Tripura,India,2026-03-01
CUST04832,Anjali Modi,Male,isaiahkale@example.org,9609317383,Yamunanagar,Andhra Pradesh,India,2025-10-24
CUST04833,Anthony Dada,Female,egill@example.com,2397867710,Haridwar,Uttar Pradesh,India,2023-01-15
CUST04834,Tanvi Sahni,Male,chauhanbarkha@example.com,9870286473,Tumkur,Jharkhand,India,2024-06-23
CUST04835,Amara Pau,Male,eta25@example.org,6504172107,Bhubaneswar,Uttarakhand,India,2025-01-22
CUST04836,Aditya Andra,Male,ektadatta@example.net,9911226276,Machilipatnam,Himachal Pradesh,India,2026-06-19
CUST04837,Shaurya Yogi,Male,baradfinn@example.org,4282232796,Ramgarh,Assam,India,2023-12-15
CUST04838,Yug Mallick,Male,opalan@example.net,6699849311,Tirunelveli,Sikkim,India,2025-03-26
CUST04839,Harshil Panchal,Male,dkhare@example.net,2159443388,Jhansi,Karnataka,India,2024-10-23
CUST04840,Rajata Barman,Male,eborah@example.com,4347314953,Ratlam,Himachal Pradesh,India,2023-06-06
CUST04841,Jeet Venkatesh,Male,lakshmijani@example.net,1540298636,Gandhidham,Uttarakhand,India,2023-02-16
CUST04842,Warjas Wali,Male,wagleneelima@example.org,3223425107,Anantapuram,Gujarat,India,2024-10-27
CUST04843,Yochana Kade,Female,takkeya@example.net,0445094117,Kadapa,Telangana,India,2023-09-30
CUST04844,Gaurika Bava,Male,bjaggi@example.org,4619751862,Bhubaneswar,Assam,India,2024-04-23
CUST04845,Janani Kalla,Female,iboase@example.org,4241696076,Durgapur,West Bengal,India,2025-08-24
CUST04846,Noah Kannan,Female,bassijeremiah@example.org,7163389207,Ajmer,Odisha,India,2023-06-27
CUST04847,Charvi Pillai,Female,nagikavya@example.com,0617508715,Bareilly,Karnataka,India,2024-10-27
CUST04848,Nachiket Aurora,Female,gulatiekiya@example.com,2165003810,Narasaraopet,West Bengal,India,2026-06-17
CUST04849,Qarin Sunder,Male,sahatripti@example.com,6147064836,Bhiwani,Karnataka,India,2026-01-21
CUST04850,Anirudh Mand,Male,oni70@example.net,8530973981,Begusarai,West Bengal,India,2024-02-10
CUST04851,Yamini Viswanathan,Female,chakrika36@example.com,8515834508,Rajkot,Himachal Pradesh,India,2021-10-27
CUST04852,Vrinda Chatterjee,Female,ganeshfaraj@example.org,5132402655,Bhavnagar,Bihar,India,2023-02-17
CUST04853,Krisha Varughese,Male,kkala@example.net,1015081229,Bhind,Tamil Nadu,India,2024-04-25
CUST04854,Mitesh Menon,Male,shivanshdyal@example.org,5371409971,Moradabad,Mizoram,India,2022-07-20
CUST04855,Sachi Ganesh,Female,ubika53@example.org,7612005242,Avadi,Uttarakhand,India,2022-05-20
CUST04856,Mahika Bora,Female,psubramaniam@example.com,3501256725,Delhi,Odisha,India,2024-10-03
CUST04857,Warinder Lanka,Male,shauryavarma@example.net,6006222616,Mehsana,Sikkim,India,2021-07-31
CUST04858,Ucchal Sur,Female,falakravel@example.com,3126770835,Tadipatri,Maharashtra,India,2026-05-29
CUST04859,Wriddhish Sampath,Male,suraomkaar@example.org,0372890972,Pondicherry,Andhra Pradesh,India,2023-08-25
CUST04860,Vincent Mani,Female,vasanasarin@example.net,9709715483,Nagaon,Karnataka,India,2021-09-07
CUST04861,Chakradev Nagar,Female,gunbir02@example.net,1390849790,Howrah,Madhya Pradesh,India,2022-03-09
CUST04862,Ekantika Chokshi,Male,chandmegha@example.net,2307002000,Hospet,Assam,India,2021-10-19
CUST04863,Peter Patil,Female,balveer29@example.net,8741477834,Khammam,Bihar,India,2025-06-15
CUST04864,Samarth Wali,Male,tanvi21@example.net,1477178619,Bijapur,West Bengal,India,2022-03-17
CUST04865,Rishi Master,Female,arjunanand@example.com,0694950574,Jalandhar,Gujarat,India,2025-01-27
CUST04866,Xiti Savant,Male,shankaryash@example.net,5852207115,Ambattur,Meghalaya,India,2023-10-20
CUST04867,Faris More,Female,ioza@example.net,6571206082,Chennai,Andhra Pradesh,India,2023-04-26
CUST04868,Faraj Keer,Female,chaudharihema@example.net,0129595990,Raurkela Industrial Township,Kerala,India,2022-12-15
CUST04869,Anamika Kalita,Male,tripti24@example.com,1979813595,Gangtok,Telangana,India,2022-05-15
CUST04870,William Chadha,Male,wablegaurav@example.com,2475281070,Tirunelveli,Uttarakhand,India,2025-08-20
CUST04871,Jagdish Mitter,Male,bhasingavin@example.org,6036482062,Katihar,Haryana,India,2023-07-08
CUST04872,Nidhi Atwal,Male,jasmit99@example.com,1784673813,Ballia,Odisha,India,2024-04-29
CUST04873,Owen Bhagat,Male,ekavirparsa@example.com,9980575759,Sasaram,West Bengal,India,2026-05-03
CUST04874,Warhi Choudhury,Female,thomasnarayan@example.net,4714719584,Silchar,Arunachal Pradesh,India,2024-08-15
CUST04875,Chaman Bali,Male,finn21@example.org,5224781054,Mango,Meghalaya,India,2024-02-02
CUST04876,Hamsini Barman,Female,bhasinsaumya@example.org,9080502783,Indore,Rajasthan,India,2024-08-29
CUST04877,Odika Sodhi,Female,bahadurjitghosh@example.net,8573059036,Patiala,Uttar Pradesh,India,2021-11-12
CUST04878,Vasana Krishna,Male,yash22@example.org,3160791829,Bhalswa Jahangir Pur,Himachal Pradesh,India,2024-04-05
CUST04879,Balvan Kala,Male,ganeshanay@example.org,7337489504,Jaipur,Goa,India,2025-12-13
CUST04880,Orinder Balan,Female,ozamanbir@example.com,5146232740,Pali,Arunachal Pradesh,India,2024-06-23
CUST04881,Jack Tank,Male,zravi@example.com,8701521383,Begusarai,Himachal Pradesh,India,2022-11-12
CUST04882,Ranveer Mukhopadhyay,Female,anandnakul@example.com,4269813001,Jalgaon,Nagaland,India,2022-02-05
CUST04883,Janaki Sangha,Male,dhruv76@example.com,2997009455,Raurkela Industrial Township,West Bengal,India,2026-04-28
CUST04884,Lohit Deshpande,Female,hpillay@example.org,2474874005,Tadepalligudem,Punjab,India,2024-03-29
CUST04885,Vamakshi Ganguly,Female,pallaikbal@example.org,1433637833,Rajahmundry,Chhattisgarh,India,2025-05-28
CUST04886,Kabir Bandi,Female,pranitchandra@example.org,6900055731,Sambhal,Gujarat,India,2025-09-26
CUST04887,Odika Anne,Male,sampathbalhaar@example.net,3753723716,Nagaon,Chhattisgarh,India,2025-04-09
CUST04888,Ekapad Sami,Male,edhitha80@example.com,4347620099,Shivpuri,Tripura,India,2022-03-30
CUST04889,Ethan Mutti,Female,shenoyanusha@example.org,7457720541,Gangtok,Tripura,India,2022-07-31
CUST04890,Matthew Gara,Female,imaran62@example.com,6371337992,Srikakulam,Andhra Pradesh,India,2024-05-08
CUST04891,Nandini Rout,Female,zmutti@example.net,0168556418,Karaikudi,Gujarat,India,2026-02-17
CUST04892,Anya Ravel,Male,ekiyadivan@example.com,1955693171,Shivpuri,Karnataka,India,2022-06-02
CUST04893,Bahadurjit Khurana,Female,routnaveen@example.com,2705711241,Ambarnath,Maharashtra,India,2026-02-08
CUST04894,Libni Kothari,Female,chavvi36@example.com,8717294581,Vasai-Virar,Andhra Pradesh,India,2023-05-18
CUST04895,Chanakya Dar,Male,sbhatnagar@example.com,8658888748,Kota,Tamil Nadu,India,2023-01-26
CUST04896,Aarav Rau,Male,cgokhale@example.org,5643543952,Singrauli,Haryana,India,2025-08-19
CUST04897,Aadi Mohan,Male,somanbaljiwan@example.com,5885439808,Thanjavur,Himachal Pradesh,India,2024-05-27
CUST04898,Karan Nanda,Male,lekha13@example.org,1493130196,Malda,Meghalaya,India,2023-02-09
CUST04899,Zansi Sood,Male,shuklavasudha@example.org,7518604150,Agartala,Rajasthan,India,2022-05-17
CUST04900,Imaran Kale,Female,epillai@example.net,6020546918,Jorhat,Rajasthan,India,2023-11-04
CUST04901,Inaya Setty,Male,bobalvamakshi@example.net,5123656031,Malda,Chhattisgarh,India,2022-08-28
CUST04902,Garima Dube,Male,amol38@example.com,2497936836,Ambarnath,Bihar,India,2025-07-28
CUST04903,Mahika Chadha,Male,ldewan@example.org,3102173068,Satna,Goa,India,2025-03-01
CUST04904,Rachit Rau,Female,ishaan45@example.net,9859111180,Katni,West Bengal,India,2025-12-17
CUST04905,Caleb Gaba,Male,maanas17@example.com,9854493763,Sambhal,Himachal Pradesh,India,2026-02-20
CUST04906,Falguni Swaminathan,Female,darshsabharwal@example.net,3410309041,Lucknow,Goa,India,2022-05-11
CUST04907,Triya Bose,Male,mugdhadash@example.com,1309591773,Allahabad,Uttar Pradesh,India,2023-11-10
CUST04908,Warda Thaker,Male,radha90@example.org,7371298645,Rampur,Meghalaya,India,2021-10-19
CUST04909,Lekha Kakar,Female,rishidua@example.net,9560916261,Siliguri,Maharashtra,India,2024-02-14
CUST04910,Aarnav Parmer,Male,tandonchanakya@example.com,6649129124,Bally,Arunachal Pradesh,India,2023-03-03
CUST04911,Warhi Buch,Male,etaneja@example.org,7386966318,Muzaffarpur,Telangana,India,2021-08-11
CUST04912,Yochana Chada,Female,urishilla84@example.net,7219327360,Bhilwara,Himachal Pradesh,India,2025-01-30
CUST04913,Pranit Sharaf,Male,ansh64@example.org,8397420327,Kumbakonam,Uttarakhand,India,2026-05-31
CUST04914,Naveen Bhatt,Male,yadaviswamy@example.com,9057219838,Narasaraopet,Nagaland,India,2025-03-04
CUST04915,Chakradev Sood,Female,warhimaharaj@example.org,9289065321,Madurai,Gujarat,India,2022-09-18
CUST04916,Ekbal Bandi,Female,ucchal62@example.com,7313040861,North Dumdum,Uttarakhand,India,2023-10-13
CUST04917,Ishita Hayer,Male,srout@example.net,1490475017,Jhansi,Goa,India,2021-08-13
CUST04918,Vedika Srivastava,Male,samesh76@example.com,1225887370,Farrukhabad,Assam,India,2025-04-20
CUST04919,Yadavi Dhawan,Male,aarushkala@example.org,9746628371,Ratlam,Assam,India,2022-11-27
CUST04920,Tanmayi Karpe,Female,mahikayogi@example.org,7116188573,Bhiwandi,Rajasthan,India,2023-02-27
CUST04921,Jalsa Lanka,Female,comardayita@example.net,4505809516,Chandrapur,Jharkhand,India,2021-09-11
CUST04922,Kavya Gandhi,Female,kulkarninoah@example.com,4116413849,Karimnagar,Karnataka,India,2026-02-17
CUST04923,Divya Chaudhry,Male,qsastry@example.com,4877450159,Aurangabad,Meghalaya,India,2025-11-10
CUST04924,Lohit Nayak,Male,dkarnik@example.org,0888075597,Silchar,Uttarakhand,India,2024-11-18
CUST04925,Lila Parmar,Male,toorchakradev@example.com,9695375599,Agartala,Chhattisgarh,India,2024-09-06
CUST04926,Ijaya Prabhakar,Male,urvashi45@example.net,5999938695,Patiala,Gujarat,India,2026-05-25
CUST04927,Yashawini Pai,Female,jyotigole@example.org,2695840195,Hazaribagh,Chhattisgarh,India,2022-12-01
CUST04928,Zaitra Deshmukh,Male,jlal@example.com,6413475856,Tenali,Karnataka,India,2021-08-14
CUST04929,Madhavi Prasad,Female,janyanayak@example.org,8381557178,Purnia,Telangana,India,2022-01-03
CUST04930,Yatin Contractor,Female,avirau@example.com,5312019852,Bathinda,Assam,India,2021-09-12
CUST04931,Isha Srivastava,Female,yuvrajray@example.org,8705957910,Thrissur,Assam,India,2024-08-03
CUST04932,Ekanta Radhakrishnan,Male,matthew24@example.net,3573012590,Bikaner,Madhya Pradesh,India,2026-05-16
CUST04933,Laban Dutt,Female,krishabdul@example.org,5365061381,Uluberia,Uttarakhand,India,2024-12-07
CUST04934,Tripti Nagar,Male,ranveersarma@example.org,7981474611,Gopalpur,Punjab,India,2023-04-16
CUST04935,Chanchal Choudhary,Male,champak78@example.net,4092102901,Mangalore,Chhattisgarh,India,2022-02-09
CUST04936,Yug Cheema,Male,nimratwagle@example.com,2688980279,Kanpur,Bihar,India,2021-12-14
CUST04937,Lavanya Pillay,Female,dugalojas@example.com,3315372783,Rajahmundry,Madhya Pradesh,India,2022-09-30
CUST04938,Laban Majumdar,Female,pandyakrishna@example.com,2213887019,Tadepalligudem,Chhattisgarh,India,2024-06-13
CUST04939,Forum Kale,Female,varmahemang@example.net,6041948217,Pondicherry,Himachal Pradesh,India,2022-08-08
CUST04940,Kiaan Dayal,Female,sahotavansha@example.org,9586605333,Kamarhati,Madhya Pradesh,India,2024-01-12
CUST04941,Balvan Karnik,Female,jagviseshadri@example.org,3524209641,Ranchi,Gujarat,India,2024-02-24
CUST04942,Lakshmi Varghese,Male,tripti68@example.com,7534452944,Fatehpur,Goa,India,2024-04-29
CUST04943,Champak Uppal,Female,sodhiaahana@example.org,1634708118,Siliguri,Assam,India,2022-01-10
CUST04944,Adya Patel,Female,zarnamodi@example.org,1701400398,Ujjain,Jharkhand,India,2023-09-19
CUST04945,Warhi Tripathi,Female,gaurika32@example.org,8186886617,Kota,Odisha,India,2025-09-27
CUST04946,Eesha Jayaraman,Female,mitteraachal@example.com,6228254811,Kottayam,Punjab,India,2025-03-27
CUST04947,Rishi Pathak,Female,lankadarpan@example.net,7601809368,Loni,Telangana,India,2023-01-27
CUST04948,Chandresh Suresh,Male,sundaramvanya@example.com,1052334142,Hyderabad,Meghalaya,India,2021-09-14
CUST04949,Ubika Sha,Male,bhagatharsh@example.com,7775217928,Nagpur,Assam,India,2024-06-10
CUST04950,Meghana Gopal,Female,usachdev@example.net,1648117997,Anantapur,Odisha,India,2025-01-06
CUST04951,Qasim Divan,Male,nbhatnagar@example.org,3248921667,Kirari Suleman Nagar,Gujarat,India,2024-08-06
CUST04952,Zayyan Cheema,Female,ishaan94@example.com,5936720176,Bhiwani,Karnataka,India,2022-04-09
CUST04953,Bhavika Murthy,Male,nitarakarnik@example.org,6530323331,Navi Mumbai,Meghalaya,India,2023-04-09
CUST04954,Neelima Nigam,Female,jalsaedwin@example.net,3569966613,Gulbarga,Tamil Nadu,India,2022-02-15
CUST04955,Eshana Cherian,Female,fiyaz63@example.com,1664662591,Jodhpur,Nagaland,India,2025-01-23
CUST04956,Sara Dara,Female,prishadugar@example.com,0942065736,Thane,Madhya Pradesh,India,2026-06-28
CUST04957,Matthew Khatri,Male,shivani10@example.net,3332546676,Erode,Assam,India,2022-11-28
CUST04958,Ishanvi Anne,Male,hgala@example.net,3049417942,Satara,Telangana,India,2023-04-13
CUST04959,Yuvraj Luthra,Male,chadabhanumati@example.org,2839790092,Pune,Karnataka,India,2024-05-31
CUST04960,Nisha Kapoor,Female,wramakrishnan@example.org,8331867930,Raipur,Madhya Pradesh,India,2021-11-12
CUST04961,Dayita Nigam,Male,nidhi40@example.org,4702442789,Adoni,Uttarakhand,India,2023-10-28
CUST04962,Dhruv Upadhyay,Female,jagatseshadri@example.org,7224326332,Phusro,Odisha,India,2023-07-13
CUST04963,Ucchal Shroff,Female,noahsridhar@example.org,6075261632,Loni,Haryana,India,2024-01-24
CUST04964,Om Narang,Female,bpillay@example.org,1949465663,Medininagar,Kerala,India,2023-02-03
CUST04965,Ranveer Dutta,Female,mekhalasrinivas@example.org,4576288660,Shimoga,Chhattisgarh,India,2022-09-16
CUST04966,Aadhya Sama,Female,eseshadri@example.net,0762166215,Coimbatore,Kerala,India,2024-02-12
CUST04967,Siya Kapoor,Female,anikabava@example.org,5470639299,Ballia,Tamil Nadu,India,2025-11-04
CUST04968,Divya Devan,Female,grewalvritti@example.org,6876262045,Burhanpur,Tripura,India,2025-07-20
CUST04969,Rachit Pradhan,Female,odika21@example.com,4065723960,Bally,Assam,India,2025-09-16
CUST04970,Mekhala Anand,Male,karansamar@example.net,2655940360,Kadapa,Odisha,India,2026-05-06
CUST04971,Vivaan Bassi,Male,tellaaarav@example.com,6616980968,Giridih,Meghalaya,India,2023-12-13
CUST04972,Zashil Choudhry,Male,balakrishnanvyanjana@example.com,1986122904,Avadi,Chhattisgarh,India,2022-10-03
CUST04973,Chameli Ray,Female,urvi39@example.com,7282684041,Sonipat,Tripura,India,2022-01-25
CUST04974,Dayamai Balasubramanian,Female,gandhijhalak@example.org,3438181042,Panihati,Nagaland,India,2025-06-07
CUST04975,Jeremiah Shroff,Female,waliayash@example.com,5020246373,Gandhinagar,Sikkim,India,2023-03-24
CUST04976,Hamsini Edwin,Male,lmishra@example.com,5651609842,Davanagere,Gujarat,India,2023-05-16
CUST04977,Chaman Purohit,Female,cchaudhari@example.com,6373611660,Amritsar,Haryana,India,2026-02-07
CUST04978,Dominic Hora,Female,udarsh17@example.com,3820655862,Bareilly,Sikkim,India,2023-07-19
CUST04979,Wishi Morar,Male,harrison92@example.org,4446695396,Aurangabad,Arunachal Pradesh,India,2025-12-09
CUST04980,Saksham Deshmukh,Male,atharv29@example.org,6805440188,Malegaon,Himachal Pradesh,India,2024-08-25
CUST04981,Anthony Parmar,Male,floyal@example.org,7214733779,Amravati,Mizoram,India,2024-06-21
CUST04982,Yashasvi Khanna,Female,agateansh@example.net,8047190239,Sasaram,Tamil Nadu,India,2023-12-20
CUST04983,Amrita Om,Female,imahal@example.com,8055605633,Bhagalpur,Goa,India,2026-07-15
CUST04984,Amol Natarajan,Female,krish82@example.com,3547911040,South Dumdum,Haryana,India,2026-06-09
CUST04985,Triya Memon,Female,orinder88@example.com,4605283468,Saharsa,Maharashtra,India,2022-01-28
CUST04986,Manya Bhatnagar,Male,veda09@example.net,8573869002,Bhiwani,Sikkim,India,2022-07-16
CUST04987,Ranveer Gour,Female,deshmukhharita@example.com,4651321067,Ghaziabad,Tripura,India,2024-01-14
CUST04988,Vidhi Nori,Male,kurianupkaar@example.org,0643082808,Pondicherry,West Bengal,India,2023-02-27
CUST04989,Viraj Doshi,Male,kotavedika@example.org,2448311760,Khandwa,Jharkhand,India,2025-03-22
CUST04990,Ekanta Kamdar,Female,balvanverma@example.com,9249107872,Udaipur,Jharkhand,India,2023-07-26
CUST04991,Jackson Nayar,Female,varenyarandhawa@example.net,1734262628,Gangtok,Meghalaya,India,2023-06-20
CUST04992,Champak Bora,Male,ukonda@example.org,4628903234,Vijayawada,Andhra Pradesh,India,2026-04-26
CUST04993,Benjamin Varghese,Male,zilmilkata@example.org,5723016381,Sri Ganganagar,Karnataka,India,2022-07-10
CUST04994,Jai Chanda,Male,neelmohan@example.net,0601224982,Jhansi,Telangana,India,2025-11-07
CUST04995,Jeevika Mann,Female,kbalasubramanian@example.net,6471872500,Ozhukarai,Chhattisgarh,India,2023-05-15
CUST04996,Pushti Sandhu,Female,asahni@example.com,0661702868,Ambala,Sikkim,India,2024-01-05
CUST04997,Vritti Srinivasan,Female,vidhiprakash@example.net,9716147162,Guntur,Odisha,India,2022-05-13
CUST04998,Liam Gola,Male,echanda@example.net,6766260855,Jamnagar,Andhra Pradesh,India,2023-10-06
CUST04999,Onkar Halder,Male,ghayre@example.org,5804147467,Chandigarh,Gujarat,India,2023-03-07
CUST05000,Warhi Tara,Male,waliyagnesh@example.com,4364222654,Nizamabad,Tripura,India,2021-12-09
CUST05001,Yoshita Parsa,Female,ramadya@example.com,9895304142,Farrukhabad,Maharashtra,India,2023-03-31
CUST05002,Wazir Brahmbhatt,Female,damyanti74@example.org,6562697737,Kamarhati,Uttarakhand,India,2023-08-09
CUST05003,Farhan Goda,Male,fradokalita@example.net,9861318143,Kamarhati,Karnataka,India,2021-12-11
CUST05004,Harrison Gour,Female,tatatripti@example.net,8036502504,Rourkela,Uttarakhand,India,2024-12-08
CUST05005,Alka Nadkarni,Female,rajata58@example.org,0618563223,Dehradun,Uttarakhand,India,2022-09-15
CUST05006,Aadhya Doctor,Male,timothy64@example.net,1753365403,Solapur,Nagaland,India,2023-12-27
CUST05007,Daksha Chhabra,Female,rraj@example.org,6088126410,Bidhannagar,Uttar Pradesh,India,2022-04-15
CUST05008,Samesh Wagle,Male,xsen@example.org,1441640024,Indore,Manipur,India,2023-10-14
CUST05009,Utkarsh Purohit,Female,upadhyaybaljiwan@example.net,9643630265,Mango,Bihar,India,2024-12-18
CUST05010,Warjas Om,Male,wyattthaker@example.net,5348861669,Dibrugarh,Manipur,India,2022-10-02
CUST05011,Yutika Cherian,Female,vaidyajhalak@example.net,0935365243,Jammu,Nagaland,India,2025-10-24
CUST05012,Max Muni,Male,kulkarniidika@example.org,6778607980,Khora ,Meghalaya,India,2025-12-20
CUST05013,Nisha Krishnan,Female,aariniratta@example.com,3067126793,Bhiwani,Karnataka,India,2023-03-09
CUST05014,Sneha Lal,Female,pallavi21@example.com,4769120298,Haridwar,Haryana,India,2026-05-23
CUST05015,Sanaya Chakrabarti,Male,chaayakaul@example.com,3335233193,Bhind,Sikkim,India,2026-07-16
CUST05016,Damini Wason,Male,harshchahal@example.com,6554982312,Sasaram,West Bengal,India,2024-01-04
CUST05017,Krish Sharaf,Male,sandalnidhi@example.net,2802928291,Bhimavaram,Himachal Pradesh,India,2026-01-06
CUST05018,Jeremiah Chaudhuri,Male,ldevi@example.net,5403232474,Barasat,Karnataka,India,2025-12-28
CUST05019,Udant Reddy,Male,hemaswaminathan@example.org,9439930597,North Dumdum,Meghalaya,India,2021-10-07
CUST05020,Ekavir Mani,Female,ldevi@example.org,9036639007,Akola,Meghalaya,India,2024-07-12
CUST05021,Wakeeta Ramaswamy,Male,oommenharinakshi@example.org,9418023060,Jehanabad,Jharkhand,India,2022-06-25
CUST05022,Neha Mangat,Female,vidhi47@example.com,9761332117,Jaunpur,Meghalaya,India,2023-05-03
CUST05023,Chandani Pandey,Female,chatterjeeleena@example.com,0954011129,Rourkela,Madhya Pradesh,India,2023-03-27
CUST05024,Gaurika Rastogi,Male,bhavnacheema@example.org,9204933821,Agra,Sikkim,India,2023-09-28
CUST05025,Noah Gokhale,Female,yashvi08@example.org,7609901759,Salem,Manipur,India,2023-02-18
CUST05026,Falan Rajan,Male,tatafaqid@example.net,6928045454,Mirzapur,Meghalaya,India,2022-07-26
CUST05027,Riya Rao,Male,randhawasai@example.com,1096050608,Jehanabad,Karnataka,India,2023-12-21
CUST05028,Dhriti Sarna,Female,sampathgauri@example.org,3132200108,Jamalpur,Kerala,India,2023-03-13
CUST05029,Janaki Sarkar,Female,jiyer@example.org,0630184498,Morena,Tamil Nadu,India,2023-04-09
CUST05030,Zansi Bajwa,Male,neel18@example.com,7629854208,Amravati,Uttarakhand,India,2023-06-14
CUST05031,Chameli Korpal,Female,jagvimisra@example.org,4161462164,Kottayam,Mizoram,India,2025-01-13
CUST05032,Qushi Bobal,Female,ucchalrastogi@example.com,8173529670,Nagaon,Rajasthan,India,2023-12-20
CUST05033,Rudra Kant,Male,nitesh35@example.org,9756184404,Khora ,Telangana,India,2024-10-20
CUST05034,Harsh Balakrishnan,Male,garima90@example.com,7891676468,Panvel,Manipur,India,2022-01-22
CUST05035,Kalpit Manne,Female,zdhaliwal@example.net,9429877758,Morena,Assam,India,2023-09-14
CUST05036,Samesh Sethi,Female,warhi88@example.org,7432426208,Satna,Uttar Pradesh,India,2021-10-31
CUST05037,Faras Bhardwaj,Male,oeshi32@example.net,6917441662,Moradabad,Meghalaya,India,2023-12-13
CUST05038,Nilima Jaggi,Female,udoctor@example.org,7784947459,Pimpri-Chinchwad,West Bengal,India,2025-03-10
CUST05039,Kala Aggarwal,Male,jalsabalay@example.com,2898120986,Bangalore,Assam,India,2024-08-21
CUST05040,Atharv Bhandari,Female,chanchalmani@example.net,7742716963,Sasaram,Karnataka,India,2023-11-04
CUST05041,Abeer Jhaveri,Male,arjunchand@example.com,6171505803,Jalandhar,Bihar,India,2026-01-12
CUST05042,Vrishti Borra,Female,bhavinikapadia@example.com,2918752090,Satara,Jharkhand,India,2022-11-12
CUST05043,Harshil Suri,Female,sanayamody@example.com,3019158848,Vadodara,West Bengal,India,2024-10-09
CUST05044,Eta Hans,Male,yatin17@example.org,6396775985,Uluberia,Jharkhand,India,2023-02-19
CUST05045,Faraj Johal,Male,prishagade@example.net,8829968822,Kadapa,Uttar Pradesh,India,2024-12-05
CUST05046,Gayathri Patla,Male,parmerirya@example.com,8925295292,Saharsa,Gujarat,India,2024-08-27
CUST05047,Aditya Puri,Male,maanavcontractor@example.com,9172357347,Bettiah,Uttar Pradesh,India,2023-04-23
CUST05048,Wridesh Arya,Male,petergarde@example.org,0700451802,Barasat,Uttarakhand,India,2024-05-20
CUST05049,Mohini Sarma,Male,salvigauri@example.net,0831549851,Madanapalle,Chhattisgarh,India,2022-09-23
CUST05050,Balvan Goda,Female,narangjanya@example.org,2533278917,Eluru,Rajasthan,India,2026-04-19
CUST05051,Madhavi Pradhan,Male,prabhakarranveer@example.net,1771531345,Morbi,Tamil Nadu,India,2022-12-15
CUST05052,Saksham Bhatia,Male,duttasai@example.org,4587951448,Kollam,Kerala,India,2022-06-01
CUST05053,Ekta Kala,Female,jackson89@example.com,8885938476,Bijapur,Goa,India,2025-06-12
CUST05054,Patrick Swamy,Male,puriojasvi@example.com,8320191672,Bokaro,Meghalaya,India,2023-04-14
CUST05055,Varsha Khalsa,Male,avi05@example.com,3644900488,Bhind,Haryana,India,2025-11-17
CUST05056,Bahadurjit Shetty,Male,ukakar@example.org,0584001615,Bhilai,Tamil Nadu,India,2024-08-22
CUST05057,Bhavna Hegde,Female,ikshita16@example.net,7490672678,Tiruvottiyur,Punjab,India,2024-01-08
CUST05058,Samesh Rana,Female,varkeythomas@example.com,2243106300,Allahabad,Madhya Pradesh,India,2023-04-24
CUST05059,Yashawini Rastogi,Female,wishi20@example.net,3669850816,Bally,Bihar,India,2023-04-21
CUST05060,Riya Mannan,Male,venkataramanhardik@example.org,9844441948,Thane,Kerala,India,2022-04-18
CUST05061,Hritik Sundaram,Male,draman@example.net,9459723225,Korba,Haryana,India,2026-03-20
CUST05062,Rishi Bath,Male,lila17@example.org,8262710744,Dehri,Arunachal Pradesh,India,2023-06-05
CUST05063,Varenya Joshi,Male,nilima00@example.org,6324805560,Ujjain,Punjab,India,2021-09-29
CUST05064,Isha Venkatesh,Female,hemamodi@example.com,8590814611,Kamarhati,Nagaland,India,2023-12-09
CUST05065,Azaan Bhatnagar,Male,tamannanagy@example.com,4867490031,Ujjain,Rajasthan,India,2025-09-15
CUST05066,Nikita Varughese,Male,forum89@example.com,8634393552,Allahabad,Andhra Pradesh,India,2023-09-30
CUST05067,William Dass,Male,harrison23@example.net,8421094707,Jamalpur,Maharashtra,India,2025-11-05
CUST05068,Oviya Bhatti,Male,jagvi20@example.org,8027049042,Vadodara,Odisha,India,2022-04-21
CUST05069,Peter Nanda,Male,kaurvinaya@example.com,2521173252,Indore,Kerala,India,2025-06-25
CUST05070,Tara Subramanian,Male,hbhargava@example.com,7479471333,Gaya,Rajasthan,India,2023-02-19
CUST05071,Darpan Walia,Female,parthsachdev@example.org,9471677573,Imphal,Uttarakhand,India,2025-01-28
CUST05072,Aradhana Ravi,Female,aryannatarajan@example.org,0482854827,Hospet,Sikkim,India,2024-01-09
CUST05073,Samuel Anne,Male,shanazad@example.com,5825233162,Jehanabad,Maharashtra,India,2026-02-15
CUST05074,Lipika Korpal,Male,iraganesh@example.org,8810719536,Nellore,Punjab,India,2021-12-09
CUST05075,Aachal Tripathi,Female,golawarhi@example.com,3760645172,Hosur,Rajasthan,India,2022-04-22
CUST05076,Tamanna Chandra,Male,oscarrege@example.org,3237069538,Dehri,Tamil Nadu,India,2026-01-25
CUST05077,Lakshit Sibal,Male,smand@example.net,7199556306,Thrissur,Bihar,India,2026-02-02
CUST05078,Ronith Kari,Male,jyotitalwar@example.net,7499569665,Amroha,Meghalaya,India,2023-02-17
CUST05079,Advay Bhat,Female,johalpushti@example.net,1200848959,Ambala,Jharkhand,India,2025-06-28
CUST05080,Girindra Ramakrishnan,Male,gauribumb@example.org,6417598209,Aurangabad,Telangana,India,2021-10-07
CUST05081,Samarth Datta,Male,kshah@example.com,3535845736,Maheshtala,Tamil Nadu,India,2024-03-16
CUST05082,Jonathan Nagarajan,Female,lzacharia@example.net,5536082111,Sagar,Tamil Nadu,India,2022-04-04
CUST05083,Manya Aurora,Male,tanvikaran@example.net,0478274065,Motihari,Odisha,India,2024-08-06
CUST05084,Eesha Shetty,Male,iparekh@example.com,4311752232,Sultan Pur Majra,Karnataka,India,2022-02-13
CUST05085,David Dass,Female,goyalrohan@example.com,0570487038,Barasat,Nagaland,India,2025-11-20
CUST05086,Lajita Sani,Male,unnati59@example.net,5063475594,Thane,Sikkim,India,2023-06-16
CUST05087,Bahadurjit Kumer,Male,radhachandran@example.org,9963784078,Nagercoil,Andhra Pradesh,India,2025-03-01
CUST05088,Aditya Bhat,Male,pnagarajan@example.com,2742105344,Jamnagar,Haryana,India,2025-03-26
CUST05089,Divya Kapur,Male,riyengar@example.net,4246733097,Pudukkottai,Telangana,India,2026-03-11
CUST05090,Kashvi Dugar,Male,basaktarak@example.org,7210281132,Sirsa,Meghalaya,India,2023-05-26
CUST05091,Owen Dayal,Female,hmenon@example.org,2335813575,Ongole,Gujarat,India,2023-11-25
CUST05092,Samar Puri,Female,dmitter@example.org,3952168989,Vijayanagaram,Maharashtra,India,2024-04-30
CUST05093,Chanakya Kalla,Male,madhavmohanty@example.com,5687940887,Raurkela Industrial Township,Sikkim,India,2022-10-19
CUST05094,Radha Vala,Male,buchlakshit@example.net,6864502259,Guntur,Arunachal Pradesh,India,2022-03-27
CUST05095,William Dugal,Male,barora@example.com,3298804595,Warangal,Odisha,India,2026-03-24
CUST05096,Ojasvi Brar,Male,qushi27@example.net,4708106304,Ramgarh,Goa,India,2024-11-29
CUST05097,Balendra Thaman,Female,bmukherjee@example.net,1149387826,Gorakhpur,Madhya Pradesh,India,2023-02-13
CUST05098,Jeevika Mandal,Female,ambleharish@example.net,9607690060,Kanpur,Himachal Pradesh,India,2023-10-13
CUST05099,Samarth Sachdeva,Male,sethkabir@example.net,8986618570,Mysore,Andhra Pradesh,India,2023-05-17
CUST05100,Xavier Sama,Male,bmohan@example.com,2099156711,Jehanabad,Manipur,India,2021-12-07
CUST05101,Vrishti Deep,Male,apteagastya@example.com,5801767035,Noida,Manipur,India,2025-12-08
CUST05102,Hemal Kara,Female,chakrika16@example.org,4671422530,Medininagar,Tamil Nadu,India,2024-12-28
CUST05103,Noah Lall,Female,jagatsrinivas@example.org,0315086444,Shimoga,Arunachal Pradesh,India,2023-08-24
CUST05104,Geetika Karan,Female,kalpit37@example.net,8020371034,Nagpur,Meghalaya,India,2025-06-28
CUST05105,Bimala Choudhury,Female,yoshita72@example.net,8626691169,Deoghar,Chhattisgarh,India,2023-01-10
CUST05106,Keya Naidu,Male,qdyal@example.org,5202853115,Malegaon,Sikkim,India,2024-08-19
CUST05107,Ekani Kant,Female,yastivarkey@example.com,5914026294,Guwahati,Rajasthan,India,2025-11-28
CUST05108,Abeer Murthy,Male,mohammedhayre@example.org,3996665881,Burhanpur,Uttarakhand,India,2022-10-29
CUST05109,Leena Sibal,Male,bdoshi@example.com,8104832746,Madurai,Sikkim,India,2022-10-09
CUST05110,Pranit Khurana,Male,jyotidhingra@example.com,6057566988,Varanasi,Chhattisgarh,India,2024-01-15
CUST05111,Adweta Buch,Male,gauravchander@example.net,0780181607,Rajpur Sonarpur,Gujarat,India,2021-11-04
CUST05112,Eta Khanna,Female,wgrover@example.org,7218688591,Bettiah,Goa,India,2023-08-27
CUST05113,Ganga Prasad,Female,lbajaj@example.org,3668065586,Kadapa,Haryana,India,2026-07-22
CUST05114,Jonathan Deo,Female,azaan85@example.org,3595224009,Rajpur Sonarpur,Meghalaya,India,2022-01-14
CUST05115,Hemang Sarna,Male,ajayaraman@example.net,3895059591,Bareilly,Nagaland,India,2026-04-16
CUST05116,Rehaan Jaggi,Female,nishabedi@example.net,2900745382,Arrah,Karnataka,India,2022-07-12
CUST05117,Kashvi Warrior,Male,mananjani@example.com,5740819713,Shahjahanpur,Tamil Nadu,India,2025-11-16
CUST05118,Vincent Pandya,Male,dixitabhimanyu@example.net,2695495436,Tirupati,Madhya Pradesh,India,2021-09-06
CUST05119,Waida Bhattacharyya,Female,matthew39@example.org,9743316435,Hazaribagh,Odisha,India,2022-04-12
CUST05120,Leela Pau,Female,urvashi69@example.net,8984611655,Jammu,Maharashtra,India,2025-07-26
CUST05121,Darika Bains,Female,patrick84@example.com,9048390000,Tinsukia,Maharashtra,India,2023-05-29
CUST05122,Waida Sharaf,Female,vivaan51@example.net,7764613912,Khandwa,Uttarakhand,India,2026-07-21
CUST05123,Elijah Patla,Female,luthraanjali@example.com,3766437468,Salem,Odisha,India,2025-11-07
CUST05124,Faraj Kapoor,Male,johalunnati@example.com,0892600459,Vasai-Virar,Jharkhand,India,2022-08-30
CUST05125,Xiti Chakraborty,Female,fariq45@example.com,1097659059,Saharanpur,West Bengal,India,2024-07-06
CUST05126,Daniel Rajan,Female,gaurang45@example.org,1395997587,Jalandhar,Gujarat,India,2023-07-19
CUST05127,Advika Sharaf,Male,arin96@example.org,8947927074,Hajipur,Meghalaya,India,2023-05-08
CUST05128,Rajata Chaudhary,Male,anirudhkoshy@example.net,5121762531,Bharatpur,Telangana,India,2025-02-16
CUST05129,Teerth Saha,Female,imajumdar@example.com,4449447427,Dharmavaram,Uttarakhand,India,2023-11-23
CUST05130,Isaiah Deep,Female,sudikshasem@example.org,8467334325,Chennai,Goa,India,2023-02-11
CUST05131,Ridhi Agrawal,Female,fdayal@example.com,8179375886,Vellore,Andhra Pradesh,India,2025-08-04
CUST05132,Jyoti Kala,Male,luke49@example.org,6971011198,Kanpur,Kerala,India,2025-08-11
CUST05133,Luke Rana,Male,osaraf@example.org,4078076068,Thiruvananthapuram,Bihar,India,2024-03-08
CUST05134,Chaitanya Saxena,Male,anmol76@example.net,2062454739,Eluru,Andhra Pradesh,India,2024-12-20
CUST05135,Keya Kumar,Male,chakradevsalvi@example.com,6189401612,Bhimavaram,Jharkhand,India,2022-05-02
CUST05136,Sai Dhillon,Male,kalaudyati@example.org,2412172301,Jaipur,Chhattisgarh,India,2022-10-31
CUST05137,Ekalinga Nadig,Male,thakkaromkaar@example.com,2360307300,Siliguri,Goa,India,2025-06-26
CUST05138,David Nadig,Male,damini63@example.com,6304590761,Gangtok,Tamil Nadu,India,2024-09-10
CUST05139,Kavya Desai,Female,bkamdar@example.net,7025368884,Warangal,Madhya Pradesh,India,2023-04-20
CUST05140,Tanish Pandit,Male,barkhachandra@example.net,5623046844,Kolhapur,Manipur,India,2023-09-12
CUST05141,Ridhi Shenoy,Female,kashish03@example.net,4197613458,Khora ,West Bengal,India,2026-01-14
CUST05142,Ishaan Badami,Male,jalsa71@example.org,8369086324,Guntur,Rajasthan,India,2022-10-02
CUST05143,Bhavani Bobal,Male,fbadal@example.org,2004535239,Bhubaneswar,Kerala,India,2021-11-07
CUST05144,Rushil Som,Female,zilmilravi@example.org,6011176372,Mira-Bhayandar,Chhattisgarh,India,2022-02-05
CUST05145,Garima Tandon,Male,tanish52@example.net,1685185755,Thoothukudi,Meghalaya,India,2026-03-15
CUST05146,Fariq Prakash,Male,sgoswami@example.net,3016434743,Bathinda,Tamil Nadu,India,2026-02-13
CUST05147,Abha Chaudhary,Female,wpant@example.net,4358620885,Hapur,Nagaland,India,2022-03-07
CUST05148,Eshana Randhawa,Female,kprabhakar@example.com,1100890603,Mahbubnagar,Haryana,India,2024-01-08
CUST05149,Finn Rattan,Male,raumaya@example.org,7295092067,Nandyal,Andhra Pradesh,India,2024-07-03
CUST05150,Chatura Chaudhuri,Female,wsethi@example.com,6680245264,Bangalore,Sikkim,India,2026-01-05
CUST05151,Rehaan Mand,Female,dalbir38@example.com,6863145716,Bongaigaon,Maharashtra,India,2024-05-20
CUST05152,Sathvik Purohit,Male,bkaran@example.org,1973792319,Kollam,Madhya Pradesh,India,2024-11-06
CUST05153,Kritika Gupta,Female,dassxiti@example.org,2919404014,Patiala,Arunachal Pradesh,India,2024-09-05
CUST05154,Maya Viswanathan,Male,deshmukhsaanvi@example.net,5204052496,Rampur,Kerala,India,2026-07-23
CUST05155,Rehaan Dasgupta,Male,wyattnanda@example.net,6597495074,Rajkot,Nagaland,India,2024-01-16
CUST05156,Hemang Randhawa,Male,ppadmanabhan@example.com,7420437179,Nadiad,Andhra Pradesh,India,2025-09-28
CUST05157,Alka Chadha,Male,esule@example.com,0977229710,Gurgaon,Assam,India,2022-01-07
CUST05158,Ojasvi Batra,Male,parmertimothy@example.net,3005789996,Tezpur,Tripura,India,2021-09-26
CUST05159,Watika Badal,Male,contractorveda@example.net,8579417797,Jamnagar,Madhya Pradesh,India,2025-02-28
CUST05160,Jack Rattan,Female,hansabhiram@example.net,7177144913,Danapur,Punjab,India,2026-05-15
CUST05161,Chaaya Ghose,Male,ria81@example.net,3453270588,Yamunanagar,Gujarat,India,2022-12-03
CUST05162,Raghav Krishnamurthy,Female,madhav33@example.com,0957582855,Kavali,Tamil Nadu,India,2024-01-10
CUST05163,Rohan Srinivas,Male,timothy21@example.org,8284479093,Thoothukudi,Uttarakhand,India,2024-02-15
CUST05164,Oliver Nadig,Female,galajanuja@example.net,9276105131,Kadapa,Assam,India,2023-06-09
CUST05165,Zayan Kanda,Female,wahabgupta@example.com,3366109465,Ghaziabad,Haryana,India,2024-02-22
CUST05166,Karan Sharma,Male,jkakar@example.net,4515303651,Proddatur,Assam,India,2024-09-12
CUST05167,Mitesh Bobal,Female,ychaudhary@example.com,6395355405,Pune,Haryana,India,2025-08-02
CUST05168,Charles Vaidya,Female,jtak@example.com,4069547487,Fatehpur,Arunachal Pradesh,India,2021-08-05
CUST05169,Ladli Prabhu,Male,darpan77@example.org,8390821572,Ujjain,Jharkhand,India,2022-09-18
CUST05170,Manan Banerjee,Male,nandini66@example.org,4308479602,Kamarhati,Tripura,India,2023-01-14
CUST05171,Varenya Narula,Male,taranagarajan@example.net,0107702021,Ramagundam,Madhya Pradesh,India,2025-12-19
CUST05172,Dayita Varkey,Male,bhatnagarakshay@example.com,7570294978,Berhampore,Nagaland,India,2026-03-20
CUST05173,Tanay Balasubramanian,Male,itank@example.net,5384349209,Jaipur,Maharashtra,India,2021-11-02
CUST05174,Dhriti Edwin,Female,udantgill@example.org,6199297134,Karnal,Kerala,India,2024-08-21
CUST05175,Ekaraj Vala,Male,timothyraghavan@example.com,0867609162,Sikar,Karnataka,India,2025-12-15
CUST05176,Qarin Bhatnagar,Male,deshmukhethan@example.net,1301572455,Tenali,Himachal Pradesh,India,2024-06-19
CUST05177,Raksha Behl,Male,fmuni@example.net,5265036989,Sambhal,Goa,India,2026-04-18
CUST05178,Logan Chada,Female,dakshachopra@example.com,6672868563,Dewas,Uttar Pradesh,India,2023-10-09
CUST05179,Rohan Handa,Male,tvarghese@example.net,5883242811,Pune,West Bengal,India,2024-05-18
CUST05180,Ubika Chopra,Male,jhabanjeet@example.org,0517306481,Anantapur,Gujarat,India,2023-07-29
CUST05181,Karan Naik,Female,bbhandari@example.com,0374366348,Anantapuram,Goa,India,2022-05-14
CUST05182,Indrajit Walla,Male,santonkar@example.com,4955096846,Amroha,Kerala,India,2022-11-10
CUST05183,Anusha Barad,Female,tara48@example.com,7809435167,Aurangabad,Odisha,India,2022-03-02
CUST05184,Harini Ravel,Female,wahabdoctor@example.org,8994127376,Nadiad,Uttarakhand,India,2025-10-06
CUST05185,Lucky Edwin,Female,manichanchal@example.com,6665821287,Jorhat,West Bengal,India,2026-01-16
CUST05186,Manan Maharaj,Male,ekanta23@example.org,2713989668,Jammu,Gujarat,India,2022-09-22
CUST05187,Devika Nagy,Male,kwason@example.org,7089973854,Jabalpur,Odisha,India,2025-12-11
CUST05188,Ekaraj Lanka,Female,iahuja@example.com,7433824524,Naihati,Meghalaya,India,2021-12-07
CUST05189,Hemani Singhal,Male,msami@example.com,9628690472,Korba,Tamil Nadu,India,2022-02-16
CUST05190,Abha Munshi,Female,rachitparikh@example.org,3366426411,Dehri,Manipur,India,2025-07-30
CUST05191,Aadi Luthra,Male,yjohal@example.net,6098538529,Phusro,Nagaland,India,2023-03-09
CUST05192,Shaurya Kale,Female,ksuri@example.org,0565351646,Salem,Jharkhand,India,2022-06-14
CUST05193,Jason Lanka,Male,norichanchal@example.org,8801787963,Kochi,Jharkhand,India,2023-02-19
CUST05194,Aayush Wable,Male,hmurty@example.net,0664829828,Dharmavaram,Madhya Pradesh,India,2023-07-29
CUST05195,Vrinda Muni,Male,bchokshi@example.com,0352878316,Maheshtala,Punjab,India,2023-03-03
CUST05196,Zashil Date,Female,auroramanan@example.net,3343857416,Sultan Pur Majra,Uttarakhand,India,2022-07-27
CUST05197,Dhruv Anand,Female,atalwar@example.net,2528161825,Alappuzha,Karnataka,India,2024-10-27
CUST05198,Avi Deshpande,Female,chatterjeeyashoda@example.net,8327047029,Avadi,Arunachal Pradesh,India,2025-07-03
CUST05199,Balendra Talwar,Female,fmukherjee@example.com,5814825121,Hosur,Himachal Pradesh,India,2026-03-29
CUST05200,Samesh Date,Male,fbains@example.net,4115643704,Kozhikode,Tripura,India,2026-07-16
CUST05201,Yashawini Ratta,Female,gokhalesamaksh@example.com,7130169134,Sasaram,Nagaland,India,2024-07-25
CUST05202,Benjamin Mangat,Female,atharv33@example.org,4238162426,Mehsana,Gujarat,India,2025-10-01
CUST05203,Chavvi Keer,Male,kala26@example.com,5953167172,Alwar,Andhra Pradesh,India,2024-08-06
CUST05204,Liam Swamy,Female,ilall@example.com,2417844833,Lucknow,Rajasthan,India,2023-08-08
CUST05205,Rachita Kurian,Female,baghyawati76@example.com,3703692260,Kavali,Maharashtra,India,2022-09-04
CUST05206,Upma Johal,Female,devmagar@example.com,3268517848,Hazaribagh,Mizoram,India,2024-06-24
CUST05207,Finn Sidhu,Male,lraghavan@example.net,0073771732,Udaipur,Meghalaya,India,2022-03-06
CUST05208,Mugdha Basak,Male,uthaker@example.org,1825810565,North Dumdum,Andhra Pradesh,India,2024-07-27
CUST05209,Tamanna Sinha,Male,gabrielroy@example.org,5889322761,Mysore,Arunachal Pradesh,India,2025-06-17
CUST05210,Agastya Yohannan,Male,tarasandhu@example.org,7616898412,Eluru,Punjab,India,2025-09-11
CUST05211,Rachit Chander,Female,prisha94@example.net,7838021106,Howrah,West Bengal,India,2026-03-03
CUST05212,Akshay Gaba,Male,kaulgagan@example.net,5142332661,Nadiad,Goa,India,2024-05-15
CUST05213,Dalaja Din,Male,kamya28@example.com,5492691749,Bulandshahr,West Bengal,India,2021-11-27
CUST05214,Abhimanyu Vaidya,Female,vmall@example.com,8905283282,Eluru,Kerala,India,2023-11-17
CUST05215,Ikshita Suresh,Female,hardiknarasimhan@example.com,7980066267,Kota,Mizoram,India,2024-08-01
CUST05216,Sneha Thakur,Male,suledaniel@example.net,4802705854,Visakhapatnam,Jharkhand,India,2024-11-09
CUST05217,Mitali Rege,Female,yashasvi57@example.org,0341465765,Raurkela Industrial Township,Kerala,India,2023-04-30
CUST05218,Darsh Biswas,Male,simon23@example.net,4966733837,Panihati,Tamil Nadu,India,2026-06-30
CUST05219,Dhruv Patil,Male,hdass@example.org,4114213086,Sirsa,West Bengal,India,2022-06-10
CUST05220,Unni Bobal,Female,smittal@example.org,9515543681,Saharanpur,Uttar Pradesh,India,2024-12-17
CUST05221,Wyatt Maharaj,Male,lvohra@example.net,9391190467,Raebareli,Goa,India,2024-03-03
CUST05222,Saumya Grewal,Male,dmall@example.net,3226687949,Bulandshahr,Telangana,India,2022-10-18
CUST05223,Abhiram Buch,Female,edash@example.com,3912558195,Kadapa,Andhra Pradesh,India,2026-01-25
CUST05224,Adweta Aurora,Male,bandiomkaar@example.net,6930528519,Jalna,Kerala,India,2024-11-13
CUST05225,Yasti Vasa,Male,jackson79@example.org,6115012208,Orai,Madhya Pradesh,India,2021-09-30
CUST05226,Janani Saraf,Male,garderia@example.com,8715620880,Bhiwani,Assam,India,2022-05-21
CUST05227,Krish Kaul,Female,parikhoni@example.com,9773521791,Purnia,Himachal Pradesh,India,2026-04-21
CUST05228,Ayaan Mohanty,Male,boasejasmit@example.net,8357116488,Faridabad,Nagaland,India,2024-05-31
CUST05229,Radha Parekh,Female,nihalsem@example.org,0228098945,Mathura,Punjab,India,2024-04-05
CUST05230,Nihal Dyal,Male,yashicachhabra@example.net,5639482879,Durg,Chhattisgarh,India,2023-03-06
CUST05231,Oviya Chand,Male,dhawananvi@example.com,9056864091,Surat,Meghalaya,India,2025-03-28
CUST05232,Krishna Pillai,Female,badalbalvan@example.com,5510281628,Bokaro,Telangana,India,2024-08-06
CUST05233,Hemani Agate,Female,uaurora@example.com,9350294827,Gorakhpur,Goa,India,2021-12-28
CUST05234,Janya Peri,Female,tanveerbhatnagar@example.net,4308448926,Kharagpur,Goa,India,2025-02-17
CUST05235,Nidra Khosla,Male,basufalak@example.com,8450848024,Jamalpur,Jharkhand,India,2024-11-25
CUST05236,Liam Sur,Male,harinakshisawhney@example.org,0608437330,Mehsana,Manipur,India,2026-02-26
CUST05237,Krishna Bir,Male,yadavipuri@example.net,4901220829,Orai,Odisha,India,2022-03-16
CUST05238,Watika Bera,Male,irai@example.net,4557964557,Muzaffarpur,Uttar Pradesh,India,2024-03-15
CUST05239,Ekansh Agrawal,Female,imarankarnik@example.com,4889039379,Bhiwani,Manipur,India,2022-01-13
CUST05240,Jagvi Narang,Male,csehgal@example.net,1505620977,Sambhal,Andhra Pradesh,India,2023-10-07
CUST05241,Pratyush Sunder,Male,noahnayak@example.net,0262890787,Hyderabad,Uttar Pradesh,India,2025-04-17
CUST05242,Logan Mahajan,Female,bvora@example.com,0481626737,Allahabad,West Bengal,India,2022-05-22
CUST05243,Lohit Chand,Male,vedika16@example.org,2880730515,Ambattur,Haryana,India,2022-12-06
CUST05244,Yagnesh Dhar,Male,kapurbina@example.com,4510326254,Sri Ganganagar,Jharkhand,India,2026-04-06
CUST05245,Teerth Sura,Female,vbora@example.org,8013072211,Nagpur,Meghalaya,India,2024-03-19
CUST05246,Xavier Prabhu,Male,wagleneel@example.com,8340657569,Etawah,Bihar,India,2025-08-30
CUST05247,Vedika Vaidya,Female,solankilogan@example.org,8611722687,Aizawl,Uttar Pradesh,India,2023-05-25
CUST05248,Orinder Balay,Male,godacaleb@example.net,8385381565,Panvel,Tripura,India,2023-07-17
CUST05249,Noah Rau,Male,lallgaurav@example.com,2412684088,Ambattur,Bihar,India,2025-11-03
CUST05250,Theodore Munshi,Male,idyal@example.org,4616155012,Bahraich,Punjab,India,2024-04-23
CUST05251,Ekta Bala,Female,boraomisha@example.org,1996989030,Etawah,Meghalaya,India,2021-10-23
CUST05252,Karan Salvi,Female,amritasagar@example.com,9901637435,Gulbarga,Telangana,India,2026-04-30
CUST05253,Anika Raman,Male,xsant@example.org,0252713344,Bhind,Goa,India,2024-02-24
CUST05254,Aryan Sengupta,Female,jagrati38@example.com,8875158876,Agartala,Telangana,India,2025-10-17
CUST05255,William Gade,Female,ethanben@example.net,8869209687,Begusarai,Manipur,India,2024-09-30
CUST05256,Veer Varty,Male,fchaudhari@example.org,3436671696,Khammam,Karnataka,India,2024-11-15
CUST05257,Oviya Ghosh,Male,ibanerjee@example.net,3717927065,Panihati,Punjab,India,2023-01-09
CUST05258,Meghana Agarwal,Female,gbhatti@example.net,4942001901,Jamalpur,Nagaland,India,2021-10-24
CUST05259,Farhan Kumar,Male,nakul17@example.net,8929275300,Bulandshahr,Assam,India,2022-07-02
CUST05260,Gabriel Yogi,Female,sridharniharika@example.org,4327747769,Thane,Rajasthan,India,2024-06-09
CUST05261,Oscar Taneja,Female,patlagautami@example.com,0039121705,Bilaspur,Haryana,India,2024-01-28
CUST05262,Qadim Karpe,Female,kashish06@example.org,7297331210,Dindigul,Kerala,India,2026-04-24
CUST05263,Varsha Kar,Female,rohan76@example.org,7566058359,Jamshedpur,Himachal Pradesh,India,2025-11-10
CUST05264,Eshana Sahni,Male,mallickvedant@example.net,1830248485,Adoni,Haryana,India,2022-07-02
CUST05265,Shravya Gara,Male,wrastogi@example.com,8191737851,Kurnool,Uttarakhand,India,2026-03-27
CUST05266,Devika Rau,Male,chakradev51@example.com,9997558405,Bongaigaon,Nagaland,India,2026-02-07
CUST05267,Sneha Dass,Male,wsule@example.org,0834047470,Amroha,Arunachal Pradesh,India,2023-05-30
CUST05268,Mahika Lad,Male,amallick@example.com,0614227040,Madanapalle,Meghalaya,India,2021-09-10
CUST05269,Pratyush Bassi,Male,mbhatti@example.org,0197888754,Shivpuri,Maharashtra,India,2026-06-19
CUST05270,Champak Gill,Female,shaaarush@example.org,3571048219,Sagar,Haryana,India,2024-08-25
CUST05271,Hredhaan Deep,Female,rachitamanne@example.com,1817215023,North Dumdum,Haryana,India,2026-01-31
CUST05272,Samar Sant,Male,tanveermisra@example.com,9754842301,Gulbarga,Bihar,India,2023-01-15
CUST05273,Dakshesh Thaman,Male,bhatayushman@example.net,7390277125,Morbi,Haryana,India,2026-05-12
CUST05274,Daniel Dyal,Female,rohan22@example.org,1948046116,Latur,Uttar Pradesh,India,2025-02-18
CUST05275,Rajata Kapur,Male,ridhisharma@example.net,9172511281,Mau,Kerala,India,2021-11-10
CUST05276,Vansha Kothari,Female,mekhalamanda@example.com,8671267968,Solapur,Uttarakhand,India,2024-04-15
CUST05277,Azad Grewal,Male,waliaguneet@example.net,0158992342,Satara,Madhya Pradesh,India,2026-06-01
CUST05278,Kamya Chandra,Female,goleaarna@example.net,2745494247,Sangli-Miraj & Kupwad,Goa,India,2026-03-23
CUST05279,Eiravati Srinivas,Male,wakeeta02@example.net,4971558136,Solapur,Goa,India,2021-08-09
CUST05280,Sanya Nayar,Female,zilmil43@example.net,0179968578,Kadapa,Jharkhand,India,2024-12-20
CUST05281,Aarini Kade,Female,patelbalvan@example.org,1221470646,Pondicherry,West Bengal,India,2022-04-02
CUST05282,Ganga Khurana,Female,cdivan@example.com,8365459591,Tinsukia,Punjab,India,2021-10-02
CUST05283,Aadhya Kibe,Female,haritabhalla@example.org,5948675890,Morena,Gujarat,India,2026-02-17
CUST05284,Samar Tiwari,Male,abhabakshi@example.org,2398609799,Mahbubnagar,Mizoram,India,2025-05-25
CUST05285,Ayush Dua,Female,imarangokhale@example.org,0418601915,Thrissur,Bihar,India,2022-09-30
CUST05286,Hemangini Sodhi,Female,rachitasinghal@example.net,1600431685,Chapra,Uttarakhand,India,2024-12-12
CUST05287,Xiti Bava,Male,boraavi@example.org,6833352917,Kottayam,Haryana,India,2024-04-26
CUST05288,David Wadhwa,Male,maya80@example.net,9143537845,Visakhapatnam,Arunachal Pradesh,India,2024-11-08
CUST05289,Tristan Dixit,Male,shahchakrika@example.com,1199484272,Tirunelveli,Goa,India,2025-09-29
CUST05290,Anmol Kapoor,Male,bhegde@example.com,1391635959,Kochi,Bihar,India,2025-04-25
CUST05291,Robert Mannan,Male,imaran19@example.org,0038379376,Aizawl,Uttarakhand,India,2026-03-29
CUST05292,Frado Pant,Female,qasimkunda@example.com,5251256358,Naihati,Nagaland,India,2025-12-10
CUST05293,Riya Roy,Male,lekhagoel@example.net,8743946768,Singrauli,Uttarakhand,India,2022-09-07
CUST05294,Radhika Kata,Female,vamakshisingh@example.org,1370419562,Nagaon,Odisha,India,2022-07-31
CUST05295,Atharv Kar,Female,utkarsh78@example.org,3227806803,Alappuzha,Manipur,India,2024-04-28
CUST05296,Ganga Lad,Female,anandleela@example.com,4380005848,Nashik,Uttarakhand,India,2025-11-11
CUST05297,Michael Khanna,Female,sarafansh@example.org,8004099721,Faridabad,Kerala,India,2022-05-04
CUST05298,Suhani Dixit,Male,triptisachar@example.com,6643906705,Thrissur,Telangana,India,2022-09-04
CUST05299,Imaran Arya,Male,ati78@example.net,8112403074,Bellary,West Bengal,India,2021-08-31
CUST05300,Robert Mukherjee,Female,qushirajan@example.net,4556448319,Buxar,Telangana,India,2022-04-08
CUST05301,Onveer Singhal,Male,jagvisubramanian@example.net,8978039809,Buxar,Bihar,India,2022-03-21
CUST05302,Udarsh Patla,Female,ypall@example.com,3773339801,Bilaspur,Assam,India,2022-02-17
CUST05303,Eiravati Sundaram,Male,tanveerkonda@example.com,2518618485,Bathinda,Mizoram,India,2026-01-20
CUST05304,Lohit Dua,Male,goelzaitra@example.org,4762649931,Dhanbad,Goa,India,2022-03-22
CUST05305,Neel Sood,Male,balhaar89@example.net,8909524857,Bettiah,Assam,India,2023-08-27
CUST05306,Yashodhara Chaudhry,Female,pdhawan@example.net,8366768082,Ballia,Uttar Pradesh,India,2024-02-27
CUST05307,Niharika Iyer,Male,lbanik@example.net,5101397466,Bidhannagar,Kerala,India,2022-01-05
CUST05308,Nitesh Dutta,Female,manneyagnesh@example.net,9897444200,Moradabad,Karnataka,India,2023-07-21
CUST05309,Qarin Sundaram,Male,goyalchameli@example.com,3750048283,Baranagar,Chhattisgarh,India,2025-11-23
CUST05310,Rishi Khare,Female,bmane@example.net,9105577478,Katihar,Meghalaya,India,2026-02-27
CUST05311,Wridesh Rai,Male,lajitashankar@example.org,2989822154,Dehri,Bihar,India,2022-01-23
CUST05312,Chasmum Seshadri,Male,buchikbal@example.net,9173654830,Chapra,Gujarat,India,2025-05-07
CUST05313,Farhan Divan,Male,venkateshabdul@example.org,7912083769,Tumkur,Tripura,India,2024-07-29
CUST05314,Harish Chad,Female,alexander14@example.com,2646136636,Panvel,Odisha,India,2025-10-06
CUST05315,Abeer Sekhon,Male,keermeghana@example.com,6637186373,Pallavaram,Jharkhand,India,2025-11-09
CUST05316,Maanav Baria,Female,ramachandranaashi@example.net,5684868864,Maheshtala,Meghalaya,India,2023-10-09
CUST05317,Varenya Sani,Male,jeetramesh@example.net,1953305459,Madanapalle,Maharashtra,India,2023-09-23
CUST05318,Arjun Kurian,Female,zsingh@example.org,3794310297,Bhind,Madhya Pradesh,India,2021-12-15
CUST05319,Fariq Sharaf,Male,ekapad78@example.net,2477148008,Burhanpur,Tamil Nadu,India,2025-11-17
CUST05320,Yashodhara Guha,Female,hemanginisagar@example.net,8387998557,Khammam,Meghalaya,India,2023-09-30
CUST05321,Ridhi Natarajan,Male,fdugal@example.net,1925918034,Mira-Bhayandar,Maharashtra,India,2022-02-01
CUST05322,Kevin More,Female,vritti07@example.net,2463412954,Tiruvottiyur,Telangana,India,2025-10-09
CUST05323,Sarthak Sami,Female,atisundaram@example.net,4982267228,Chapra,Madhya Pradesh,India,2023-04-10
CUST05324,Darpan Pillai,Female,agatehemangini@example.org,9747733395,Pondicherry,Madhya Pradesh,India,2022-07-29
CUST05325,Gopal Issac,Male,lbarad@example.net,3682147427,Udaipur,Madhya Pradesh,India,2022-03-29
CUST05326,Vaishnavi Dayal,Male,utkarsh86@example.net,8553342054,Bhatpara,Rajasthan,India,2022-04-06
CUST05327,Tanvi Aurora,Male,abeer46@example.com,1122360662,Thiruvananthapuram,Tripura,India,2026-05-01
CUST05328,Samaksh Suri,Female,chatreshzacharia@example.org,7083566688,Muzaffarnagar,Andhra Pradesh,India,2022-11-30
CUST05329,Krishna Shah,Female,mangaldominic@example.net,4322215499,Shahjahanpur,Tripura,India,2026-05-05
CUST05330,Jhalak Sachar,Female,ranbir23@example.org,8307948842,Gurgaon,Manipur,India,2025-10-16
CUST05331,Manan Vohra,Female,wramanathan@example.com,8929862583,Katni,Himachal Pradesh,India,2025-10-04
CUST05332,Wridesh Datta,Male,zinal49@example.org,5864439906,Kolhapur,Gujarat,India,2024-08-31
CUST05333,Hemani Lall,Female,sarrafkalpit@example.net,7958042465,Ludhiana,Manipur,India,2021-09-22
CUST05334,Ayaan Sandhu,Female,jbora@example.org,8262910327,Sambhal,Sikkim,India,2023-10-18
CUST05335,Logan Shan,Female,rohan60@example.net,8673589980,Bhubaneswar,Gujarat,India,2023-08-24
CUST05336,Harshil Bora,Female,khuranazarna@example.org,8033209217,Anantapuram,Chhattisgarh,India,2024-03-06
CUST05337,Ishaan Mall,Male,ambleazaan@example.com,7449124368,Mathura,Punjab,India,2022-08-03
CUST05338,Raghav Sha,Male,rattanamara@example.com,9019268428,Maheshtala,Chhattisgarh,India,2023-11-20
CUST05339,Reyansh Chopra,Male,fitan21@example.net,2957166604,Dindigul,Kerala,India,2024-06-26
CUST05340,Odika Gopal,Female,vrindachana@example.net,6787457823,Ambala,Odisha,India,2023-10-03
CUST05341,Vamakshi Hora,Male,ikbal63@example.org,0511547646,Panvel,Assam,India,2024-05-28
CUST05342,Yashawini Master,Male,jason52@example.net,1151234172,Anantapur,Uttar Pradesh,India,2023-02-14
CUST05343,Avni Pal,Male,triya79@example.org,7093304806,Ajmer,Karnataka,India,2021-10-30
CUST05344,Ridhi Parmer,Male,samarthtaneja@example.org,5284200346,Danapur,Telangana,India,2025-09-07
CUST05345,Darpan Din,Female,samanimrat@example.net,5982518436,Ramgarh,Uttarakhand,India,2026-01-13
CUST05346,Kashvi Krishnan,Male,ishanvigour@example.org,7090594936,Morbi,Jharkhand,India,2024-10-25
CUST05347,Anvi Mani,Female,choudharypallavi@example.com,9946744692,Dhule,Tamil Nadu,India,2024-04-12
CUST05348,Charles Dubey,Male,varughesekaran@example.org,1990987821,Rajpur Sonarpur,Tripura,India,2024-02-16
CUST05349,Yachana Chaudhuri,Female,wsandhu@example.org,6346747485,Imphal,Madhya Pradesh,India,2022-12-28
CUST05350,Nachiket Sabharwal,Female,ojain@example.com,5567949189,Ongole,Tamil Nadu,India,2026-01-09
CUST05351,Arjun Sur,Female,qushidevan@example.net,0232328492,Maheshtala,Tamil Nadu,India,2023-07-10
CUST05352,Michael Kata,Male,hkorpal@example.com,2837880247,Motihari,Himachal Pradesh,India,2021-12-23
CUST05353,Liam Barman,Female,ztak@example.org,0423922133,Mau,Uttarakhand,India,2025-02-14
CUST05354,Chakradhar Kale,Female,pranav45@example.com,5965830552,Gangtok,Tamil Nadu,India,2023-07-29
CUST05355,Charita Shetty,Male,sankaranprisha@example.net,7824482962,Bhilai,Gujarat,India,2024-04-06
CUST05356,Maya Gole,Male,issacreyansh@example.net,3261769506,Pimpri-Chinchwad,Telangana,India,2025-10-27
CUST05357,Siddharth Deep,Female,parth10@example.com,9386232965,South Dumdum,West Bengal,India,2021-08-10
CUST05358,Sachi Ahuja,Male,ekalinga25@example.net,3908629826,Satna,Odisha,India,2025-04-17
CUST05359,Victor Murthy,Female,rishi23@example.org,9028635512,Ramgarh,Haryana,India,2022-07-15
CUST05360,Rachana Goyal,Female,tiwarimegha@example.net,5301636862,Khandwa,Telangana,India,2021-12-01
CUST05361,Ekansh Garde,Male,kandabalveer@example.com,8130335605,Gaya,Manipur,India,2025-03-18
CUST05362,Omkaar Krish,Female,charvi65@example.org,3574424683,Ludhiana,Nagaland,India,2025-05-12
CUST05363,Aryan Saraf,Male,sbobal@example.com,7456088292,Dehri,Gujarat,India,2026-04-04
CUST05364,Yatan Kannan,Female,csanghvi@example.com,7494704941,Asansol,Rajasthan,India,2026-07-06
CUST05365,Farhan Dua,Male,atharvbrahmbhatt@example.com,8159390852,Howrah,Sikkim,India,2024-04-04
CUST05366,Omaja Bajaj,Male,gauravdeshmukh@example.net,4768748555,Haridwar,Gujarat,India,2026-06-04
CUST05367,Charita Halder,Female,bhavika03@example.com,8986887464,Chittoor,Uttarakhand,India,2025-05-28
CUST05368,Aarnav Mand,Male,chanchalseshadri@example.com,7268995726,Unnao,Jharkhand,India,2023-06-06
CUST05369,Charvi Mishra,Male,jackmand@example.net,3285914832,Jalna,Karnataka,India,2025-05-22
CUST05370,Omya Raja,Male,kbumb@example.com,2816536382,Siliguri,Maharashtra,India,2024-01-20
CUST05371,Mohini Ramesh,Male,savantagastya@example.org,0138363931,Bihar Sharif,Gujarat,India,2022-07-28
CUST05372,Maanas Khanna,Male,sethaishani@example.com,8618007241,Mirzapur,Odisha,India,2021-10-08
CUST05373,Yatan Dhaliwal,Female,mkunda@example.net,3819588395,Satna,Rajasthan,India,2024-10-22
CUST05374,Ikshita Dhaliwal,Male,harrison49@example.net,9912774553,Jhansi,Jharkhand,India,2026-05-14
CUST05375,Tejas Saha,Female,azadbhattacharyya@example.org,9215543191,Panchkula,Kerala,India,2024-09-23
CUST05376,Rayaan Dhar,Female,maanavverma@example.net,1502225074,Pune,Tamil Nadu,India,2023-10-19
CUST05377,Jacob Bhatnagar,Male,wsaxena@example.org,7725967680,Bhind,Maharashtra,India,2022-01-05
CUST05378,Dominic Johal,Female,mohammed16@example.net,0695247999,Anantapuram,Goa,India,2023-08-13
CUST05379,Rachita Rajagopal,Female,dkalita@example.com,4042543983,Bihar Sharif,Tamil Nadu,India,2022-01-07
CUST05380,Timothy Kota,Female,pratyushvaidya@example.net,6555252431,Aurangabad,Haryana,India,2026-03-27
CUST05381,Andrew Upadhyay,Female,bchaudhari@example.net,5846321997,Sambhal,Assam,India,2024-07-12
CUST05382,Hema Sama,Male,fparsa@example.com,8905499057,Satna,Maharashtra,India,2026-01-20
CUST05383,Yash Halder,Female,gaurangilad@example.com,8289078439,Bihar Sharif,Assam,India,2025-05-30
CUST05384,Banjeet Deshmukh,Female,upasna70@example.com,6489188850,Ranchi,Andhra Pradesh,India,2026-04-14
CUST05385,Deepa Magar,Female,ayushvirk@example.com,9660847042,Hospet,Uttarakhand,India,2025-02-07
CUST05386,Unni Mammen,Female,yauvani92@example.net,8745311015,Tiruchirappalli,Sikkim,India,2022-05-14
CUST05387,Zilmil Sinha,Male,ahluwaliaturvi@example.net,8217628271,Giridih,West Bengal,India,2026-07-23
CUST05388,Parth Kumer,Female,dakshesh31@example.org,7059636463,Satna,Manipur,India,2026-07-15
CUST05389,Chandresh Mani,Male,anamika71@example.org,2565750899,Purnia,Arunachal Pradesh,India,2023-08-15
CUST05390,Urvi Kapoor,Female,yadavivarma@example.net,1141183749,Kolkata,Meghalaya,India,2025-08-17
CUST05391,Raksha Bava,Female,lnarayan@example.net,0046857590,Kollam,Madhya Pradesh,India,2025-01-29
CUST05392,Gautam Walia,Female,tejasahuja@example.org,5530111806,Shimoga,Rajasthan,India,2022-10-16
CUST05393,Sara Narain,Male,jack25@example.net,5317162147,Bongaigaon,Gujarat,India,2026-04-02
CUST05394,Chaman Dhawan,Female,nathan90@example.org,5115432718,Raurkela Industrial Township,Odisha,India,2023-10-22
CUST05395,Urvashi Apte,Female,vkanda@example.org,4902977750,Alappuzha,Himachal Pradesh,India,2025-02-05
CUST05396,Adya Pandya,Male,pallgeetika@example.net,9807375276,Ulhasnagar,Andhra Pradesh,India,2024-05-30
CUST05397,Maanav Kanda,Female,hchatterjee@example.net,4124668332,Gaya,Uttar Pradesh,India,2024-01-03
CUST05398,Fitan Balasubramanian,Female,anusha28@example.org,3408602716,Bikaner,Jharkhand,India,2021-09-18
CUST05399,Gaurav Ramesh,Female,ecomar@example.net,9944317689,Madhyamgram,Meghalaya,India,2024-03-16
CUST05400,Lavanya Hora,Female,nmodi@example.com,6489206004,Durg,Odisha,India,2023-12-07
CUST05401,Yagnesh Guha,Female,dbalan@example.com,0536081678,Raipur,Bihar,India,2026-01-18
CUST05402,Hemani Divan,Female,kapuroni@example.org,1344109502,Bahraich,Uttar Pradesh,India,2022-03-09
CUST05403,Dhruv Chowdhury,Female,hemangdoshi@example.org,1951626511,Lucknow,Punjab,India,2024-02-01
CUST05404,Isaac Goyal,Male,bobalrajeshri@example.com,4016884881,Faridabad,Sikkim,India,2024-07-20
CUST05405,Ucchal Patil,Female,bhavanidate@example.net,6321449591,Ratlam,Madhya Pradesh,India,2022-04-17
CUST05406,Brijesh Mahal,Female,wmunshi@example.com,3613744340,Bhubaneswar,West Bengal,India,2024-01-05
CUST05407,Veer Narayan,Female,npandit@example.net,5022089235,Kozhikode,Rajasthan,India,2022-04-26
CUST05408,Azad Chakrabarti,Female,sabharwalekavir@example.net,3712351040,Malegaon,Mizoram,India,2025-10-01
CUST05409,Zaid Subramanian,Male,baradedhitha@example.org,9599905402,Kochi,Assam,India,2024-06-22
CUST05410,Abha Borde,Female,vasatika98@example.net,2380982440,Gurgaon,Manipur,India,2023-06-03
CUST05411,Champak Gill,Female,parekhrobert@example.com,0606686157,Bhiwani,Punjab,India,2021-10-15
CUST05412,Samesh Ray,Male,rsrinivas@example.org,6330234104,Nanded,West Bengal,India,2025-08-02
CUST05413,Andrew Rajagopalan,Female,lpatla@example.net,0527083470,Firozabad,Chhattisgarh,India,2021-10-15
CUST05414,Reyansh Guha,Female,anshzacharia@example.com,6442019906,Nellore,Meghalaya,India,2026-04-01
CUST05415,Vedika Dhingra,Female,arin31@example.org,2846191904,Ichalkaranji,Uttarakhand,India,2024-01-15
CUST05416,Lajita Oak,Female,leenachad@example.org,4997659209,Mau,Nagaland,India,2026-02-10
CUST05417,Hema Garg,Female,sanghvisiya@example.com,3096090957,Mumbai,West Bengal,India,2023-07-16
CUST05418,Eesha Jaggi,Female,tristan57@example.org,7644702954,Raiganj,Meghalaya,India,2022-11-07
CUST05419,Lohit Pradhan,Female,barkhadass@example.com,9416633716,Gorakhpur,Manipur,India,2024-07-16
CUST05420,Ishaan Samra,Male,gauri35@example.org,3144867694,Kharagpur,Assam,India,2026-03-23
CUST05421,Yahvi Datta,Female,ahujaaayush@example.org,1613035977,Ambala,Jharkhand,India,2025-02-05
CUST05422,Mitali Mohanty,Female,vartyomya@example.com,3390939759,Amroha,Andhra Pradesh,India,2023-05-28
CUST05423,Darsh Lad,Male,tanmayi08@example.net,8762297658,Ujjain,Madhya Pradesh,India,2025-01-26
CUST05424,Charan Sarkar,Female,menondarika@example.com,7321829890,Anantapur,Assam,India,2025-01-10
CUST05425,Vidhi Kashyap,Female,bahrinitara@example.org,6057852892,Shimoga,Assam,India,2024-01-08
CUST05426,Leela Lala,Female,gunbirgrewal@example.net,7530737403,Raichur,Haryana,India,2024-02-01
CUST05427,Eesha Luthra,Male,bhattiriya@example.com,4878604330,Sambalpur,Uttarakhand,India,2021-08-12
CUST05428,Jai Ganesan,Male,praja@example.net,9326905432,Ambala,Tamil Nadu,India,2022-03-16
CUST05429,Shivani Kapur,Female,hansdayamai@example.com,2847880169,Sambalpur,Sikkim,India,2025-01-04
CUST05430,Christopher Sinha,Female,vpant@example.com,1459035012,Purnia,Goa,India,2026-02-04
CUST05431,Mugdha Chauhan,Female,ichahal@example.org,1603554587,Yamunanagar,Tripura,India,2024-06-08
CUST05432,Gaurika Singhal,Male,pallaria@example.com,1406139626,Bangalore,Madhya Pradesh,India,2023-07-10
CUST05433,Jeremiah Sane,Male,chasmum64@example.org,4528144755,Siliguri,Telangana,India,2024-10-30
CUST05434,Charan Edwin,Male,barkha22@example.com,8555344091,Bihar Sharif,Tamil Nadu,India,2023-08-21
CUST05435,Rehaan Kota,Male,fdivan@example.com,9058784460,Panihati,Karnataka,India,2024-03-21
CUST05436,Jackson Konda,Male,hgoel@example.net,6385561510,Shahjahanpur,Tripura,India,2024-01-04
CUST05437,Nisha Agate,Male,rajucharan@example.com,2639895534,Raiganj,Uttar Pradesh,India,2022-01-13
CUST05438,Aachal Warrior,Male,nitarakale@example.net,7881710430,Cuttack,Mizoram,India,2022-04-04
CUST05439,Dipta Savant,Male,girindra68@example.net,0372323583,Machilipatnam,Gujarat,India,2026-07-20
CUST05440,Nandini Vasa,Female,lmody@example.net,5296787139,Srinagar,Punjab,India,2025-12-13
CUST05441,Dayamai Swamy,Male,nirja82@example.com,9421555365,Baranagar,Sikkim,India,2022-02-26
CUST05442,Amrita Srinivas,Male,nadigayush@example.com,2497662591,Nagpur,Odisha,India,2024-04-10
CUST05443,Arya Sarraf,Male,unarula@example.org,5859908594,Ozhukarai,Manipur,India,2022-09-19
CUST05444,Maya Patil,Female,rastogiodika@example.net,5975223285,Rourkela,Manipur,India,2026-07-12
CUST05445,Gayathri Mitra,Female,lalzansi@example.org,2277377429,Amroha,Odisha,India,2024-06-18
CUST05446,Harinakshi Pillai,Male,sarinom@example.net,4894960907,Nadiad,Himachal Pradesh,India,2025-03-29
CUST05447,Vansha Bhalla,Female,vdasgupta@example.com,2085506405,Ongole,Karnataka,India,2023-04-23
CUST05448,Varsha Mohan,Female,usathe@example.com,3618756175,Tenali,Gujarat,India,2025-12-06
CUST05449,Rachit Grewal,Female,fiyaz26@example.org,9463489609,Barasat,Uttarakhand,India,2023-09-12
CUST05450,Advika Garg,Female,michael46@example.com,6752841580,Hubli–Dharwad,Assam,India,2026-07-10
CUST05451,Rachit Sehgal,Male,idika88@example.net,4603182020,Satara,Madhya Pradesh,India,2024-08-31
CUST05452,Rajata Sathe,Male,tejasreddy@example.org,7076028100,Rajpur Sonarpur,Punjab,India,2024-01-17
CUST05453,Bhavani Nath,Female,okapoor@example.net,8786822136,Nadiad,Madhya Pradesh,India,2026-07-16
CUST05454,Anya Dutta,Female,mitesh16@example.org,9425477516,Maheshtala,Odisha,India,2021-07-24
CUST05455,Mohammed Garde,Male,ekbal17@example.com,4184147651,Kollam,Bihar,India,2023-05-30
CUST05456,Oscar Agarwal,Male,bahripriya@example.net,3964358921,Thane,Meghalaya,India,2024-01-07
CUST05457,Nitara Srinivas,Male,aryan38@example.com,7846990856,Jodhpur,Uttarakhand,India,2024-05-16
CUST05458,Pratyush Borra,Male,noahbajaj@example.org,7534939802,Begusarai,Gujarat,India,2023-09-27
CUST05459,Forum Swaminathan,Male,anshsalvi@example.com,6581715317,Amaravati,Tripura,India,2023-03-30
CUST05460,Bhavna Subramanian,Male,oyadav@example.org,7541172330,Bikaner,Karnataka,India,2022-07-13
CUST05461,Frado Gala,Male,bratta@example.org,1630282744,Buxar,Maharashtra,India,2023-01-30
CUST05462,Meghana Basu,Male,edwintristan@example.net,8036580266,Kamarhati,Odisha,India,2022-02-07
CUST05463,Nathaniel Deo,Female,epurohit@example.com,1265176796,Bangalore,Goa,India,2023-07-27
CUST05464,Charvi Bhatti,Female,zayanbrar@example.com,6835372289,Thane,Kerala,India,2026-01-10
CUST05465,Elijah Agate,Male,raghavanxalak@example.net,1045905959,Bettiah,Punjab,India,2022-02-27
CUST05466,Vaishnavi Kade,Female,cgarde@example.net,9215040537,Nanded,Andhra Pradesh,India,2024-11-21
CUST05467,Raksha Upadhyay,Female,ghosetanveer@example.org,2689216472,Mumbai,West Bengal,India,2026-07-16
CUST05468,Gaurangi Parsa,Male,vihaan58@example.org,5315584823,Unnao,Arunachal Pradesh,India,2022-03-26
CUST05469,Bahadurjit Mammen,Female,voraudyati@example.net,2174103435,Cuttack,Nagaland,India,2023-08-13
CUST05470,Gabriel Lad,Male,yoshita45@example.org,5717201173,Panipat,Bihar,India,2023-02-10
CUST05471,Siya Borde,Male,dgala@example.org,4380362200,Saharsa,Maharashtra,India,2024-07-24
CUST05472,Max Sachdev,Male,unnati48@example.net,2300146639,Ramagundam,Telangana,India,2022-02-13
CUST05473,Jason Pradhan,Female,benyagnesh@example.org,8701630698,Singrauli,Karnataka,India,2021-10-16
CUST05474,Avi Datta,Female,wallagirindra@example.net,3103192809,Vasai-Virar,Uttarakhand,India,2025-08-15
CUST05475,Raghav Iyer,Female,anya55@example.com,4694439033,Agartala,Maharashtra,India,2021-09-11
CUST05476,Yauvani Swamy,Male,rayaanmurthy@example.com,3884146401,Fatehpur,Kerala,India,2024-06-25
CUST05477,Turvi Muni,Female,vivaansubramanian@example.org,4399098702,Ratlam,Goa,India,2026-05-17
CUST05478,Eiravati Koshy,Female,vbarad@example.org,5456863285,Gorakhpur,Uttarakhand,India,2025-07-15
CUST05479,Rudra Muni,Female,kabir39@example.com,7759055587,Sultan Pur Majra,Arunachal Pradesh,India,2023-07-25
CUST05480,Chakradev Acharya,Female,kbath@example.com,8708311273,Etawah,Karnataka,India,2025-06-24
CUST05481,Darika Dutt,Female,harinakshi64@example.net,7838347913,Ludhiana,Maharashtra,India,2025-10-10
CUST05482,Samar Divan,Female,jmani@example.net,7267215224,Bhind,Kerala,India,2024-08-17
CUST05483,Manan Char,Female,parikhmohammed@example.org,3383323640,Pondicherry,Uttarakhand,India,2022-08-08
CUST05484,Bhavani Kumer,Female,ahayre@example.net,9489170881,Raipur,Gujarat,India,2022-06-05
CUST05485,Neha Borra,Male,nitesh62@example.com,7856630466,Danapur,Manipur,India,2023-06-29
CUST05486,Tanveer Mody,Male,morargaurang@example.org,0373498391,Ramagundam,Arunachal Pradesh,India,2021-11-24
CUST05487,Harita Bahl,Female,bhatwyatt@example.net,1368142742,Surendranagar Dudhrej,Goa,India,2024-04-13
CUST05488,Kashvi Nigam,Female,ebadal@example.org,9936628599,Jamalpur,Mizoram,India,2023-03-12
CUST05489,Aishani Narang,Male,gauri10@example.net,0779563418,Dehri,Haryana,India,2025-07-29
CUST05490,Faqid Reddy,Male,chatresh62@example.net,3808914458,Kavali,Arunachal Pradesh,India,2022-07-09
CUST05491,Yatan Rajagopalan,Female,xmisra@example.org,0200167598,Salem,Kerala,India,2022-12-05
CUST05492,Mahika Vyas,Male,yatinkhurana@example.org,9074255829,Malda,Odisha,India,2022-11-04
CUST05493,Tristan Gulati,Female,mitalnakul@example.org,5095517535,Vellore,Tripura,India,2024-10-27
CUST05494,Janaki Warrior,Male,tiwaritejas@example.com,5412959540,Delhi,Tripura,India,2023-10-29
CUST05495,Chaaya Comar,Female,zdhawan@example.org,1134888442,Kulti,Karnataka,India,2026-04-01
CUST05496,Indali Gola,Female,modymeghana@example.net,4219904336,Tirunelveli,Karnataka,India,2024-03-07
CUST05497,Om Ratta,Female,divyabahri@example.net,1731589083,Karaikudi,Gujarat,India,2026-04-01
CUST05498,Hemani Pal,Male,luppal@example.net,2836208595,Agra,Jharkhand,India,2025-07-23
CUST05499,Wazir Bhardwaj,Female,harrisonshukla@example.net,4871568737,Chapra,Assam,India,2026-03-13
CUST05500,Upkaar Boase,Male,biswasjason@example.org,2692052690,Sirsa,Uttar Pradesh,India,2021-11-05
CUST05501,Brinda Dubey,Female,upadhritisodhi@example.org,9379872951,Gangtok,Goa,India,2022-02-13
CUST05502,Radha Bahri,Female,garima23@example.com,8539816118,Nizamabad,Chhattisgarh,India,2023-02-11
CUST05503,Elijah Mitter,Female,yachanaupadhyay@example.org,4986809474,Bhatpara,Madhya Pradesh,India,2025-07-12
CUST05504,Saksham Nori,Male,nathankrish@example.com,4769728137,Nagercoil,Mizoram,India,2022-12-24
CUST05505,Luke Kade,Male,warjasmital@example.org,0927848492,Agartala,Odisha,India,2025-08-24
CUST05506,Isaac Sunder,Female,ckapoor@example.org,5219482349,Hosur,Punjab,India,2025-05-31
CUST05507,Adya Pandey,Male,mannansathvik@example.org,3837314277,Kanpur,Jharkhand,India,2022-03-24
CUST05508,Upkaar Thakur,Female,kumerchandani@example.org,1557028870,Siwan,Nagaland,India,2026-01-17
CUST05509,Unni Iyengar,Female,avi14@example.com,1818207656,Munger,Assam,India,2025-09-03
CUST05510,Meghana Nadig,Female,khatrinoah@example.org,0049971056,Shahjahanpur,Bihar,India,2026-02-04
CUST05511,Dominic Mall,Female,krishnavenkatesh@example.org,3922965285,Bongaigaon,Tripura,India,2022-11-06
CUST05512,Jack Sankar,Female,pkrishna@example.com,9159601369,Mango,Uttar Pradesh,India,2025-05-07
CUST05513,Barkha Halder,Male,chauhanranveer@example.net,8440622269,Baranagar,Maharashtra,India,2022-08-08
CUST05514,Mitesh Kalita,Female,ubassi@example.org,8074097366,Nagercoil,Haryana,India,2022-01-25
CUST05515,Onveer Lall,Female,johalkavya@example.com,3105480931,Khammam,Uttar Pradesh,India,2022-08-19
CUST05516,Vasana Biswas,Male,noah40@example.org,1474591660,Raiganj,Punjab,India,2024-10-10
CUST05517,Irya Sundaram,Male,hredhaan35@example.com,9550105606,Gurgaon,Telangana,India,2023-11-22
CUST05518,Mason Grover,Male,quincychokshi@example.net,1241199781,Tumkur,Nagaland,India,2023-05-15
CUST05519,Garima Char,Male,bhavika89@example.com,7350449683,Navi Mumbai,Odisha,India,2026-07-07
CUST05520,Jasmit Wali,Female,ibera@example.org,4300813384,Jhansi,Manipur,India,2022-12-25
CUST05521,Gaurang Goda,Male,wchar@example.org,8944787593,Hindupur,Mizoram,India,2026-06-07
CUST05522,Qushi Mital,Female,charita17@example.org,3072162189,Hazaribagh,Assam,India,2025-08-11
CUST05523,Barkha Lanka,Male,srivastavavrinda@example.com,9539544064,Dhanbad,Maharashtra,India,2022-05-22
CUST05524,Yutika Bhagat,Male,umurthy@example.com,6134140855,Surat,Kerala,India,2025-11-02
CUST05525,Barkha Palla,Female,rramaswamy@example.org,1758508977,Pudukkottai,Maharashtra,India,2021-12-20
CUST05526,Dev Sachdeva,Female,dalaja73@example.com,3460757154,Morbi,Jharkhand,India,2024-11-13
CUST05527,Quincy Mand,Male,zchacko@example.org,0117716950,Narasaraopet,Goa,India,2023-01-10
CUST05528,Hiral Prashad,Male,snigam@example.net,3836905638,Suryapet,Chhattisgarh,India,2022-08-20
CUST05529,Ikbal Thakur,Male,shivanshbhalla@example.com,1265933121,Srinagar,Madhya Pradesh,India,2025-01-19
CUST05530,Vedant Sawhney,Male,iloke@example.org,5316928669,Bareilly,Uttarakhand,India,2024-09-13
CUST05531,Liam Mitter,Male,mandertara@example.net,1122428513,Bikaner,Tripura,India,2024-05-26
CUST05532,Radha Kar,Female,jsundaram@example.net,2252981504,Buxar,Haryana,India,2022-05-03
CUST05533,Ishita Deshpande,Male,zayan33@example.net,7419269167,Mysore,Arunachal Pradesh,India,2023-06-07
CUST05534,Advay Wadhwa,Male,senwahab@example.org,9143531175,Naihati,Mizoram,India,2022-07-18
CUST05535,Irya Ramesh,Female,vinaya90@example.net,5009717522,Dehradun,Odisha,India,2025-10-27
CUST05536,Aarnav Khurana,Female,anjali01@example.net,8472041171,Ahmedabad,Tamil Nadu,India,2024-12-19
CUST05537,Nisha Chanda,Male,yohannanikbal@example.org,0999317098,Mangalore,Uttarakhand,India,2026-03-23
CUST05538,Mekhala Krish,Female,mitalidevi@example.net,9434845668,Bhatpara,Himachal Pradesh,India,2024-02-12
CUST05539,Robert Oommen,Female,kuruvillavaishnavi@example.net,5698958607,Kanpur,Andhra Pradesh,India,2025-08-07
CUST05540,Kavya Roy,Male,hiral06@example.net,3267254178,Khandwa,Madhya Pradesh,India,2025-08-24
CUST05541,Shaurya Korpal,Male,usandal@example.net,1487127453,Thane,Goa,India,2023-02-08
CUST05542,Zayyan Sachdev,Male,yashawiniiyer@example.org,1852035330,Bidar,Tripura,India,2023-03-01
CUST05543,Gaurang Gera,Female,dgala@example.com,8983186484,Dharmavaram,Arunachal Pradesh,India,2023-05-31
CUST05544,Naveen Ahuja,Female,ssolanki@example.net,0569763906,Ambala,Haryana,India,2021-08-07
CUST05545,Upasna Swamy,Male,tranganathan@example.com,3319403330,Hajipur,Telangana,India,2025-01-05
CUST05546,Vrinda Wali,Male,lbutala@example.org,2115126458,Buxar,Tamil Nadu,India,2024-02-06
CUST05547,Atharv Choudhury,Female,unarayanan@example.com,6358310283,Ajmer,Uttar Pradesh,India,2024-09-16
CUST05548,Odika Sampath,Male,yochana14@example.net,6719106268,Kulti,Nagaland,India,2022-12-08
CUST05549,Ayaan Kade,Male,hemalrastogi@example.com,2655966038,Kanpur,Kerala,India,2024-07-18
CUST05550,Michael Nath,Male,gabriel33@example.net,2032682183,Hazaribagh,Assam,India,2022-12-07
CUST05551,Turvi Balan,Female,peterbuch@example.com,8436305069,Singrauli,Uttarakhand,India,2023-10-13
CUST05552,Ridhi Dugar,Female,wanne@example.net,1165879375,Salem,Odisha,India,2021-08-26
CUST05553,Imaran Dada,Female,beratheodore@example.org,7288414976,Hospet,Madhya Pradesh,India,2024-08-24
CUST05554,David Chakrabarti,Female,rakshahayre@example.net,8322873952,Mathura,Telangana,India,2022-02-21
CUST05555,Reva Salvi,Male,abdul56@example.org,3588463654,Raebareli,Odisha,India,2025-07-08
CUST05556,Samesh Mane,Male,baralekanta@example.com,2113079177,Tadipatri,Nagaland,India,2022-08-29
CUST05557,Hritik Garg,Male,npingle@example.net,4220348018,Chennai,Manipur,India,2025-03-16
CUST05558,Rushil Dhingra,Female,kiaantaneja@example.net,7822795548,Ahmedabad,Odisha,India,2021-08-04
CUST05559,Sanaya Thakur,Female,rajagopalantripti@example.com,6425664594,Dindigul,Sikkim,India,2022-03-24
CUST05560,Qushi Patla,Male,tarabalendra@example.net,9174072870,Sonipat,Himachal Pradesh,India,2023-02-03
CUST05561,Peter Chaudhary,Male,masterjagdish@example.org,9932604978,Tiruchirappalli,Nagaland,India,2022-02-21
CUST05562,Peter Dhaliwal,Male,udarsh24@example.org,9250932303,Ranchi,Tamil Nadu,India,2021-08-01
CUST05563,Omisha Sarin,Female,urvashi90@example.org,9515429242,Singrauli,Uttarakhand,India,2026-03-17
CUST05564,Warda Ravel,Female,oiyengar@example.org,7405223673,Faridabad,Tripura,India,2023-10-24
CUST05565,Andrew Prasad,Male,bram@example.net,2870234261,Satna,Assam,India,2024-07-07
CUST05566,Yachana Kala,Female,anshpatel@example.net,4878675468,Hindupur,Chhattisgarh,India,2024-07-16
CUST05567,Anya Doctor,Female,ravelqarin@example.org,8771478158,Firozabad,Karnataka,India,2025-03-24
CUST05568,Zayan Balakrishnan,Male,hram@example.com,1304211711,Nagaon,Manipur,India,2023-09-29
CUST05569,Ekantika Mangal,Female,hamsini22@example.org,9535814924,Kolhapur,Tripura,India,2022-05-29
CUST05570,Anita Seshadri,Male,zaitrakaur@example.net,3532256332,Naihati,Uttarakhand,India,2023-03-09
CUST05571,Jeevika Dugar,Male,tanaychakraborty@example.net,8316132233,Etawah,West Bengal,India,2024-10-22
CUST05572,Odika Pandey,Male,ridhisha@example.org,5225409540,Madhyamgram,Mizoram,India,2024-06-24
CUST05573,Luke Gade,Male,cpuri@example.com,3541907710,Kottayam,Haryana,India,2026-02-03
CUST05574,Urvi Seshadri,Male,yutika85@example.com,1913286931,Bhagalpur,Assam,India,2022-10-25
CUST05575,Jatin Sagar,Male,daniellanka@example.org,9583983498,Kolhapur,Rajasthan,India,2024-10-10
CUST05576,Geetika Kapur,Male,etaraghavan@example.com,9435135904,Ghaziabad,Andhra Pradesh,India,2025-07-16
CUST05577,Raghav Sarraf,Female,qsunder@example.net,9096044478,Pallavaram,Telangana,India,2023-01-24
CUST05578,Fitan Varma,Female,mugdha17@example.com,5892941090,Khandwa,Manipur,India,2026-01-30
CUST05579,Anvi Salvi,Male,devinetra@example.com,0412571744,Burhanpur,Jharkhand,India,2025-04-15
CUST05580,Gabriel Gala,Male,fsaini@example.net,2036230396,Chinsurah,Himachal Pradesh,India,2026-03-11
CUST05581,Thomas Andra,Male,rpathak@example.net,5597399002,Berhampore,Manipur,India,2024-12-06
CUST05582,Tanay Kunda,Male,kperi@example.org,5051049126,Rourkela,Haryana,India,2022-04-19
CUST05583,Gaurav Pingle,Female,vgarg@example.com,9339293092,Ajmer,Bihar,India,2024-06-25
CUST05584,Dev Bhakta,Female,jackson36@example.org,8618049329,Purnia,Uttar Pradesh,India,2023-07-02
CUST05585,Frederick Gokhale,Male,balayasti@example.net,2433957467,Malegaon,Sikkim,India,2024-08-22
CUST05586,Neelima Mander,Female,inaya80@example.org,5305258810,Bijapur,West Bengal,India,2025-06-18
CUST05587,Arunima Khurana,Male,badaladitya@example.org,7897401675,Nangloi Jat,Assam,India,2025-05-07
CUST05588,Gavin Mishra,Female,zbarman@example.org,6025462117,South Dumdum,Madhya Pradesh,India,2021-09-14
CUST05589,Chatresh Baral,Male,barkha88@example.net,0093087871,Mehsana,Maharashtra,India,2022-02-03
CUST05590,Balveer Kala,Female,urvidixit@example.org,3594051167,Morbi,Uttarakhand,India,2026-06-13
CUST05591,Tanveer Dara,Male,omya74@example.com,8588103241,Dibrugarh,Karnataka,India,2023-02-15
CUST05592,Jagrati Bhagat,Female,sbassi@example.net,8268445662,Ongole,West Bengal,India,2025-03-06
CUST05593,Faraj Toor,Female,oliver70@example.org,0463931835,Sagar,Arunachal Pradesh,India,2022-03-09
CUST05594,Oscar Mander,Female,esrinivasan@example.org,1615217664,Bhind,Himachal Pradesh,India,2025-11-17
CUST05595,Isha Biswas,Male,xsrivastava@example.net,4980574330,Hazaribagh,Karnataka,India,2022-12-20
CUST05596,Irya Garde,Female,kevin42@example.org,8674574969,Danapur,Jharkhand,India,2023-06-28
CUST05597,Peter Badami,Female,yanand@example.com,9410008502,Amaravati,Himachal Pradesh,India,2024-02-29
CUST05598,Yasti Saran,Male,jagdish82@example.net,9054941064,Warangal,Karnataka,India,2024-07-26
CUST05599,Dayita Narasimhan,Male,libnisalvi@example.net,8002980498,Ramagundam,Haryana,India,2021-09-02
CUST05600,Wazir Ram,Female,siya21@example.net,3838332273,Khora ,Arunachal Pradesh,India,2023-04-04
CUST05601,Ikbal Krish,Female,thamanmitesh@example.org,9059927468,Pudukkottai,Nagaland,India,2022-05-18
CUST05602,Wishi Chander,Male,tanveer00@example.com,8612410717,Guwahati,Mizoram,India,2021-07-23
CUST05603,Dalaja Pal,Female,braval@example.org,7089835524,Udupi,Mizoram,India,2026-03-24
CUST05604,Finn Mody,Male,handaharini@example.net,1901803371,Kakinada,Tamil Nadu,India,2025-07-19
CUST05605,Naksh Tripathi,Male,ekanitank@example.org,4893921207,Kota,Bihar,India,2022-04-25
CUST05606,Raagini Sengupta,Male,abhatnagar@example.org,4704677405,Vadodara,Manipur,India,2024-06-21
CUST05607,Bhavika Dugar,Male,geetikachaudhry@example.net,1177710818,South Dumdum,Assam,India,2023-01-25
CUST05608,Charles Kadakia,Female,bajajmatthew@example.com,4664195465,Panipat,Arunachal Pradesh,India,2022-03-16
CUST05609,Lakshit Kala,Female,gokhalebhanumati@example.org,2010605144,Proddatur,Bihar,India,2023-01-17
CUST05610,Vritti Raman,Male,varghesevaishnavi@example.com,3837834956,Mahbubnagar,Tamil Nadu,India,2022-07-11
CUST05611,Netra Chacko,Male,pparsa@example.com,3300993789,Panvel,Goa,India,2025-02-15
CUST05612,Ekbal Suresh,Female,wishi87@example.net,3840801032,Nashik,Karnataka,India,2022-10-09
CUST05613,Sanaya Vora,Male,xalakpillay@example.org,2088114899,Bhilwara,Haryana,India,2023-09-09
CUST05614,Sathvik Varma,Male,hgokhale@example.com,4577648241,Ahmednagar,Sikkim,India,2025-05-20
CUST05615,Dominic Wali,Female,jeet41@example.org,7756663842,Dehri,Kerala,India,2025-04-28
CUST05616,Rehaan Sharma,Male,manya33@example.com,7357063187,Chennai,Punjab,India,2023-07-19
CUST05617,Vanya Prakash,Male,takyashvi@example.com,9383222840,Faridabad,Kerala,India,2022-08-01
CUST05618,Ekaja Nair,Female,hemanginihora@example.org,0083921327,Nangloi Jat,Telangana,India,2026-06-11
CUST05619,Hredhaan Sastry,Male,logan13@example.org,7722325768,Madurai,Nagaland,India,2021-11-13
CUST05620,Zaid Mital,Male,ekalinga82@example.net,5647676100,Barasat,Rajasthan,India,2022-03-25
CUST05621,Ekaja Nanda,Male,zehaan91@example.org,0438459125,Haldia,Assam,India,2025-11-01
CUST05622,Edhitha Badami,Male,yachana79@example.net,0277702032,Kishanganj,Andhra Pradesh,India,2026-02-10
CUST05623,Aarini Kalla,Female,waliawilliam@example.org,0033186352,Alappuzha,Goa,India,2022-10-03
CUST05624,Vedant Balakrishnan,Female,singhladli@example.org,3983129634,Patna,Bihar,India,2025-04-13
CUST05625,Samar Setty,Male,inaya47@example.com,5916832099,Mira-Bhayandar,Arunachal Pradesh,India,2026-02-24
CUST05626,Ronith Tailor,Male,anjaligarde@example.net,4983425069,Katihar,Maharashtra,India,2023-10-01
CUST05627,Zayan Jha,Female,shanavni@example.net,8145034621,Mirzapur,Karnataka,India,2023-08-09
CUST05628,Harish Wali,Female,nandini46@example.com,4090986449,Kulti,Arunachal Pradesh,India,2022-03-07
CUST05629,Chakradhar Oak,Male,yviswanathan@example.net,9340565686,Howrah,Goa,India,2022-04-06
CUST05630,Sneha Rajagopalan,Male,pranav22@example.com,9605045331,Jamnagar,Mizoram,India,2022-07-02
CUST05631,Joshua Walla,Female,ubikachander@example.com,3520167630,Unnao,Karnataka,India,2022-01-01
CUST05632,Jeremiah Thakur,Female,tpatla@example.org,4457554237,Bhatpara,Sikkim,India,2021-08-22
CUST05633,Gaurangi Goswami,Male,jai15@example.com,8461711151,Phusro,Rajasthan,India,2024-08-03
CUST05634,Darika Bassi,Male,reyanshkakar@example.org,9153695500,Purnia,West Bengal,India,2025-10-24
CUST05635,Vanya Sawhney,Female,varmaagastya@example.net,8139999234,Alwar,Manipur,India,2025-09-18
CUST05636,Yoshita Chanda,Male,yash57@example.com,7468208583,Hosur,Goa,India,2022-03-27
CUST05637,Zinal Krishnamurthy,Female,mshankar@example.net,7566573260,Kirari Suleman Nagar,Karnataka,India,2022-04-03
CUST05638,Charita Choudhry,Male,jeet11@example.net,0184827671,Vijayawada,Karnataka,India,2024-01-14
CUST05639,Ekanta Bir,Male,ativarughese@example.org,7680699550,Hazaribagh,Bihar,India,2023-10-12
CUST05640,Lakshmi Gandhi,Male,ryanguha@example.com,6266992256,Nadiad,Arunachal Pradesh,India,2024-08-14
CUST05641,Sathvik Banik,Female,kashvi72@example.net,9981692909,Kottayam,Manipur,India,2022-01-26
CUST05642,Lohit Menon,Male,golerushil@example.net,7182278960,Ballia,Gujarat,India,2022-05-25
CUST05643,Samarth Modi,Female,vsawhney@example.org,7134873544,Bettiah,Gujarat,India,2024-03-07
CUST05644,Ekansh Naik,Male,nazarethyochana@example.com,9581279241,Kollam,Goa,India,2023-07-07
CUST05645,Laban Kale,Male,bbadami@example.org,3465628377,Bidhannagar,Tamil Nadu,India,2025-05-23
CUST05646,Omaja Kale,Female,natarajandarika@example.com,9567583360,Farrukhabad,Uttar Pradesh,India,2022-01-23
CUST05647,Jasmit Bhattacharyya,Female,natarajanrushil@example.org,8366030988,Eluru,Telangana,India,2026-06-14
CUST05648,Sanya Baria,Female,advaith40@example.org,0663034636,Raiganj,Chhattisgarh,India,2023-01-26
CUST05649,Dalaja Trivedi,Female,imanne@example.com,2235171380,Vadodara,Tamil Nadu,India,2023-05-01
CUST05650,Zaitra Mall,Female,gauri68@example.com,3613508033,Rewa,Punjab,India,2021-10-14
CUST05651,Gavin Tak,Female,aryarachita@example.com,7226330968,Raiganj,Andhra Pradesh,India,2022-06-10
CUST05652,Manbir Zachariah,Male,abeer39@example.com,8359614293,Kharagpur,Tripura,India,2023-09-04
CUST05653,Samuel Oak,Male,umang97@example.org,2382266449,Berhampore,Goa,India,2025-04-24
CUST05654,Samesh Virk,Male,pallaekaja@example.com,6156829584,Aligarh,Uttarakhand,India,2025-04-12
CUST05655,Ekiya Sabharwal,Male,ati57@example.com,1935649025,Hubli–Dharwad,Karnataka,India,2023-01-19
CUST05656,Victor Dar,Female,annefalguni@example.org,0434286269,Kakinada,Meghalaya,India,2022-12-26
CUST05657,Wahab Hayer,Female,hgole@example.net,0014768970,Amravati,Andhra Pradesh,India,2025-03-29
CUST05658,Siya Parikh,Male,ati37@example.net,8245791767,Gangtok,Bihar,India,2024-06-25
CUST05659,Abeer Padmanabhan,Male,kabirmitter@example.net,1618541187,Jehanabad,Kerala,India,2025-07-05
CUST05660,Indali Palla,Male,amara46@example.com,1084535920,Hyderabad,Nagaland,India,2024-07-15
CUST05661,Eshana Bahri,Male,chopraaarav@example.org,1734100260,Udaipur,Goa,India,2021-08-31
CUST05662,Abeer Reddy,Male,tnaidu@example.org,0116017340,Panipat,Punjab,India,2024-06-30
CUST05663,Urvi Ray,Male,chakradevkibe@example.com,7240605414,Kochi,West Bengal,India,2021-10-21
CUST05664,Osha Mani,Female,diptagolla@example.org,2438710189,Bally,Uttar Pradesh,India,2023-06-06
CUST05665,Rehaan Lad,Male,deshivani@example.org,9740222443,Imphal,Tamil Nadu,India,2022-11-15
CUST05666,Yutika Bedi,Male,trivenilanka@example.org,7411788239,Silchar,Andhra Pradesh,India,2023-06-04
CUST05667,Charles Mall,Male,wishiupadhyay@example.net,9703545383,Rohtak,Himachal Pradesh,India,2022-10-15
CUST05668,Chameli Kothari,Male,chasmum62@example.com,0603771544,Ahmednagar,Odisha,India,2022-02-07
CUST05669,Kavya Venkatesh,Male,jmammen@example.com,4295612883,Ambala,Manipur,India,2021-08-09
CUST05670,Isaiah Bhattacharyya,Male,chakradhar88@example.com,2722612309,Secunderabad,Tamil Nadu,India,2022-10-25
CUST05671,Faraj Mand,Male,lsharaf@example.org,4392010388,Delhi,Assam,India,2026-05-11
CUST05672,Nicholas Sunder,Female,takmohini@example.org,4391225974,Jorhat,Madhya Pradesh,India,2026-02-19
CUST05673,Manbir Radhakrishnan,Male,leela86@example.net,9308170771,Meerut,Goa,India,2022-01-14
CUST05674,Ekaraj Vaidya,Male,takomya@example.com,9808003681,Bellary,Sikkim,India,2022-04-24
CUST05675,Vanya Borah,Male,anirudh68@example.org,4652068320,Ambattur,Punjab,India,2025-08-18
CUST05676,Ishita Peri,Female,takmadhav@example.org,3742164995,Bellary,Kerala,India,2025-09-09
CUST05677,Veda Rout,Male,qchopra@example.com,8474500241,Bongaigaon,Goa,India,2026-07-13
CUST05678,Zayan Sangha,Female,sankarananya@example.org,6887542695,Indore,Nagaland,India,2023-11-01
CUST05679,Vincent Murthy,Female,benjamin92@example.org,3258017774,Bareilly,Uttar Pradesh,India,2026-06-21
CUST05680,Yashasvi Hayer,Female,lajita42@example.com,4222759546,Faridabad,Arunachal Pradesh,India,2022-05-22
CUST05681,Wriddhish Dasgupta,Male,psagar@example.com,9678376999,Nandyal,Meghalaya,India,2024-09-13
CUST05682,Lipika Wable,Male,vrittitrivedi@example.org,8797428367,Bettiah,Rajasthan,India,2023-06-03
CUST05683,Andrew Choudhry,Male,zacharya@example.net,0464889661,Agra,Himachal Pradesh,India,2025-08-26
CUST05684,Nakul Mohanty,Female,kiaan31@example.com,3613475984,Bhalswa Jahangir Pur,Meghalaya,India,2021-11-13
CUST05685,Chandani Choudhury,Male,mitrakamya@example.org,4348534104,Dhule,Bihar,India,2025-09-21
CUST05686,Oscar Zacharia,Female,ekbal00@example.com,9852881706,Rohtak,Uttar Pradesh,India,2024-11-03
CUST05687,Rushil Sama,Male,maanavwason@example.com,7965522936,Tadepalligudem,Arunachal Pradesh,India,2024-03-28
CUST05688,Samuel Khosla,Female,ptata@example.org,2849750265,Ludhiana,Madhya Pradesh,India,2023-09-08
CUST05689,Yadavi Kaur,Female,binabiswas@example.com,3219609580,Nanded,Chhattisgarh,India,2021-08-27
CUST05690,Rehaan Sagar,Female,benjamin07@example.com,1038127080,Silchar,Assam,India,2025-04-09
CUST05691,Bhavna Natt,Female,jainkrishna@example.net,2603625771,Nagaon,Uttarakhand,India,2024-08-13
CUST05692,Bhavya Saha,Male,wallageorge@example.net,6895242904,Sirsa,Chhattisgarh,India,2023-02-27
CUST05693,Inaya Gandhi,Female,janaki28@example.net,4572164060,Bokaro,Goa,India,2025-08-20
CUST05694,Yoshita Handa,Female,kharedarika@example.net,3240579240,Durg,Madhya Pradesh,India,2025-12-03
CUST05695,Jack Naidu,Male,jhalaklanka@example.com,8289088723,Pimpri-Chinchwad,Telangana,India,2022-04-08
CUST05696,Neelima Kadakia,Male,rsarraf@example.com,5550969356,Pimpri-Chinchwad,Gujarat,India,2025-07-07
CUST05697,Krishna Rana,Male,barmanniharika@example.org,6237129543,Udupi,Sikkim,India,2026-02-24
CUST05698,Samaksh Rai,Female,parikhveer@example.org,3885153956,Navi Mumbai,Gujarat,India,2024-10-09
CUST05699,Joshua Dara,Female,radha62@example.org,7888614706,Haldia,Sikkim,India,2026-01-25
CUST05700,Samar Garde,Male,xiti20@example.org,5896998068,Machilipatnam,Tripura,India,2022-10-19
CUST05701,Dayamai Raju,Male,npatel@example.org,7557760130,Vellore,Mizoram,India,2022-09-07
CUST05702,Caleb Srinivas,Male,yagneshdewan@example.org,3500866975,Jammu,Punjab,India,2025-11-23
CUST05703,Tejas Raman,Female,tamannashere@example.com,2933184579,Junagadh,Uttar Pradesh,India,2025-08-08
CUST05704,Quincy Sathe,Male,fariqdara@example.net,1966549999,Avadi,Chhattisgarh,India,2024-07-26
CUST05705,Faris Sheth,Male,kumarupkaar@example.org,2855158021,Bongaigaon,Madhya Pradesh,India,2025-01-15
CUST05706,Yashasvi Bansal,Male,pviswanathan@example.com,9875590371,Saharanpur,Haryana,India,2024-01-09
CUST05707,Urvashi Menon,Male,lucky88@example.net,7436434791,Jaipur,Manipur,India,2025-05-02
CUST05708,Ekani Bhattacharyya,Male,darsh60@example.net,3654911295,New Delhi,Bihar,India,2023-09-17
CUST05709,Isha Kadakia,Female,nadkarnimanbir@example.net,4606829835,Bharatpur,Assam,India,2024-04-17
CUST05710,Jason Borah,Female,awable@example.com,3162684038,Erode,Manipur,India,2022-08-11
CUST05711,Chakradev Kashyap,Female,george84@example.net,4668527849,Dhule,Chhattisgarh,India,2026-05-29
CUST05712,Rachita Subramaniam,Male,ysoman@example.org,0684815155,Gandhinagar,Karnataka,India,2023-06-19
CUST05713,Max Venkataraman,Female,chaudhurianthony@example.net,1497133322,Kirari Suleman Nagar,Manipur,India,2021-09-22
CUST05714,Faras Ganesan,Female,niharikamemon@example.org,9280027524,Srinagar,Kerala,India,2021-10-23
CUST05715,Oviya Sama,Female,lekhapatil@example.net,6946339240,Deoghar,Arunachal Pradesh,India,2025-02-07
CUST05716,Patrick Balay,Male,dasguptagautami@example.net,3996172413,Nagpur,Nagaland,India,2021-08-18
CUST05717,Anmol Kapur,Male,sibalyug@example.com,6763516886,Vadodara,Odisha,India,2022-12-11
CUST05718,Adya Sen,Male,sarafrishi@example.net,3912822588,Satara,Mizoram,India,2026-06-15
CUST05719,Bhavika Devan,Female,jalsakunda@example.org,3826954424,Warangal,Nagaland,India,2024-10-03
CUST05720,Anjali Gala,Female,dharveer@example.com,7015693555,Darbhanga,Odisha,India,2025-12-16
CUST05721,Girish Rama,Female,vohraaradhana@example.com,7175761401,Ratlam,Telangana,India,2024-12-31
CUST05722,Bhavani Rout,Female,guhapranit@example.net,5617362561,Giridih,Uttar Pradesh,India,2025-12-12
CUST05723,Praneel Upadhyay,Female,qoza@example.org,6443481340,Pune,Karnataka,India,2021-12-17
CUST05724,Isaiah Lanka,Female,vaidyamax@example.com,6088465334,Bilaspur,Bihar,India,2025-11-19
CUST05725,Dominic Bandi,Female,saraffaqid@example.com,9777048374,Ahmedabad,Gujarat,India,2026-01-05
CUST05726,Rachit Cherian,Male,murtysai@example.org,9871195260,Junagadh,Tamil Nadu,India,2024-06-09
CUST05727,Ria Rajagopal,Male,lavanyaganguly@example.com,5743729543,Alwar,Manipur,India,2023-04-29
CUST05728,Samesh Wali,Female,anita57@example.net,9341605807,Bhubaneswar,Nagaland,India,2024-03-15
CUST05729,Charan Sandhu,Female,frederick38@example.com,9825545519,Imphal,West Bengal,India,2023-04-21
CUST05730,Jalsa Trivedi,Male,lajita29@example.org,9148072232,Kalyan-Dombivli,Madhya Pradesh,India,2024-05-15
CUST05731,Jacob Badami,Male,handagopal@example.com,9774022392,Kollam,Andhra Pradesh,India,2026-03-25
CUST05732,Yasti Shah,Male,gaurangisachdeva@example.com,4612619972,Raichur,Nagaland,India,2024-03-04
CUST05733,Amruta Ghose,Male,sbhasin@example.org,2161249613,Ranchi,Haryana,India,2025-12-30
CUST05734,Aishani Murty,Male,hsrinivasan@example.org,7335283828,Yamunanagar,Punjab,India,2025-02-01
CUST05735,Faras Chaudry,Female,jairaj92@example.net,1074292184,Gangtok,Mizoram,India,2024-12-26
CUST05736,Aishani Majumdar,Male,geraganga@example.net,8508647703,Gandhinagar,Himachal Pradesh,India,2022-06-09
CUST05737,Darika Sundaram,Male,pdeep@example.com,0195423741,Coimbatore,Maharashtra,India,2022-08-19
CUST05738,Qasim Aurora,Female,madanxalak@example.net,2546311684,Parbhani,Himachal Pradesh,India,2022-03-25
CUST05739,Azad Vohra,Male,simongaba@example.org,1723539976,Kottayam,Odisha,India,2024-01-06
CUST05740,Leela Toor,Male,qsinghal@example.org,3745374374,Karnal,Bihar,India,2022-05-29
CUST05741,Brinda Rastogi,Male,spillai@example.com,5679070505,Bahraich,Bihar,India,2022-06-18
CUST05742,Jhalak Bhat,Male,cherianyatin@example.net,0535815525,Vasai-Virar,West Bengal,India,2025-12-04
CUST05743,Anvi Ratta,Female,mohantysara@example.org,7463254969,Ratlam,Sikkim,India,2025-05-28
CUST05744,Lakshmi Divan,Male,divanekapad@example.com,2383898615,Deoghar,Madhya Pradesh,India,2024-08-25
CUST05745,Orinder Varma,Male,zaid81@example.org,4656873657,Patna,Manipur,India,2024-08-03
CUST05746,Zinal Nadig,Female,parmeryachana@example.com,3424829715,Anantapuram,Mizoram,India,2021-11-06
CUST05747,Chakrika Aurora,Male,paigeetika@example.net,7697263281,Nizamabad,Nagaland,India,2025-05-18
CUST05748,Osha Som,Female,samesh30@example.net,2172889376,Shivpuri,Rajasthan,India,2023-09-02
CUST05749,Bhavani Date,Female,yatin01@example.org,5123391831,Lucknow,Tripura,India,2023-03-11
CUST05750,Lopa Chatterjee,Female,anvi15@example.net,4235484068,Uluberia,Haryana,India,2025-04-06
CUST05751,Naveen Handa,Female,ekapad95@example.org,7582632820,Nagercoil,Haryana,India,2024-03-05
CUST05752,Harrison Soman,Male,kvirk@example.com,1737265596,Surendranagar Dudhrej,Tripura,India,2023-07-23
CUST05753,Lipika Lanka,Male,pallamadhav@example.com,9568039973,Phagwara,Jharkhand,India,2025-12-29
CUST05754,Anya Ravel,Female,bansalsiya@example.com,1192634604,Malda,Uttarakhand,India,2024-03-21
CUST05755,Lucky Sen,Female,uviswanathan@example.net,3301303782,Ambarnath,Sikkim,India,2021-08-22
CUST05756,Ria Varty,Male,sudikshabrahmbhatt@example.com,3922666951,Pudukkottai,Bihar,India,2023-02-24
CUST05757,Leela Vyas,Female,qpanchal@example.org,0192786830,Tirupati,Rajasthan,India,2025-04-15
CUST05758,Max Badami,Male,ucchal41@example.com,2874668893,Guntur,Tripura,India,2026-01-25
CUST05759,Rajeshri Yadav,Male,nilima58@example.org,4339985436,New Delhi,Rajasthan,India,2022-02-16
CUST05760,Chandresh Dani,Female,chanchalsule@example.com,0431133821,Aurangabad,Jharkhand,India,2023-06-15
CUST05761,Raghav Chana,Male,singhayushman@example.org,3430988269,Bhatpara,Maharashtra,India,2024-09-02
CUST05762,Gaurav Palla,Female,hardikchandran@example.com,3180307213,Korba,Odisha,India,2026-01-08
CUST05763,Arjun Dhawan,Female,vasudhachaudry@example.org,7586038394,Ambattur,Himachal Pradesh,India,2025-03-20
CUST05764,Bhavya Nazareth,Male,dhillonjeremiah@example.org,9336542678,Begusarai,Odisha,India,2022-01-08
CUST05765,Hemal Nayar,Female,daniel90@example.com,6995518458,Orai,Nagaland,India,2024-11-26
CUST05766,Avni Divan,Male,vluthra@example.org,1309907617,Patiala,Odisha,India,2026-06-28
CUST05767,Tamanna Wali,Female,anirudhperi@example.org,8208996594,Satara,Odisha,India,2025-10-14
CUST05768,Champak Mutti,Male,jsandhu@example.net,5502878373,Kakinada,Arunachal Pradesh,India,2023-01-21
CUST05769,Onveer Chaudhry,Male,luke47@example.org,5739856152,Mathura,Punjab,India,2026-03-05
CUST05770,Jasmit Bobal,Male,liamnayar@example.net,9221209362,Gaya,Uttarakhand,India,2026-02-26
CUST05771,Oliver Nayar,Male,urvashisane@example.net,3659380855,Vasai-Virar,Karnataka,India,2022-03-19
CUST05772,Patrick Balasubramanian,Female,ogoel@example.org,8902498432,Guntur,Himachal Pradesh,India,2026-01-23
CUST05773,Vedika Sagar,Female,kaurishaan@example.com,9525549446,Tadipatri,Kerala,India,2023-08-01
CUST05774,Ishanvi Bhavsar,Female,agoda@example.com,4519600106,Thane,Punjab,India,2025-11-16
CUST05775,Upasna Som,Female,vidhilad@example.org,1688635385,Guwahati,Telangana,India,2025-06-18
CUST05776,Ekbal Bahl,Female,gollanilima@example.com,1286545442,Udaipur,Gujarat,India,2025-06-21
CUST05777,Pallavi Chaudry,Male,hkhosla@example.org,7019928355,Kavali,Punjab,India,2022-12-28
CUST05778,Nihal Anand,Female,yparmer@example.org,7528988117,Ranchi,Telangana,India,2024-09-06
CUST05779,Aryan Mitter,Female,zmohanty@example.org,6790617431,Deoghar,Gujarat,India,2022-04-13
CUST05780,Vedika Narasimhan,Male,xdhingra@example.net,5835368707,Maheshtala,Maharashtra,India,2021-08-21
CUST05781,Indira Wadhwa,Female,osha31@example.com,5746548442,Motihari,Tripura,India,2022-02-22
CUST05782,Wyatt Hegde,Male,kalpitchandra@example.org,4342158373,Maheshtala,Telangana,India,2023-12-20
CUST05783,Pahal Biswas,Male,xmistry@example.com,7752116506,Bharatpur,Himachal Pradesh,India,2025-01-19
CUST05784,Kashish Sidhu,Male,champak80@example.net,4385642102,Bhagalpur,Gujarat,India,2021-12-26
CUST05785,Naksh Dar,Male,bhavyachaudry@example.com,4131398478,Bhubaneswar,Sikkim,India,2021-08-03
CUST05786,Bhanumati Varughese,Male,yatinmurthy@example.net,3118302384,Khora ,Kerala,India,2023-09-15
CUST05787,Onkar Prabhakar,Male,deshmukhmohammed@example.org,2913909654,Bellary,Meghalaya,India,2024-07-12
CUST05788,Brinda Bobal,Male,yperi@example.org,2694719904,Jammu,Madhya Pradesh,India,2023-12-03
CUST05789,Teerth Goel,Female,ranveerhegde@example.com,9117251632,Tadipatri,Nagaland,India,2025-10-11
CUST05790,Tanay Naik,Male,pallamax@example.net,8242303736,Jamnagar,Gujarat,India,2023-12-20
CUST05791,Hredhaan Thaker,Female,tamanna68@example.org,0356518951,Sultan Pur Majra,Bihar,India,2024-01-27
CUST05792,Wriddhish Sandhu,Female,srinivasbakhshi@example.com,9609349943,Satna,Uttar Pradesh,India,2023-11-23
CUST05793,Mason Setty,Female,adviktiwari@example.com,9458156569,Etawah,Tamil Nadu,India,2026-07-22
CUST05794,Jhalak Patel,Female,bandidaniel@example.com,6658018786,Rohtak,Karnataka,India,2024-01-11
CUST05795,Mitesh Balay,Female,jkhalsa@example.net,6532764007,Hosur,Uttarakhand,India,2023-01-31
CUST05796,Radha Sundaram,Female,sanimeghana@example.com,4819960409,Thanjavur,Rajasthan,India,2021-10-12
CUST05797,Vidhi Shan,Male,vkhare@example.net,2723924495,Muzaffarnagar,West Bengal,India,2022-06-09
CUST05798,Rushil Parmar,Female,atwalyashica@example.org,9003668428,Howrah,Uttarakhand,India,2021-10-19
CUST05799,Urvi Behl,Female,kondaubika@example.net,0697962529,Mirzapur,West Bengal,India,2023-06-27
CUST05800,Dalbir Kakar,Male,patrickshankar@example.net,1370622180,Surendranagar Dudhrej,Sikkim,India,2023-11-21
CUST05801,Nihal Desai,Female,gadedhruv@example.org,5046414575,Dewas,Telangana,India,2025-04-20
CUST05802,Devansh Iyengar,Female,tsawhney@example.com,0681401502,Bhimavaram,Bihar,India,2022-11-17
CUST05803,Vinaya Lanka,Male,revavarghese@example.net,5806191304,Baranagar,Uttarakhand,India,2022-11-17
CUST05804,Aarav Din,Male,bdube@example.org,0541838914,Patna,Haryana,India,2023-09-27
CUST05805,Girik Mall,Male,anamika77@example.net,3646671751,Kirari Suleman Nagar,Chhattisgarh,India,2025-09-27
CUST05806,Umang Acharya,Female,elijah36@example.net,5715251092,Lucknow,Himachal Pradesh,India,2023-06-11
CUST05807,Ethan Pingle,Male,hiralsunder@example.org,2043512386,Gandhidham,Telangana,India,2026-05-17
CUST05808,Vedika Gole,Male,praneel59@example.org,6202995486,Jalna,Andhra Pradesh,India,2023-07-30
CUST05809,Thomas Cheema,Male,inaidu@example.org,3702383207,Bathinda,Rajasthan,India,2023-09-27
CUST05810,Chanakya Guha,Female,timothy99@example.org,1941887352,Sambhal,Mizoram,India,2022-10-10
CUST05811,Gunbir Dyal,Male,calebmishra@example.org,4375520166,Khammam,Gujarat,India,2023-11-29
CUST05812,Tanveer Balasubramanian,Male,sampathyashodhara@example.org,0844714554,Purnia,Arunachal Pradesh,India,2024-11-10
CUST05813,Noah Upadhyay,Female,damyanti55@example.net,8897002510,Surat,Maharashtra,India,2024-11-22
CUST05814,Vihaan Ahluwalia,Female,mvala@example.net,6774336490,Guntakal,Rajasthan,India,2024-06-13
CUST05815,Yauvani Jani,Female,aptesachi@example.com,5907527192,Dhule,Maharashtra,India,2022-03-22
CUST05816,Indali Loke,Female,bcheema@example.com,9056203217,Mathura,Haryana,India,2026-03-09
CUST05817,Nitara Bal,Male,gadezayan@example.com,3692643347,Shivpuri,Assam,India,2026-01-23
CUST05818,Yasti Naik,Female,ekhare@example.com,9784697520,Kolhapur,Tripura,India,2024-12-29
CUST05819,Anay Chhabra,Male,ekantika08@example.com,1922698665,Mirzapur,Chhattisgarh,India,2023-04-11
CUST05820,Ishita Ray,Female,garglakshit@example.com,8796787535,Jamnagar,Rajasthan,India,2024-01-24
CUST05821,Mugdha Tella,Female,kramanathan@example.net,5601545563,Moradabad,Gujarat,India,2025-04-22
CUST05822,Jagat Patla,Male,patilanika@example.net,9741242252,Avadi,Andhra Pradesh,India,2022-06-01
CUST05823,Mekhala Basak,Female,idora@example.com,6447655918,Bhatpara,Punjab,India,2026-01-25
CUST05824,Anjali Uppal,Female,dubeytriveni@example.org,3734939854,Tadipatri,Himachal Pradesh,India,2022-05-26
CUST05825,Harsh Rao,Female,sathvikmorar@example.org,1318522969,Mirzapur,Odisha,India,2023-06-17
CUST05826,Vedant Narula,Male,chanakyazachariah@example.org,2704696485,Dibrugarh,Manipur,India,2022-10-29
CUST05827,Nicholas Doctor,Female,harish28@example.net,5666089093,Barasat,Goa,India,2022-07-17
CUST05828,Jagat Talwar,Male,dalaja02@example.com,0490206553,Khandwa,Telangana,India,2025-09-16
CUST05829,Oliver Kalita,Female,devanavi@example.org,3061723953,Ramgarh,Bihar,India,2023-06-10
CUST05830,Sanya Kunda,Female,bminhas@example.net,3932133203,Ramagundam,Goa,India,2026-06-29
CUST05831,Anita Bansal,Male,nirjahayre@example.com,5492308337,Cuttack,Andhra Pradesh,India,2023-03-19
CUST05832,Ridhi Lall,Female,farhantata@example.com,2183751142,Mangalore,Kerala,India,2025-05-07
CUST05833,Jagat Mistry,Male,baljiwan44@example.net,3155115622,Latur,Odisha,India,2026-06-09
CUST05834,Jhalak Dass,Male,atwalnakul@example.net,7637199469,Morena,Andhra Pradesh,India,2022-01-12
CUST05835,Janaki Chaudhuri,Male,hitesh13@example.com,2786974250,Phagwara,Arunachal Pradesh,India,2022-02-12
CUST05836,Bhavika Sarma,Male,hredhaan86@example.com,6911076167,Ahmednagar,Tamil Nadu,India,2026-04-06
CUST05837,Hema Das,Female,dsastry@example.org,2699853275,Tiruchirappalli,Sikkim,India,2023-12-26
CUST05838,Jason Sahota,Male,arindar@example.org,3676019520,Naihati,Tripura,India,2025-05-20
CUST05839,Advaith Kala,Male,keya35@example.com,2908526565,New Delhi,Uttar Pradesh,India,2026-06-02
CUST05840,Raghav Andra,Female,snehakumer@example.net,2905192178,Kota,Nagaland,India,2026-04-28
CUST05841,Brijesh Kumar,Male,aashiseshadri@example.org,0281455051,Satna,Himachal Pradesh,India,2025-01-22
CUST05842,Avni Patel,Female,uchakrabarti@example.org,9885349714,Berhampur,Tamil Nadu,India,2024-05-20
CUST05843,Inaya Badal,Female,charvi60@example.org,2090979573,Bhilai,Odisha,India,2024-05-19
CUST05844,Abhiram Loyal,Male,settysanya@example.net,7516600473,Jamnagar,Assam,India,2022-10-09
CUST05845,Dakshesh Dass,Female,fnarain@example.net,0654549888,Mehsana,Kerala,India,2025-07-21
CUST05846,Vedant Hans,Female,vihaan53@example.org,4397681917,Nagercoil,Chhattisgarh,India,2023-05-14
CUST05847,Nihal Rajagopalan,Male,ria34@example.net,6981231583,Hubli–Dharwad,Jharkhand,India,2021-10-23
CUST05848,Karan Chaudhuri,Female,battarachita@example.net,8955964933,Vasai-Virar,Rajasthan,India,2022-09-02
CUST05849,Arunima Jain,Female,kbanerjee@example.org,4136712982,Vijayanagaram,Gujarat,India,2023-11-21
CUST05850,Samar Minhas,Female,siddharthdatta@example.org,9264002215,Durgapur,Haryana,India,2024-07-31
CUST05851,Darsh Sha,Female,sandallavanya@example.net,2851142571,Kulti,Mizoram,India,2021-10-05
CUST05852,Mugdha Wali,Female,chaudharyvictor@example.org,8224393786,Kharagpur,Himachal Pradesh,India,2025-04-04
CUST05853,Mohini Halder,Male,manneucchal@example.net,5683097521,Anantapur,Tamil Nadu,India,2024-12-10
CUST05854,Isha Saha,Female,emane@example.net,9339806497,Satara,Nagaland,India,2023-11-05
CUST05855,Nimrat Biswas,Female,sanghvilaksh@example.org,8694310516,Jhansi,Uttar Pradesh,India,2022-08-23
CUST05856,Faris Sami,Female,tgokhale@example.net,5108682243,Ramagundam,Punjab,India,2023-11-16
CUST05857,Falak Menon,Male,varshakoshy@example.com,3835199588,Serampore,Goa,India,2022-10-03
CUST05858,Nakul Bawa,Female,bchander@example.org,3653015134,Panipat,Tamil Nadu,India,2022-08-21
CUST05859,Rushil Kade,Female,dugarchandani@example.org,5722125096,Junagadh,Jharkhand,India,2023-02-24
CUST05860,Triya Jha,Male,advikagoda@example.com,0860167873,Mau,Meghalaya,India,2024-12-22
CUST05861,Dakshesh Chakrabarti,Male,vmani@example.com,0703066505,Bhilwara,Himachal Pradesh,India,2021-11-12
CUST05862,Aarush Jayaraman,Female,bnagy@example.org,7485191994,Coimbatore,Jharkhand,India,2022-03-20
CUST05863,Osha Krish,Female,nayakkaran@example.org,5211808594,Siwan,Jharkhand,India,2022-03-16
CUST05864,Robert Ramanathan,Female,victor27@example.net,4620531602,Bokaro,Chhattisgarh,India,2022-12-09
CUST05865,Samar Hans,Male,ugoda@example.net,1798569490,Chandrapur,Meghalaya,India,2025-12-27
CUST05866,Devansh Pradhan,Female,pmajumdar@example.com,8053470015,Sikar,Nagaland,India,2022-10-22
CUST05867,Inaya Mukhopadhyay,Female,amblejoshua@example.org,0461829053,Jabalpur,Punjab,India,2021-08-13
CUST05868,Tarak Sura,Female,vrinda56@example.net,1661469961,Salem,Mizoram,India,2021-08-11
CUST05869,Chatresh Agate,Male,onveer15@example.com,1579393215,Khora ,Arunachal Pradesh,India,2025-10-31
CUST05870,Nidra Lala,Female,vinaya03@example.net,7839610589,Navi Mumbai,Mizoram,India,2022-08-25
CUST05871,Manthan Vora,Male,kashvi68@example.org,2186734940,Korba,Nagaland,India,2021-08-12
CUST05872,Vinaya Borah,Male,taraksetty@example.com,6850773085,Udaipur,Goa,India,2022-05-23
CUST05873,Chaitaly Misra,Male,victor35@example.net,1811100842,Jamalpur,Tripura,India,2023-05-06
CUST05874,Balvan Prakash,Male,yghose@example.net,8632544842,Kharagpur,Punjab,India,2025-09-18
CUST05875,Daniel Chaudry,Male,brijeshbadami@example.net,1285887818,Thane,Gujarat,India,2026-06-29
CUST05876,Odika Mutti,Female,tsarraf@example.net,0894393781,Chandigarh,Mizoram,India,2023-05-05
CUST05877,Omkaar Patil,Female,rajagopalanchaaya@example.com,4942870649,Hosur,Maharashtra,India,2025-06-25
CUST05878,Ekavir Ahuja,Male,vinaya33@example.net,3459811460,Allahabad,Haryana,India,2025-08-26
CUST05879,Arjun Bath,Female,nadkarninaveen@example.net,3985224992,Tirunelveli,Rajasthan,India,2024-09-02
CUST05880,Gayathri Manne,Female,yauvani87@example.net,5327561174,Buxar,Uttar Pradesh,India,2024-09-13
CUST05881,Baghyawati Mammen,Male,mkhurana@example.net,8062013063,Aizawl,Sikkim,India,2025-07-09
CUST05882,Bachittar Deo,Male,mohanchandran@example.com,7600407653,Mahbubnagar,Assam,India,2023-12-26
CUST05883,Keya Viswanathan,Male,joshua23@example.net,0486650582,Ongole,Rajasthan,India,2024-12-26
CUST05884,Falan Jha,Female,harshilmajumdar@example.net,0587463241,Pallavaram,Uttar Pradesh,India,2024-03-27
CUST05885,Onveer Kapadia,Male,liamiyer@example.com,7941513706,Bhilwara,Maharashtra,India,2023-09-22
CUST05886,Nirja Sen,Male,rachit23@example.org,6438608769,Amaravati,Bihar,India,2022-05-21
CUST05887,Arjun Purohit,Male,koshydavid@example.org,1056584210,Shivpuri,Haryana,India,2024-05-21
CUST05888,Ucchal Tara,Male,bbassi@example.net,9046604175,Guwahati,Madhya Pradesh,India,2026-07-16
CUST05889,Chavvi Suresh,Male,logandugal@example.net,2866039378,Raipur,Nagaland,India,2022-02-13
CUST05890,Zilmil Nayar,Female,vedant51@example.net,0784807674,Unnao,Meghalaya,India,2024-04-02
CUST05891,Raghav Varughese,Female,srivastavachameli@example.com,5912537346,Mira-Bhayandar,Kerala,India,2023-08-15
CUST05892,Zayyan Sarma,Female,shankeranya@example.com,5970105990,Firozabad,Madhya Pradesh,India,2024-01-16
CUST05893,Unni Sharma,Female,nbatta@example.org,1775275974,Mau,Haryana,India,2024-01-21
CUST05894,Nandini Sur,Female,misraurvashi@example.net,0385854610,Adoni,Kerala,India,2022-07-01
CUST05895,Urishilla Batra,Male,pinglegayathri@example.org,0799757198,Mangalore,Assam,India,2023-10-03
CUST05896,Peter Bansal,Female,aarna95@example.com,2004394559,Ichalkaranji,Rajasthan,India,2025-06-11
CUST05897,Pranav Amble,Male,rushil71@example.org,1980607033,Surat,Telangana,India,2025-04-01
CUST05898,Anusha Sagar,Male,liam60@example.org,6507573507,Farrukhabad,West Bengal,India,2025-02-21
CUST05899,Urvashi Krishna,Female,oeshi26@example.org,4027251795,Ratlam,Madhya Pradesh,India,2024-08-10
CUST05900,Rayaan Rout,Male,hbuch@example.org,7618645632,Hyderabad,Tripura,India,2024-02-24
CUST05901,Kashish Badami,Female,pandyachatura@example.org,3753240808,Jalandhar,Tripura,India,2022-10-30
CUST05902,Logan Buch,Male,farhanbhatt@example.org,0467821611,Udaipur,Uttarakhand,India,2021-11-21
CUST05903,Warjas Karpe,Male,xavier90@example.org,8856252500,Sambhal,Telangana,India,2023-02-12
CUST05904,Ayushman Baria,Female,qadimnazareth@example.org,6785984049,Motihari,Madhya Pradesh,India,2024-12-15
CUST05905,Nilima Pant,Male,keya37@example.org,3008368596,Nangloi Jat,West Bengal,India,2024-04-18
CUST05906,Jai Gala,Male,deomeera@example.org,1601870932,Parbhani,Jharkhand,India,2026-04-22
CUST05907,Isaiah Mital,Male,kadakiaatharv@example.com,9345244645,New Delhi,Mizoram,India,2025-06-26
CUST05908,Pushti Dey,Female,vihaansawhney@example.org,2452495124,Darbhanga,Manipur,India,2022-05-23
CUST05909,Niharika Chaudhari,Male,varshakari@example.com,9943086799,Khammam,Sikkim,India,2025-11-04
CUST05910,Libni Varughese,Male,rkala@example.org,5151934723,Srikakulam,Odisha,India,2025-03-20
CUST05911,Rudra Choudhry,Female,xluthra@example.net,8952458092,Gwalior,Jharkhand,India,2025-02-22
CUST05912,Bhavna Kant,Female,balendraravi@example.com,0261164705,Kumbakonam,Kerala,India,2023-05-01
CUST05913,Gabriel Luthra,Male,menonpranav@example.net,7941039310,Pali,Madhya Pradesh,India,2024-11-21
CUST05914,Rudra Uppal,Male,raujalsa@example.net,7836732905,Deoghar,Uttar Pradesh,India,2021-08-27
CUST05915,Wridesh Halder,Male,keyadixit@example.org,2223822341,Bhilai,Kerala,India,2026-06-29
CUST05916,Qarin Natt,Male,kkhurana@example.net,9957475451,Vijayawada,Mizoram,India,2025-07-24
CUST05917,Harini Deo,Female,kiaan14@example.org,9704694324,Chinsurah,Mizoram,India,2024-08-16
CUST05918,Yash Bajaj,Female,neel33@example.net,2803076288,Tadipatri,Punjab,India,2024-01-28
CUST05919,Nidhi Chatterjee,Female,btalwar@example.org,9140542706,Chandrapur,Punjab,India,2021-12-22
CUST05920,Orinder Dube,Female,hkuruvilla@example.com,5993493857,Guna,Chhattisgarh,India,2026-06-18
CUST05921,Ati Sanghvi,Male,qabilratti@example.org,4158473348,Gulbarga,Arunachal Pradesh,India,2023-06-23
CUST05922,Anthony Nazareth,Female,maniishanvi@example.net,9901806813,Kumbakonam,Madhya Pradesh,India,2023-11-19
CUST05923,David Srivastava,Male,ebalakrishnan@example.org,5498085852,Tirunelveli,Sikkim,India,2023-06-08
CUST05924,Advay Ranganathan,Female,rmital@example.net,6939018375,Anantapuram,Madhya Pradesh,India,2023-12-22
CUST05925,Qabil Aurora,Male,bhavaniganguly@example.net,3202337106,Malegaon,Rajasthan,India,2024-05-27
CUST05926,Vyanjana Kade,Male,dasguptakritika@example.com,6673699352,Panihati,Andhra Pradesh,India,2023-07-24
CUST05927,Omkaar Sule,Male,gardeirya@example.org,1380522916,Panvel,Nagaland,India,2025-06-12
CUST05928,Divya Bobal,Male,nattjason@example.net,1859894884,Barasat,Sikkim,India,2022-08-01
CUST05929,Veer Ravel,Male,raghav30@example.org,0619339587,Sasaram,Uttar Pradesh,India,2026-06-23
CUST05930,Hredhaan Sharma,Female,tpalla@example.com,9826153436,Ajmer,Tamil Nadu,India,2023-02-19
CUST05931,Dayita Wason,Male,ryan81@example.net,9131763950,Udaipur,Himachal Pradesh,India,2025-08-19
CUST05932,Kritika Dua,Male,onkar94@example.net,2564571244,Bijapur,Mizoram,India,2024-03-07
CUST05933,Dalaja Natt,Female,awalia@example.org,4296666635,Mangalore,Mizoram,India,2023-04-18
CUST05934,Janya Ray,Male,yochana33@example.com,2744407549,Amravati,Telangana,India,2026-02-16
CUST05935,Guneet Natarajan,Female,narangsamaksh@example.net,6895494844,Giridih,Punjab,India,2021-12-24
CUST05936,Anirudh Sachdev,Female,balendra23@example.com,9697799732,Nagpur,Chhattisgarh,India,2025-08-08
CUST05937,Tanish Kant,Female,hemangini74@example.com,1883250624,Yamunanagar,Himachal Pradesh,India,2025-09-15
CUST05938,Udarsh Bhatti,Male,zmital@example.org,2954080836,Panvel,Rajasthan,India,2025-05-21
CUST05939,Lavanya Ravel,Female,gkhalsa@example.com,1934149127,Ghaziabad,Himachal Pradesh,India,2024-04-18
CUST05940,Ladli Raj,Male,oviya12@example.net,2445340310,Morbi,Uttarakhand,India,2025-11-02
CUST05941,Liam Nagarajan,Male,naikishani@example.com,1043739063,Panchkula,Madhya Pradesh,India,2024-01-07
CUST05942,Laksh Chandra,Male,garaxalak@example.net,0642625428,Malda,Goa,India,2024-07-29
CUST05943,Ansh Kapur,Male,gbabu@example.com,6650165406,Sangli-Miraj & Kupwad,Tamil Nadu,India,2022-03-06
CUST05944,Charan Sha,Female,ikbaldugar@example.net,6731150388,Eluru,Odisha,India,2025-07-01
CUST05945,Tanay Ganesan,Female,theodorevarma@example.com,2204173435,Panvel,Gujarat,India,2025-07-12
CUST05946,Gaurangi Tailor,Female,nathanieljain@example.net,4158989948,Kota,West Bengal,India,2023-05-01
CUST05947,Oliver Banerjee,Female,sdewan@example.com,1112085657,Ajmer,Himachal Pradesh,India,2025-04-21
CUST05948,Yoshita Sridhar,Female,divancharan@example.com,8595950453,Ludhiana,Kerala,India,2022-06-17
CUST05949,Aryan Mukherjee,Male,yashasvisrinivasan@example.org,4316806007,Uluberia,Uttarakhand,India,2024-12-02
CUST05950,Gunbir Sahni,Female,npandey@example.com,9898600193,Lucknow,Karnataka,India,2024-12-01
CUST05951,Gaurangi Balan,Female,sachdevradha@example.net,7715616339,Aligarh,Madhya Pradesh,India,2024-02-01
CUST05952,Harinakshi Sarraf,Male,indaliradhakrishnan@example.net,1611264667,Sirsa,Andhra Pradesh,India,2025-01-25
CUST05953,Urmi Modi,Male,desairadha@example.org,0884503530,Naihati,Jharkhand,India,2022-10-12
CUST05954,Falguni Mody,Female,lkalla@example.org,0163755404,Tenali,Punjab,India,2025-04-25
CUST05955,David Sehgal,Male,mishrachampak@example.net,1796015058,Ajmer,Himachal Pradesh,India,2022-06-28
CUST05956,Amrita Dhar,Male,nachiketvenkatesh@example.com,4928583740,Medininagar,Sikkim,India,2021-08-31
CUST05957,Urishilla Kara,Female,brijeshbumb@example.net,4058024269,Varanasi,Karnataka,India,2022-12-09
CUST05958,Pooja Khatri,Female,katamanbir@example.com,4895157112,Ozhukarai,Andhra Pradesh,India,2025-09-09
CUST05959,Teerth Tak,Male,advaithbali@example.net,1311948875,Muzaffarnagar,Assam,India,2026-03-11
CUST05960,Guneet Buch,Male,wpradhan@example.net,4126153502,Bhind,Gujarat,India,2022-06-12
CUST05961,Dayita Nigam,Male,waliagautam@example.org,4834319882,Rampur,Himachal Pradesh,India,2022-11-25
CUST05962,Anika Reddy,Female,groveraradhana@example.org,2432315192,Chennai,Sikkim,India,2023-11-09
CUST05963,Chaitanya Babu,Male,yutikabaria@example.com,0872999835,Agra,Tamil Nadu,India,2026-05-31
CUST05964,Zaid Saxena,Male,jananimadan@example.org,2517294896,Chapra,Manipur,India,2023-03-06
CUST05965,Charita Gola,Female,tanish18@example.org,7093065679,Kumbakonam,Sikkim,India,2024-04-16
CUST05966,Harita Anand,Male,gillrohan@example.org,6287768203,Ahmednagar,Chhattisgarh,India,2021-08-07
CUST05967,Saksham Gole,Female,egole@example.net,3704726784,Panvel,Goa,India,2025-04-06
CUST05968,Vedika Kala,Male,wkohli@example.com,3627490297,Meerut,Punjab,India,2024-05-24
CUST05969,Hemal Sur,Female,rshenoy@example.com,8195794899,Korba,Mizoram,India,2024-07-04
CUST05970,Robert Aurora,Male,sarmatheodore@example.com,9660155502,Dharmavaram,Punjab,India,2026-07-09
CUST05971,Vasatika Goyal,Male,turvi75@example.com,1166619859,Thanjavur,Mizoram,India,2026-01-10
CUST05972,Falak Bath,Male,wmohan@example.org,3853207345,Thoothukudi,Nagaland,India,2021-12-31
CUST05973,Frederick Magar,Female,aachal53@example.org,5425657491,Aurangabad,Madhya Pradesh,India,2021-07-30
CUST05974,Naveen Pradhan,Female,darpanwable@example.com,5666889516,Mira-Bhayandar,Maharashtra,India,2024-04-08
CUST05975,Yagnesh Mital,Female,amblevamakshi@example.org,8027536138,Singrauli,Assam,India,2025-09-24
CUST05976,Waida Brahmbhatt,Female,kashviravi@example.net,2675886066,Surendranagar Dudhrej,Himachal Pradesh,India,2023-10-26
CUST05977,Samesh Nagi,Female,zmand@example.net,5042868792,Ghaziabad,Sikkim,India,2024-12-21
CUST05978,Omkaar Sidhu,Female,eminhas@example.net,8645821066,Gorakhpur,Manipur,India,2021-11-15
CUST05979,Frado Devan,Female,omkonda@example.net,1401272684,Bhavnagar,Telangana,India,2023-08-02
CUST05980,Aachal Chaudry,Male,ramanathanarin@example.org,0403768848,Raipur,Goa,India,2025-05-29
CUST05981,Vritti Sarma,Male,tthakkar@example.org,5996127059,Bahraich,Meghalaya,India,2025-08-19
CUST05982,Veer Kuruvilla,Male,adweta91@example.net,6285970590,Bhopal,Odisha,India,2022-03-31
CUST05983,Irya Kade,Male,bumbchasmum@example.net,6359494120,Bettiah,Tamil Nadu,India,2021-10-30
CUST05984,Ekaraj Kumer,Female,evarkey@example.net,2039627272,Thrissur,Arunachal Pradesh,India,2024-01-12
CUST05985,Advay Goyal,Male,ymohan@example.net,6559274640,Karimnagar,Mizoram,India,2023-08-26
CUST05986,Chaaya Rastogi,Male,vaishnavi03@example.net,1125383525,Nadiad,Madhya Pradesh,India,2025-12-18
CUST05987,Frado Karpe,Female,yachana29@example.com,5487238998,Hajipur,Goa,India,2023-10-12
CUST05988,Bakhshi Virk,Male,ekalinga48@example.com,5463303563,Kollam,Goa,India,2025-09-19
CUST05989,Anya Chaudhuri,Male,mammenadvik@example.org,0471765287,Bhind,Himachal Pradesh,India,2023-08-19
CUST05990,Lohit Chahal,Male,nidhi41@example.org,7305123463,Belgaum,Chhattisgarh,India,2025-07-05
CUST05991,Jeet Muni,Male,modyvasana@example.com,4366271675,Dehradun,Chhattisgarh,India,2024-11-01
CUST05992,Vihaan Bakshi,Female,faris81@example.com,4514192864,Sirsa,Uttar Pradesh,India,2024-10-02
CUST05993,Vihaan Loyal,Female,mkohli@example.org,3982088790,Miryalaguda,Himachal Pradesh,India,2024-03-11
CUST05994,Neel Vaidya,Male,bhavna88@example.com,5453216775,Aurangabad,Karnataka,India,2022-10-15
CUST05995,Xiti Sahni,Male,hsarraf@example.org,2125956476,Aligarh,Uttarakhand,India,2022-11-10
CUST05996,Yashvi Shah,Male,oshamurty@example.net,8874014155,Pondicherry,Assam,India,2022-07-26
CUST05997,Vrinda Kara,Female,omaja74@example.com,1860851334,Kollam,Andhra Pradesh,India,2025-03-27
CUST05998,Bhavika Varty,Male,unnatikanda@example.org,2987015575,Bilaspur,Tamil Nadu,India,2025-01-05
CUST05999,Yuvraj Gupta,Female,ganesanikbal@example.com,7165657999,Madurai,Mizoram,India,2022-03-14
CUST06000,Ganga Sama,Male,psinghal@example.net,2275925210,Chittoor,Kerala,India,2022-08-09
CUST06001,Yash Bal,Male,liladugar@example.org,1507572168,Anantapuram,Madhya Pradesh,India,2026-01-05
CUST06002,Vritti Mand,Female,ekbalwable@example.net,5490404282,Yamunanagar,Tripura,India,2023-04-20
CUST06003,Anusha Halder,Female,barmangopal@example.com,1647810217,Bhavnagar,Rajasthan,India,2022-08-09
CUST06004,Laksh Virk,Male,dashemal@example.com,7287616744,Amritsar,Kerala,India,2026-05-01
CUST06005,Nidhi Dubey,Male,ekaraj40@example.net,5833555262,Tezpur,Telangana,India,2022-05-29
CUST06006,Vedhika Choudhury,Male,harini28@example.com,3459152350,Jammu,Madhya Pradesh,India,2026-04-02
CUST06007,Ucchal Sharma,Female,doshiaarini@example.net,3121068235,Bhopal,Odisha,India,2025-02-15
CUST06008,Panini Edwin,Female,dasguptarohan@example.com,5686582177,Gaya,Gujarat,India,2024-02-28
CUST06009,Wazir Nath,Female,tanveer10@example.net,3996775805,Gorakhpur,Uttar Pradesh,India,2024-08-20
CUST06010,Watika Sangha,Female,imarandar@example.com,2965719183,Varanasi,Telangana,India,2023-05-24
CUST06011,Ronith Dutta,Male,priyaacharya@example.org,0670493934,Motihari,Haryana,India,2023-03-29
CUST06012,Madhavi Mammen,Female,elijahdash@example.net,2084566647,Madanapalle,Maharashtra,India,2024-11-22
CUST06013,Anusha Choudhury,Male,dhingravasatika@example.org,9168968738,Ongole,Himachal Pradesh,India,2024-01-01
CUST06014,Kavya Garg,Male,behldaksha@example.org,8402222260,Bhiwandi,Bihar,India,2022-05-27
CUST06015,Rachit Vaidya,Female,ganesanojasvi@example.org,9523702820,Gangtok,Sikkim,India,2024-07-21
CUST06016,Chaaya Ravel,Male,chamantailor@example.net,8855545633,Bahraich,Assam,India,2026-06-27
CUST06017,Janaki Kulkarni,Male,igupta@example.com,3922015779,Udaipur,Himachal Pradesh,India,2021-12-03
CUST06018,Charita Walia,Female,tkata@example.org,4349687347,Loni,Chhattisgarh,India,2026-06-21
CUST06019,Sai Agrawal,Male,tkaul@example.net,5453701411,Jorhat,Goa,India,2025-01-12
CUST06020,Ekantika Nair,Female,farhanmannan@example.net,6803049376,Patiala,Haryana,India,2025-07-25
CUST06021,Keya Dhawan,Male,wriddhishgade@example.org,2090905753,Aligarh,Nagaland,India,2022-01-23
CUST06022,Nathaniel Barman,Female,chakradevbanik@example.com,5559803013,Ahmednagar,Tamil Nadu,India,2023-08-17
CUST06023,Hemani Sarkar,Male,gnanda@example.com,1380397234,Kurnool,Gujarat,India,2023-10-02
CUST06024,Samar Sarin,Male,avisaxena@example.com,9607235015,Bangalore,Tripura,India,2024-09-17
CUST06025,Hamsini Sha,Female,ysekhon@example.net,5265156494,Ichalkaranji,Gujarat,India,2023-09-30
CUST06026,William Krishna,Female,kashishmalhotra@example.com,2920165693,Bardhaman,Maharashtra,India,2024-12-06
CUST06027,Ayaan Bhatia,Male,tghosh@example.com,5967553117,Tirunelveli,Tamil Nadu,India,2023-11-30
CUST06028,Baljiwan Venkatesh,Male,quincybhatt@example.org,9978829235,Proddatur,West Bengal,India,2024-03-08
CUST06029,Hemang Loyal,Male,isaacparekh@example.net,3110438717,Karnal,Bihar,India,2023-09-06
CUST06030,Umang Bora,Female,dayaljagat@example.com,3549016277,Sambalpur,Tamil Nadu,India,2022-01-05
CUST06031,Frederick Sabharwal,Male,manthanvyas@example.net,5924098143,Kalyan-Dombivli,Tamil Nadu,India,2023-09-02
CUST06032,Charvi Kurian,Male,wvarkey@example.net,4630477361,Yamunanagar,Chhattisgarh,India,2026-01-03
CUST06033,Bahadurjit Johal,Male,tanveergoda@example.net,1471895293,Guntur,Arunachal Pradesh,India,2024-10-02
CUST06034,Dakshesh Pillai,Female,chhabrachakradhar@example.net,3597221968,Bahraich,Tripura,India,2025-04-02
CUST06035,Kashvi Rastogi,Male,samar94@example.net,3412613206,Ramgarh,Telangana,India,2026-03-04
CUST06036,Vedhika Edwin,Female,hayergarima@example.com,8701716166,Kadapa,Rajasthan,India,2025-09-27
CUST06037,Lakshit Dutt,Female,balhaarkhurana@example.com,0217218141,Dhanbad,Himachal Pradesh,India,2026-06-23
CUST06038,Netra Ratta,Male,parth01@example.com,0461099750,Sasaram,Bihar,India,2023-02-10
CUST06039,Imaran Lall,Female,siddharth22@example.com,1221427786,Mirzapur,Rajasthan,India,2022-12-27
CUST06040,Ekiya Bhat,Female,nachiket99@example.com,3507910531,Tenali,Kerala,India,2022-04-24
CUST06041,Yochana Soni,Male,uppalrishi@example.org,1087792455,Delhi,Madhya Pradesh,India,2026-06-07
CUST06042,Ryan Mohanty,Male,shanoviya@example.com,7143330791,Dhule,Uttar Pradesh,India,2023-10-30
CUST06043,Anika Dada,Male,jyotiedwin@example.org,9675520734,Loni,Bihar,India,2022-02-23
CUST06044,Lajita Sharaf,Male,mahalzinal@example.org,0858430339,Hindupur,Meghalaya,India,2022-09-18
CUST06045,Widisha Choudhury,Female,nayakchatresh@example.org,6098645122,Tenali,Meghalaya,India,2021-08-03
CUST06046,Azaan Korpal,Male,charlesmitra@example.org,7532284864,Moradabad,Karnataka,India,2022-01-21
CUST06047,Chandresh Mohanty,Female,mannekala@example.net,0565816105,Mehsana,Karnataka,India,2024-02-10
CUST06048,Sai Randhawa,Female,poojaarya@example.org,1854037588,Davanagere,Odisha,India,2025-07-25
CUST06049,Rohan Bobal,Female,gseshadri@example.com,2791251305,Bhavnagar,Uttarakhand,India,2024-11-12
CUST06050,Shaurya Vasa,Female,banjeet68@example.net,0770004683,Lucknow,Haryana,India,2022-07-06
CUST06051,Caleb Palla,Female,edhithakashyap@example.org,2779298677,Avadi,Meghalaya,India,2024-08-11
CUST06052,Yasti Buch,Male,vincentnair@example.com,0268765407,Secunderabad,Meghalaya,India,2022-01-16
CUST06053,Azaan Naik,Male,omkaarcomar@example.com,1412605334,Ramagundam,Arunachal Pradesh,India,2023-01-20
CUST06054,Rachit Sampath,Male,gadeupadhriti@example.com,3600195954,Katihar,Maharashtra,India,2022-07-27
CUST06055,Janya Lad,Female,agoyal@example.com,1128341442,Ongole,Meghalaya,India,2025-05-31
CUST06056,Vedika Natarajan,Male,xkale@example.net,6828557557,Danapur,Uttarakhand,India,2025-12-14
CUST06057,Pranav Mittal,Male,bordejai@example.org,5484680516,Jalna,Kerala,India,2025-12-02
CUST06058,Harsh Sani,Female,bavalucky@example.org,2539858767,Vellore,Nagaland,India,2025-04-24
CUST06059,Ati Bala,Female,anthonybaria@example.net,3542786126,Jabalpur,Tamil Nadu,India,2023-10-23
CUST06060,Ikbal Sharma,Male,idikaranganathan@example.net,7893750104,Dharmavaram,Telangana,India,2025-10-31
CUST06061,Edhitha Soni,Female,fnarang@example.com,9183644588,Naihati,Mizoram,India,2021-08-12
CUST06062,Daniel Keer,Female,kchandran@example.org,0191696831,Bhubaneswar,Assam,India,2023-06-19
CUST06063,Omkaar Patla,Male,annekabir@example.net,2757981135,Jalna,Telangana,India,2023-06-30
CUST06064,Varsha Rau,Male,christopherkibe@example.com,2167712577,Phusro,Assam,India,2022-11-23
CUST06065,Dev Rama,Male,charwilliam@example.com,8763996967,Dindigul,Sikkim,India,2021-07-23
CUST06066,Tanay Ramakrishnan,Male,jonathan29@example.net,9774722718,Chandrapur,Bihar,India,2026-05-15
CUST06067,Charles Gola,Male,karnikxalak@example.com,9528724903,Noida,Nagaland,India,2021-08-28
CUST06068,Jacob Kalla,Male,okata@example.com,4062895714,Mahbubnagar,Telangana,India,2022-10-28
CUST06069,Warjas Sheth,Female,falguniwalia@example.net,5924492610,Nagpur,Himachal Pradesh,India,2026-01-07
CUST06070,Guneet Shetty,Male,aswaminathan@example.net,1548146970,Gangtok,Tamil Nadu,India,2023-02-23
CUST06071,Tejas Lanka,Male,bissac@example.com,0230317094,Tadepalligudem,Nagaland,India,2026-04-23
CUST06072,Anirudh Chakrabarti,Male,gabriel27@example.com,3592875730,Berhampore,Tamil Nadu,India,2024-08-16
CUST06073,Yash Gade,Female,bchar@example.org,8626543769,Sikar,Telangana,India,2023-11-25
CUST06074,Udant Mane,Female,nathonkar@example.org,1566987853,Nagaon,Telangana,India,2023-09-30
CUST06075,Chatresh Sabharwal,Male,dbarad@example.net,9032175163,Burhanpur,Odisha,India,2025-05-29
CUST06076,Chandresh D’Alia,Male,kapurnathan@example.org,6839413723,Tirunelveli,Uttarakhand,India,2025-10-28
CUST06077,Veer Raghavan,Male,mchopra@example.net,7540250806,Bokaro,Andhra Pradesh,India,2022-11-05
CUST06078,Mason Kaur,Female,chavvibasak@example.net,0395196157,Dehradun,Assam,India,2024-09-02
CUST06079,Adweta Varty,Male,sanenikita@example.net,2168832008,Secunderabad,Karnataka,India,2025-02-24
CUST06080,Praneel Kapadia,Female,bumbvarsha@example.org,7949571120,Noida,Punjab,India,2025-12-18
CUST06081,Azaan Nagi,Female,chavvi87@example.org,9793910685,Orai,Tripura,India,2022-06-26
CUST06082,Sanaya Kurian,Male,gauri91@example.com,3239110175,Sambalpur,Haryana,India,2022-03-03
CUST06083,Upasna Chander,Male,chavvi93@example.net,6404672505,Akola,Himachal Pradesh,India,2024-05-20
CUST06084,Omaja Chauhan,Female,anshvarkey@example.org,2278486565,North Dumdum,Uttar Pradesh,India,2022-09-06
CUST06085,Wahab Maharaj,Female,otripathi@example.com,9859494088,Howrah,West Bengal,India,2024-01-13
CUST06086,Vrishti Swaminathan,Female,hkamdar@example.net,0109147573,Yamunanagar,Odisha,India,2022-02-23
CUST06087,Janani Solanki,Male,abeer32@example.net,9200892696,Ramagundam,Kerala,India,2022-10-07
CUST06088,Falak Andra,Female,sachdevaaadhya@example.net,8562574848,Sambhal,West Bengal,India,2024-06-22
CUST06089,Jeremiah Bassi,Male,sudikshanigam@example.com,0703933617,Guntakal,Karnataka,India,2025-09-09
CUST06090,Dhruv Saini,Female,smuni@example.com,9640935907,Arrah,Gujarat,India,2024-10-27
CUST06091,Ekavir Ganesh,Male,yoshita64@example.org,2718115456,Gwalior,Himachal Pradesh,India,2022-12-07
CUST06092,Dev Chaudhry,Male,bhanumatisarma@example.org,6800207483,Guwahati,Telangana,India,2023-05-29
CUST06093,Adya Banerjee,Female,wakeeta59@example.net,9878994177,Durg,Gujarat,India,2025-11-01
CUST06094,Adya Palla,Female,girikkala@example.org,3448704058,Panvel,West Bengal,India,2021-12-04
CUST06095,Abhiram Konda,Male,ravinetra@example.com,4496805428,Secunderabad,Maharashtra,India,2023-09-15
CUST06096,Vedika Mitter,Male,balakrishnananay@example.org,7379581090,Parbhani,Sikkim,India,2026-01-22
CUST06097,Jyoti Dugar,Male,vamakshi83@example.net,0875196762,Farrukhabad,Odisha,India,2024-05-08
CUST06098,Nihal Palla,Female,khatrivansha@example.com,7653242714,Pune,Telangana,India,2022-07-04
CUST06099,Yatan Panchal,Female,vedant74@example.org,6463079464,Bally,Goa,India,2022-02-02
CUST06100,Bhavna Bhatia,Male,baralikbal@example.com,7094436962,Nellore,Haryana,India,2022-02-03
CUST06101,Liam Ghosh,Male,chhabraxavier@example.net,9679937233,Visakhapatnam,Haryana,India,2026-06-05
CUST06102,Isaac Sheth,Male,kanne@example.org,5499753023,Kalyan-Dombivli,Himachal Pradesh,India,2026-07-08
CUST06103,Chanakya Rastogi,Female,bhatnagarchatura@example.org,5669457364,Pallavaram,Arunachal Pradesh,India,2023-01-29
CUST06104,Warjas Parikh,Male,qchaudhari@example.org,5284556133,Nagercoil,Haryana,India,2023-04-12
CUST06105,Xalak Khare,Female,lavanya06@example.net,8967822858,Asansol,Bihar,India,2025-04-17
CUST06106,Nimrat Shan,Male,koshyodika@example.com,8083705681,Proddatur,Karnataka,India,2025-03-01
CUST06107,Mitesh Patla,Male,bachittar94@example.org,2746005301,Ulhasnagar,Punjab,India,2024-03-03
CUST06108,Qarin Seth,Male,pantsai@example.net,4267806420,Junagadh,Bihar,India,2024-03-13
CUST06109,Yadavi Sandhu,Female,settyadweta@example.org,6721019508,Malda,Andhra Pradesh,India,2026-07-18
CUST06110,Panini Ghosh,Female,ypanchal@example.com,5189881037,Dharmavaram,Tripura,India,2026-03-28
CUST06111,Tanay Roy,Female,omwriddhish@example.org,2061854089,Dewas,Assam,India,2021-12-03
CUST06112,Madhav Kalita,Male,gandhipatrick@example.net,5478803798,Vellore,Kerala,India,2023-01-28
CUST06113,Wakeeta Mallick,Female,tmukhopadhyay@example.net,1404771644,Aurangabad,Karnataka,India,2022-08-22
CUST06114,Manthan Hans,Female,subramaniamomkaar@example.org,7103646669,Dhanbad,Meghalaya,India,2024-02-05
CUST06115,Onveer Bains,Male,surigautam@example.org,8708920205,Ahmednagar,Haryana,India,2026-04-19
CUST06116,Jai Ahluwalia,Male,darpan76@example.org,0175343627,Ulhasnagar,Jharkhand,India,2021-12-26
CUST06117,Udarsh Sandhu,Male,malhotranihal@example.net,6423303736,Kurnool,Chhattisgarh,India,2023-06-11
CUST06118,Chakrika Halder,Male,gacharya@example.com,5108893994,Ghaziabad,Maharashtra,India,2024-08-28
CUST06119,Tejas Dara,Male,osandhu@example.net,8342345692,Chennai,Andhra Pradesh,India,2024-03-13
CUST06120,Avni Kurian,Female,htoor@example.net,8325260837,Sagar,Karnataka,India,2026-06-16
CUST06121,Ekalinga Raman,Male,nilima21@example.org,3894117684,Dindigul,Sikkim,India,2024-08-10
CUST06122,Chanakya Madan,Male,lakshit18@example.net,1141593682,Durgapur,Madhya Pradesh,India,2024-04-13
CUST06123,Charita Saxena,Female,alexander18@example.net,9473254251,Thiruvananthapuram,Telangana,India,2022-09-05
CUST06124,Dayita Brar,Male,reyansh24@example.com,9369874474,Arrah,Nagaland,India,2026-04-08
CUST06125,Baghyawati Ganguly,Female,akhurana@example.com,4337999892,Tadepalligudem,Assam,India,2022-01-05
CUST06126,Aarush Bhardwaj,Male,riya37@example.org,8786878108,Ludhiana,Punjab,India,2023-11-24
CUST06127,Chakradev Wadhwa,Male,thomasparekh@example.net,0108362807,Ratlam,Odisha,India,2022-01-22
CUST06128,Parth Barman,Male,krishwazir@example.com,0705100663,Nashik,Uttarakhand,India,2026-03-04
CUST06129,Aarush Mand,Male,lshukla@example.net,4802491170,Sasaram,Telangana,India,2022-07-16
CUST06130,Oeshi Mistry,Female,suraurishilla@example.com,4311115185,Morbi,Goa,India,2025-06-24
CUST06131,Chandani Thakur,Female,roydaniel@example.org,7913872766,Loni,Maharashtra,India,2024-08-18
CUST06132,Manan Chada,Female,jlal@example.net,2680236584,Patna,Nagaland,India,2026-04-14
CUST06133,Pooja Shere,Female,zsengupta@example.net,9431979800,Mumbai,Tamil Nadu,India,2023-08-13
CUST06134,Tejas Luthra,Female,dhritipai@example.org,7711587482,Erode,Punjab,India,2025-12-03
CUST06135,Chaaya Joshi,Male,ttrivedi@example.com,1877763677,Thane,Chhattisgarh,India,2022-05-12
CUST06136,Nandini Sodhi,Female,bedipranav@example.com,9661369138,Nagpur,West Bengal,India,2025-11-05
CUST06137,Harini Swaminathan,Female,nattoliver@example.com,1661484434,Jalna,Uttarakhand,India,2026-06-27
CUST06138,Kashish Chaudry,Female,lakshmi00@example.net,2982331489,Ongole,Uttar Pradesh,India,2021-09-25
CUST06139,Urvi Atwal,Female,bchandra@example.com,3714914924,Bellary,Tripura,India,2023-01-18
CUST06140,Samar Chauhan,Male,balhaarsahni@example.org,8205779817,Ludhiana,Meghalaya,India,2022-09-25
CUST06141,Gabriel Gola,Male,suhanipal@example.com,2112745362,Jehanabad,Bihar,India,2023-06-26
CUST06142,Ekapad Varma,Female,dbala@example.com,4435319704,Hospet,Arunachal Pradesh,India,2024-05-04
CUST06143,Pushti Sachdev,Female,deepareddy@example.net,6616348010,Panihati,Meghalaya,India,2024-04-16
CUST06144,Elijah Naik,Female,ridhi97@example.com,1726089214,Ratlam,Madhya Pradesh,India,2025-03-04
CUST06145,Frederick Palla,Female,wkibe@example.com,4138796553,Erode,Assam,India,2023-09-19
CUST06146,Kavya Varkey,Male,cbakshi@example.net,5222536964,Raebareli,Odisha,India,2023-01-13
CUST06147,Andrew Handa,Female,hamsini59@example.com,4688045466,Bhubaneswar,Manipur,India,2022-11-29
CUST06148,Luke Balay,Female,utkarshdate@example.org,1036072981,Ahmednagar,Punjab,India,2023-07-09
CUST06149,Luke Chandran,Male,aahana81@example.org,9613840819,Hapur,Chhattisgarh,India,2022-10-21
CUST06150,Laban Yohannan,Female,mmore@example.net,0267094482,Meerut,Bihar,India,2021-12-03
CUST06151,Chandresh Naik,Male,jonathannagarajan@example.com,1086563706,Chandigarh,Punjab,India,2024-08-17
CUST06152,Kalpit Prabhakar,Female,sanya38@example.org,3531480890,Guwahati,Manipur,India,2025-07-13
CUST06153,Max Doctor,Female,sandalanita@example.com,5762231392,Kumbakonam,Odisha,India,2025-11-29
CUST06154,Gayathri Sabharwal,Female,dasguptazansi@example.org,8008735223,Barasat,Karnataka,India,2022-03-10
CUST06155,Chavvi Sarin,Male,diyamunshi@example.org,6413410732,Avadi,Bihar,India,2026-05-19
CUST06156,Mitesh Ramakrishnan,Female,indira52@example.com,2756795530,Warangal,Goa,India,2024-02-29
CUST06157,Niharika Subramaniam,Female,warda33@example.com,4761987471,New Delhi,Rajasthan,India,2021-08-19
CUST06158,Jeet Venkatesh,Female,pmuni@example.com,3964416948,Tezpur,Tamil Nadu,India,2026-04-13
CUST06159,Chaman Rajan,Male,aradhana00@example.com,7749502801,Patna,Assam,India,2025-04-17
CUST06160,Sai Agrawal,Male,vrinda37@example.net,3336195065,Indore,Bihar,India,2026-06-08
CUST06161,Pavani Acharya,Female,ycontractor@example.org,3288710655,Navi Mumbai,Telangana,India,2021-08-02
CUST06162,Girindra Prabhu,Male,deyqadim@example.net,4705463043,Ahmednagar,Himachal Pradesh,India,2022-11-06
CUST06163,Faqid Patil,Female,omkaarupadhyay@example.com,2559736072,New Delhi,Kerala,India,2024-04-04
CUST06164,Teerth Srivastava,Female,elijah71@example.com,9625854012,Jammu,Telangana,India,2022-12-18
CUST06165,Zarna Kakar,Male,nandinikuruvilla@example.net,7891747122,Madhyamgram,Tripura,India,2025-03-28
CUST06166,Ronith Sur,Male,priya04@example.com,7637889026,Khammam,Madhya Pradesh,India,2023-03-08
CUST06167,Qasim Saini,Male,diyasane@example.net,6171369240,Jodhpur,Madhya Pradesh,India,2023-12-25
CUST06168,Yochana Brahmbhatt,Male,zbhat@example.org,8434296746,Firozabad,Maharashtra,India,2024-04-08
CUST06169,Rehaan Merchant,Female,duttazehaan@example.com,0316271734,Patiala,Tripura,India,2024-06-06
CUST06170,Vrinda Thaker,Male,tjha@example.net,3733666079,Sirsa,Arunachal Pradesh,India,2022-09-16
CUST06171,Lipika Saxena,Female,vedhikaraj@example.com,8845121456,Bongaigaon,Gujarat,India,2024-03-28
CUST06172,Nitara Divan,Female,ymukherjee@example.net,1699031900,Rajahmundry,Telangana,India,2026-04-21
CUST06173,Chaitaly Chadha,Female,sanya57@example.net,3387520695,Ranchi,Nagaland,India,2026-06-22
CUST06174,Varenya Bedi,Male,oshanori@example.org,2982510784,Bidar,Tamil Nadu,India,2024-12-23
CUST06175,Advika Prashad,Female,ggandhi@example.com,8097636760,Kanpur,Punjab,India,2022-09-12
CUST06176,Nirja Bumb,Male,dadawaida@example.com,1374374153,Bongaigaon,Mizoram,India,2022-09-22
CUST06177,Amol Datta,Female,dakshesh56@example.org,8786571350,Bharatpur,Odisha,India,2023-07-19
CUST06178,Laksh Dutta,Male,cben@example.org,6481745255,Hajipur,Chhattisgarh,India,2022-12-19
CUST06179,Pratyush Ahuja,Female,jeevika03@example.com,7556037694,Karaikudi,Goa,India,2023-07-14
CUST06180,Udarsh Gaba,Female,benjamin55@example.com,1914691772,Tadipatri,Andhra Pradesh,India,2024-01-27
CUST06181,Patrick Chanda,Female,lopa74@example.org,7605420868,Rajahmundry,Rajasthan,India,2022-02-20
CUST06182,Jatin Choudhary,Male,lmalhotra@example.net,8909770726,Singrauli,Madhya Pradesh,India,2024-02-26
CUST06183,Mitali Nath,Female,rajanjairaj@example.org,4982955765,Berhampur,Karnataka,India,2025-06-24
CUST06184,Damyanti Borah,Female,advay97@example.com,3484077813,Panvel,Himachal Pradesh,India,2026-04-26
CUST06185,Keya Sachdeva,Male,fdatta@example.com,6295426534,Madhyamgram,Uttarakhand,India,2021-12-20
CUST06186,Shivansh Bajaj,Female,uyadav@example.com,4121729725,Bhilwara,Maharashtra,India,2022-08-14
CUST06187,Yoshita Ramakrishnan,Female,warda61@example.net,6755303205,Gudivada,Jharkhand,India,2023-03-20
CUST06188,Max Shere,Male,mekhala58@example.org,7076778898,Vellore,Himachal Pradesh,India,2025-01-30
CUST06189,Simon Sengupta,Female,samrabrijesh@example.com,5117207734,Ranchi,West Bengal,India,2023-09-17
CUST06190,Avi Goswami,Male,tejas29@example.net,6902982312,Bhind,Sikkim,India,2021-12-17
CUST06191,Eshana Hegde,Male,jyoti57@example.com,4309308392,Karawal Nagar,Kerala,India,2022-12-17
CUST06192,Finn Sami,Male,yaminibarad@example.net,6571975938,Amroha,Mizoram,India,2026-02-14
CUST06193,Unni Sastry,Female,xavier62@example.com,5939241996,Mangalore,Punjab,India,2024-12-03
CUST06194,Bhavani Cheema,Male,udarsh29@example.org,9956818340,Ajmer,Punjab,India,2025-01-24
CUST06195,Yuvraj Choudhury,Male,parsakavya@example.net,3639754982,Akola,Meghalaya,India,2024-11-23
CUST06196,Bhavika Sani,Male,ranbirjohal@example.net,8309713307,Yamunanagar,Jharkhand,India,2025-09-28
CUST06197,Saanvi Datta,Female,dsuresh@example.net,4110844948,Bhind,Andhra Pradesh,India,2022-01-30
CUST06198,Manya Raghavan,Male,aborra@example.org,2931648315,Jorhat,West Bengal,India,2023-04-27
CUST06199,Ganga Dube,Male,sdutta@example.org,7140586879,Shimla,Uttar Pradesh,India,2024-01-09
CUST06200,Isaac Samra,Male,tpingle@example.org,6749740326,Mango,Chhattisgarh,India,2025-10-03
CUST06201,Balveer Singhal,Male,zbassi@example.org,8363839911,Machilipatnam,Odisha,India,2024-05-22
CUST06202,Triya Raman,Male,gayathridube@example.net,4926632118,Vadodara,Mizoram,India,2021-09-22
CUST06203,Advaith Batra,Female,krishchawla@example.com,9540493960,Nagpur,Bihar,India,2025-08-24
CUST06204,Libni Manne,Female,krisharora@example.com,7324516879,Sambalpur,Mizoram,India,2026-03-03
CUST06205,Meera Wadhwa,Female,jalsa80@example.com,1323622311,Durg,Uttar Pradesh,India,2026-02-12
CUST06206,Tanmayi Sant,Male,sanayadhawan@example.com,0214507118,Belgaum,Tamil Nadu,India,2024-05-30
CUST06207,Arunima Nagarajan,Male,krish48@example.org,7636657667,Narasaraopet,Nagaland,India,2026-06-25
CUST06208,Edhitha Dora,Male,iryasama@example.org,4845375688,Bhimavaram,Nagaland,India,2023-12-10
CUST06209,Anvi Raju,Male,masonsharma@example.net,2796242067,Cuttack,Himachal Pradesh,India,2025-09-17
CUST06210,Jasmit Date,Male,ibal@example.net,1405301755,Saharsa,Nagaland,India,2026-04-26
CUST06211,Yashawini Garde,Male,anthony21@example.net,7757024507,Raebareli,Mizoram,India,2024-11-16
CUST06212,Abhimanyu Sehgal,Male,muttichandran@example.org,8740209810,Dhanbad,Assam,India,2023-07-10
CUST06213,Manya D’Alia,Female,ramanronith@example.net,8748432282,Dehri,Uttarakhand,India,2025-06-17
CUST06214,Kamya Maharaj,Male,memonsneha@example.com,5519167085,Dehradun,Manipur,India,2024-10-27
CUST06215,Ekani Bath,Female,grewalpatrick@example.net,6203964424,Kirari Suleman Nagar,Odisha,India,2022-04-12
CUST06216,Irya Bumb,Male,tmodi@example.net,5893072871,Alappuzha,Mizoram,India,2025-08-11
CUST06217,Ekaja Shah,Male,hdalia@example.com,6967942601,Amravati,Bihar,India,2024-01-24
CUST06218,Chanakya Shere,Female,hardik80@example.net,9416730428,Vasai-Virar,Uttar Pradesh,India,2022-04-01
CUST06219,Faraj Chada,Male,inatarajan@example.net,4471106025,Varanasi,Sikkim,India,2022-07-13
CUST06220,Suhani Acharya,Female,gbanerjee@example.net,1556062678,Jammu,Andhra Pradesh,India,2024-04-04
CUST06221,Vamakshi Minhas,Male,chadhadivya@example.net,4690251622,Ranchi,Madhya Pradesh,India,2024-10-15
CUST06222,Eshana Sachdev,Female,isaachayer@example.net,5465455318,Jamshedpur,Haryana,India,2024-07-01
CUST06223,Aachal Rege,Male,bailnilima@example.com,8845892960,Madurai,Chhattisgarh,India,2022-05-06
CUST06224,Bachittar Soman,Female,ladli70@example.com,1540630659,Navi Mumbai,Sikkim,India,2024-12-05
CUST06225,Urvashi Prabhu,Male,behlidika@example.com,8876761059,Bijapur,Haryana,India,2026-07-09
CUST06226,Banjeet Nigam,Female,gautam69@example.com,4253397454,Sasaram,Uttarakhand,India,2024-07-02
CUST06227,Neelima Murthy,Male,jacob61@example.org,9540157161,Mathura,Kerala,India,2023-02-26
CUST06228,Krishna Kamdar,Female,iseth@example.org,2964770617,Barasat,Himachal Pradesh,India,2024-03-27
CUST06229,Neel Shroff,Male,sidhuanthony@example.net,2305479140,Rajpur Sonarpur,Gujarat,India,2021-12-11
CUST06230,Advik Sodhi,Male,nbhandari@example.org,3783334550,Jammu,West Bengal,India,2026-06-05
CUST06231,Tanvi Brahmbhatt,Female,vwason@example.net,6621114849,Bally,Tripura,India,2021-09-01
CUST06232,Kashvi Balan,Female,gauri84@example.com,1679266681,Tumkur,Arunachal Pradesh,India,2025-06-03
CUST06233,Yatan Sampath,Female,jalsanagarajan@example.net,7909820129,New Delhi,Tamil Nadu,India,2025-02-20
CUST06234,Ojas Buch,Female,aatwal@example.org,4615175672,Tenali,Himachal Pradesh,India,2022-08-17
CUST06235,Oeshi Sodhi,Male,harinibose@example.com,9940608402,Panipat,Meghalaya,India,2023-05-03
CUST06236,Harish Tailor,Female,anthonydeshmukh@example.net,8709199151,Parbhani,Manipur,India,2025-12-27
CUST06237,Ryan Kothari,Female,eiravatiprashad@example.com,2777807862,Madurai,Andhra Pradesh,India,2025-10-05
CUST06238,Bhavika Mannan,Female,shettypallavi@example.org,5885987997,Jalgaon,Meghalaya,India,2024-05-10
CUST06239,Dominic Viswanathan,Male,varenyagupta@example.org,0501191290,Dehri,Sikkim,India,2025-11-13
CUST06240,Peter Solanki,Male,mohanbhavani@example.com,4671739305,Srinagar,Maharashtra,India,2023-02-19
CUST06241,Nihal Kala,Female,hraja@example.net,1278584109,Nellore,Assam,India,2023-11-26
CUST06242,Agastya Chauhan,Male,om28@example.net,8140211548,Panipat,Meghalaya,India,2021-09-19
CUST06243,Isha Mishra,Male,jainurvashi@example.org,1361997449,Kottayam,Himachal Pradesh,India,2022-10-23
CUST06244,Yasti Tiwari,Male,ranganathanumang@example.com,6390488747,Chapra,Andhra Pradesh,India,2025-03-17
CUST06245,Faraj Misra,Male,kandayamini@example.org,9525434338,Anand,Nagaland,India,2022-06-27
CUST06246,Samuel Sachar,Male,yahvimittal@example.net,8021606440,Nagaon,Arunachal Pradesh,India,2023-09-30
CUST06247,Mitali Venkatesh,Male,nhayer@example.com,3447108321,Aligarh,Andhra Pradesh,India,2024-10-23
CUST06248,Ethan Dewan,Male,ekbal66@example.net,9380142485,Uluberia,Uttarakhand,India,2025-10-28
CUST06249,Priya Bhargava,Male,vasatika78@example.net,0236570641,Chennai,Himachal Pradesh,India,2025-09-25
CUST06250,Indrajit Savant,Male,bhavikapanchal@example.com,3101450293,Giridih,Odisha,India,2022-10-31
CUST06251,Ekani Majumdar,Female,rajeshri80@example.org,6378552996,Kolkata,Tamil Nadu,India,2022-05-12
CUST06252,Osha Shere,Female,tanvimorar@example.net,4564990406,Uluberia,Chhattisgarh,India,2025-07-10
CUST06253,Vedhika Pradhan,Female,muttividhi@example.net,6057530736,Anand,Uttar Pradesh,India,2025-07-28
CUST06254,Sathvik Sawhney,Male,egoel@example.net,2470809358,Karawal Nagar,Uttarakhand,India,2024-11-11
CUST06255,Ikshita Vyas,Female,jason03@example.org,8972558563,Sagar,Nagaland,India,2023-06-28
CUST06256,Warinder Butala,Male,tripathiom@example.com,6226227328,Hajipur,Karnataka,India,2025-03-03
CUST06257,Nicholas Rai,Male,pwarrior@example.org,7172323578,Kamarhati,Telangana,India,2021-12-11
CUST06258,Rishi Dhillon,Female,jeevika16@example.org,4378261781,Jhansi,Telangana,India,2022-12-19
CUST06259,Teerth Banerjee,Female,tanvi94@example.net,9771792093,Fatehpur,Nagaland,India,2024-09-30
CUST06260,Vaishnavi Bhardwaj,Male,pranit07@example.net,3026980145,Nanded,Jharkhand,India,2026-05-18
CUST06261,Udant Devan,Male,vvig@example.com,7424425361,Parbhani,Odisha,India,2022-05-15
CUST06262,Finn Kale,Male,lataekapad@example.com,8178568463,Hindupur,Nagaland,India,2024-04-22
CUST06263,Ansh Bahri,Female,yoshita41@example.com,5291299865,Bhind,Arunachal Pradesh,India,2022-02-06
CUST06264,Anthony Lall,Female,kashishganesan@example.net,9100625656,Tezpur,Manipur,India,2025-04-06
CUST06265,Bimala Ben,Female,zansiiyengar@example.net,8480412833,Saharanpur,Manipur,India,2024-02-13
CUST06266,Daksha Om,Male,pushtisandal@example.com,4975632405,Patiala,Madhya Pradesh,India,2025-02-05
CUST06267,Jai Bedi,Female,pnarang@example.com,1317057469,Ahmedabad,Madhya Pradesh,India,2024-11-19
CUST06268,Aashi Bansal,Female,dpurohit@example.net,4547120613,Bhilwara,Meghalaya,India,2023-02-20
CUST06269,Gaurav Mane,Female,kevinprakash@example.org,5817910461,Sultan Pur Majra,Himachal Pradesh,India,2023-11-21
CUST06270,Devika Sangha,Male,keya13@example.com,2245801566,Agartala,Uttar Pradesh,India,2021-08-25
CUST06271,Abha Singhal,Male,kalpitmander@example.com,4112823453,Shahjahanpur,Chhattisgarh,India,2022-02-07
CUST06272,Charvi Choudhury,Male,mugdhakurian@example.net,8041193653,Ballia,Odisha,India,2022-09-21
CUST06273,Pushti Sanghvi,Male,reyanshmishra@example.net,8909981993,Shahjahanpur,Punjab,India,2022-02-09
CUST06274,Anmol Chaudhary,Female,erau@example.org,2629269273,Kamarhati,Meghalaya,India,2024-12-24
CUST06275,Janaki Bhatt,Female,pallagaurang@example.net,7116822005,Vadodara,Tripura,India,2026-06-10
CUST06276,Krish Kohli,Female,netrasuresh@example.net,5175475445,Bhiwani,Maharashtra,India,2021-09-17
CUST06277,Vedant Bhatia,Female,qbhandari@example.com,4108603735,Jalandhar,Rajasthan,India,2022-12-29
CUST06278,Ekbal Mitra,Female,skhare@example.net,4814566721,Kishanganj,Jharkhand,India,2023-06-28
CUST06279,Ira Kapur,Female,kiaankonda@example.com,6330551538,Hosur,Bihar,India,2025-09-01
CUST06280,Abhiram Sankaran,Male,ekaja48@example.org,4642428759,Bihar Sharif,Kerala,India,2024-06-07
CUST06281,Lakshmi Mittal,Female,zaidvirk@example.net,5738726302,Bharatpur,Rajasthan,India,2023-08-25
CUST06282,Advik Gopal,Female,victornayar@example.net,1860726333,Arrah,Karnataka,India,2026-03-25
CUST06283,Lakshit Sinha,Female,bhavini18@example.net,5530209956,Mysore,Telangana,India,2023-08-06
CUST06284,Aishani Karnik,Female,onkar55@example.net,6775224158,Kamarhati,Punjab,India,2022-01-25
CUST06285,Dev Shere,Male,irya75@example.com,5485690277,Rourkela,Tripura,India,2025-08-06
CUST06286,Vaishnavi Parikh,Male,eshanadyal@example.net,0913730743,Burhanpur,Tamil Nadu,India,2023-01-06
CUST06287,Sara Yadav,Female,inanda@example.net,5385600134,Nagercoil,Kerala,India,2021-09-21
CUST06288,Nachiket Sahota,Female,isaacdhar@example.org,7577529642,Visakhapatnam,Gujarat,India,2024-08-07
CUST06289,Veda Naik,Female,joshuadass@example.com,2794704978,Morbi,Odisha,India,2024-03-10
CUST06290,Zilmil Chawla,Male,ptella@example.org,0977832219,Muzaffarnagar,Uttar Pradesh,India,2026-01-20
CUST06291,Bhavya Sarma,Male,samar94@example.net,1405890551,Mahbubnagar,Punjab,India,2022-10-13
CUST06292,Janaki Warrior,Female,eramesh@example.net,3714697720,Ranchi,Chhattisgarh,India,2025-06-27
CUST06293,Qushi Nigam,Male,agastyasaxena@example.net,1336722826,Ajmer,Himachal Pradesh,India,2026-04-27
CUST06294,Damini Bhatnagar,Male,faqidhayer@example.com,9649145280,Ozhukarai,Bihar,India,2022-05-02
CUST06295,Gopal Zacharia,Male,chandanichad@example.com,8286136735,Srinagar,Punjab,India,2026-06-02
CUST06296,Noah Zacharia,Female,amrita11@example.net,6646263345,Surat,Punjab,India,2026-05-12
CUST06297,Vasatika Deol,Female,anamikanagarajan@example.net,0567434437,Kharagpur,Manipur,India,2023-03-14
CUST06298,Yuvraj Suresh,Female,tristan30@example.org,1499470090,Begusarai,Himachal Pradesh,India,2022-02-03
CUST06299,Mitesh Kapadia,Male,yashodharatak@example.net,6068317294,Kolhapur,Karnataka,India,2022-07-28
CUST06300,Irya Natarajan,Male,leenakadakia@example.org,3290594828,Aurangabad,Meghalaya,India,2022-04-19
CUST06301,Harsh Prabhakar,Female,bhavnapai@example.com,3209276792,Akola,Chhattisgarh,India,2024-10-28
CUST06302,Caleb Sharma,Male,usahota@example.org,6472121210,Rourkela,Odisha,India,2025-07-04
CUST06303,Wridesh Tank,Male,ekanshbali@example.net,3335985667,Tadipatri,Chhattisgarh,India,2025-10-15
CUST06304,Qasim Nadkarni,Male,azadsahni@example.org,0178817231,Rampur,West Bengal,India,2022-08-14
CUST06305,Yatin Deol,Female,hiteshkaul@example.net,8883570926,Loni,Kerala,India,2022-07-09
CUST06306,Atharv Dave,Female,swamycharan@example.com,5391021007,Howrah,Punjab,India,2026-01-04
CUST06307,Chameli Ravel,Male,arjun02@example.org,5947275127,Guntur,Gujarat,India,2022-04-27
CUST06308,Hemangini Sane,Female,ria34@example.net,4992961289,Latur,Madhya Pradesh,India,2022-12-04
CUST06309,Azaan Parmer,Female,atharvbala@example.org,3886252534,Aizawl,Arunachal Pradesh,India,2022-10-17
CUST06310,Yauvani Chowdhury,Female,ojasvi63@example.org,1841548588,Chapra,Karnataka,India,2024-02-29
CUST06311,Hemang Narayanan,Male,kbhatt@example.org,8377824636,Avadi,Uttarakhand,India,2025-09-10
CUST06312,Neel Suri,Female,reva62@example.net,2554241147,Vasai-Virar,Tamil Nadu,India,2022-07-13
CUST06313,Samarth Mitter,Female,buchwaida@example.org,5297547994,Rourkela,Gujarat,India,2023-09-24
CUST06314,Qabil Bakshi,Female,zdixit@example.net,5943201680,Raebareli,Bihar,India,2022-07-28
CUST06315,Pushti Raman,Male,samradayita@example.net,3511172987,Hajipur,Punjab,India,2022-06-02
CUST06316,Yagnesh Ranganathan,Female,tanishvaidya@example.org,4651890914,Rohtak,Punjab,India,2024-01-20
CUST06317,Tanvi Nagy,Female,pahalbalay@example.com,5580879012,Maheshtala,Meghalaya,India,2025-12-19
CUST06318,Unni Pai,Male,duadamini@example.net,8076574922,Kulti,Maharashtra,India,2023-01-28
CUST06319,Balendra Bail,Male,gautami18@example.com,3397857135,Raurkela Industrial Township,Meghalaya,India,2023-11-30
CUST06320,Bhavna Bedi,Male,dnaik@example.net,5632779949,Tinsukia,Madhya Pradesh,India,2022-08-01
CUST06321,Banjeet Aurora,Male,psengupta@example.org,8352129042,Warangal,Tamil Nadu,India,2023-09-05
CUST06322,Banjeet Chawla,Male,advay02@example.net,1314463095,Surendranagar Dudhrej,Jharkhand,India,2023-07-04
CUST06323,Timothy Chakrabarti,Male,oben@example.org,1326419731,Vasai-Virar,Arunachal Pradesh,India,2023-11-25
CUST06324,Harinakshi Apte,Female,bhagatgarima@example.net,5647833709,Karnal,Arunachal Pradesh,India,2024-11-24
CUST06325,Aadhya Deshpande,Male,qushi06@example.net,0385997970,Raipur,Madhya Pradesh,India,2025-06-18
CUST06326,Zayan Kadakia,Male,gangulyfalak@example.net,3158658815,Rajpur Sonarpur,Madhya Pradesh,India,2023-01-08
CUST06327,Upasna Vala,Female,gbumb@example.com,8817410076,Dibrugarh,Goa,India,2022-07-06
CUST06328,Yauvani Comar,Female,zmital@example.org,8872130494,Karimnagar,Manipur,India,2023-01-11
CUST06329,Zinal Garg,Female,girindra54@example.net,9852379992,Agartala,Kerala,India,2023-11-09
CUST06330,Pahal Bhatti,Female,wkala@example.org,9182515811,Kochi,Tamil Nadu,India,2024-05-10
CUST06331,Ria Bawa,Male,omisra@example.net,0426354349,Erode,West Bengal,India,2023-11-13
CUST06332,Nathaniel Badami,Female,paurora@example.com,0559595994,Malda,Uttar Pradesh,India,2026-07-10
CUST06333,Avni Barad,Male,raksha87@example.net,0397898202,Bilaspur,West Bengal,India,2024-04-23
CUST06334,Vansha Chakraborty,Male,aryanbumb@example.net,0113939455,Avadi,Madhya Pradesh,India,2026-07-16
CUST06335,Max Iyer,Male,wsidhu@example.com,6845723210,Nashik,Mizoram,India,2022-08-06
CUST06336,Bimala Mody,Female,luckyviswanathan@example.com,5885050159,Jalgaon,Chhattisgarh,India,2024-09-11
CUST06337,Nidhi Tripathi,Female,nandanimrat@example.com,3011991610,Kavali,Madhya Pradesh,India,2024-03-28
CUST06338,Qadim Raghavan,Female,poojasarkar@example.org,4495537100,Warangal,Chhattisgarh,India,2025-06-13
CUST06339,Xavier Ramakrishnan,Male,deolradha@example.com,9181536601,Kochi,Mizoram,India,2026-03-05
CUST06340,Damini Khanna,Female,chandranmajumdar@example.org,1313186300,Vellore,Uttarakhand,India,2021-11-27
CUST06341,Watika Dhillon,Male,sjaggi@example.org,2725352491,Kolkata,Assam,India,2024-03-19
CUST06342,Gaurav Khatri,Male,owenamble@example.com,4284843177,Tirunelveli,Assam,India,2021-09-15
CUST06343,Manthan Natt,Male,janya45@example.net,1345552346,Bhubaneswar,Maharashtra,India,2026-04-25
CUST06344,Quincy Ramesh,Male,bhandarisiya@example.net,4609945865,Srikakulam,Tamil Nadu,India,2023-12-25
CUST06345,Lavanya Sachar,Female,saumya68@example.net,4847822097,Bikaner,Himachal Pradesh,India,2026-01-19
CUST06346,Gautami Basu,Female,sachareshana@example.net,6844292647,Berhampore,Assam,India,2022-09-19
CUST06347,Parth Bassi,Male,royarya@example.net,8209531325,Vellore,Tripura,India,2022-01-25
CUST06348,Max Walla,Female,ishani27@example.org,6628309219,Amravati,Bihar,India,2025-10-08
CUST06349,Vedant Kaur,Male,odikachand@example.org,1618991925,Bettiah,Mizoram,India,2023-02-22
CUST06350,Wridesh Mammen,Male,dayamaibanik@example.com,8555441463,Kurnool,Mizoram,India,2025-10-20
CUST06351,Ekansh Subramaniam,Female,rachitdalal@example.net,4986470372,Mysore,Punjab,India,2024-11-02
CUST06352,Ayushman Chaudry,Male,cbala@example.com,7290414326,Mangalore,Andhra Pradesh,India,2026-02-01
CUST06353,Eesha Savant,Male,jonathan18@example.com,1534747759,Faridabad,Karnataka,India,2024-07-21
CUST06354,Rehaan Oak,Male,eta26@example.com,3657515111,Bhilai,Nagaland,India,2022-11-05
CUST06355,Jatin Wason,Male,indali52@example.com,5985380354,Mau,Madhya Pradesh,India,2025-10-03
CUST06356,Priya Parsa,Female,yochana74@example.com,9634818981,Bokaro,Odisha,India,2023-01-08
CUST06357,Pratyush Rattan,Female,yluthra@example.net,1023196810,Hindupur,Telangana,India,2025-02-20
CUST06358,Lavanya Tripathi,Male,purinitara@example.com,4976027385,Thoothukudi,Mizoram,India,2025-09-03
CUST06359,Darsh Dave,Male,kbhardwaj@example.com,8968756658,Kurnool,Arunachal Pradesh,India,2023-10-29
CUST06360,Anthony Mital,Female,radhika95@example.org,3313733193,Hindupur,Meghalaya,India,2023-04-04
CUST06361,Kabir Bhatia,Female,kharechatresh@example.com,9725078855,Phagwara,Odisha,India,2021-09-06
CUST06362,Nitara Edwin,Female,baburanbir@example.com,3268944351,Arrah,Sikkim,India,2022-02-10
CUST06363,Eiravati Vig,Male,oommensamuel@example.net,8131916069,Dewas,Manipur,India,2025-11-08
CUST06364,Aarini Dora,Female,vasudha76@example.com,7937048566,Gaya,Uttarakhand,India,2022-04-16
CUST06365,Pratyush Sane,Female,viswanathanbarkha@example.com,7574708671,Rewa,Meghalaya,India,2023-09-26
CUST06366,Wazir Saraf,Female,gkibe@example.net,9786202380,Sagar,Goa,India,2026-07-10
CUST06367,Adweta Grewal,Male,yug16@example.net,9583369605,Pallavaram,Goa,India,2024-11-20
CUST06368,Nachiket Raghavan,Female,edhitha04@example.net,0115268209,Jamalpur,Mizoram,India,2025-10-23
CUST06369,Zilmil Kibe,Male,yamini30@example.org,6339418668,Vellore,Chhattisgarh,India,2023-03-21
CUST06370,Zayyan Datta,Male,fbobal@example.org,6559051673,Adoni,Goa,India,2021-08-14
CUST06371,Hemal Mand,Female,mbatra@example.net,5660997115,Bijapur,Madhya Pradesh,India,2024-08-10
CUST06372,Ikshita Rama,Male,cdalal@example.com,6587409597,Akola,Haryana,India,2023-05-26
CUST06373,Lajita Goyal,Female,malhotraekavir@example.net,8071102925,Bhiwani,Maharashtra,India,2022-09-10
CUST06374,Aayush Magar,Female,caleb53@example.com,4121875931,Motihari,Maharashtra,India,2023-02-20
CUST06375,Zarna Dara,Male,srivastavawyatt@example.net,3977322135,Giridih,Karnataka,India,2025-12-04
CUST06376,Zarna Roy,Male,girindra02@example.net,4269497572,Begusarai,Karnataka,India,2025-05-20
CUST06377,Samesh Koshy,Female,suradaksha@example.com,8294411707,Pondicherry,Punjab,India,2021-11-24
CUST06378,Ekavir Sibal,Female,tristanghose@example.net,2004831850,Amroha,West Bengal,India,2022-04-26
CUST06379,Matthew Dhar,Male,nnarain@example.net,2164844801,Gangtok,Tripura,India,2023-08-06
CUST06380,Arya Sastry,Male,urmilala@example.org,3293376435,Berhampur,Kerala,India,2022-08-24
CUST06381,Nihal Chawla,Female,moreutkarsh@example.com,3364491542,Chapra,Meghalaya,India,2024-06-27
CUST06382,Maanav Keer,Female,ewarrior@example.net,6262013398,Bhiwani,Uttar Pradesh,India,2026-06-21
CUST06383,Vivaan Khalsa,Male,devanshravel@example.org,0667523884,Tumkur,Punjab,India,2025-09-07
CUST06384,Timothy Madan,Male,yashviandra@example.org,6078345730,Tirunelveli,Uttarakhand,India,2026-04-11
CUST06385,Tara Chahal,Male,ekantikamunshi@example.com,6686781359,Thanjavur,Andhra Pradesh,India,2022-07-03
CUST06386,Henry Choudhary,Male,singhalupma@example.net,8335840346,Aligarh,Arunachal Pradesh,India,2026-05-01
CUST06387,Aarnav Yogi,Male,qdey@example.net,9863496587,Purnia,Bihar,India,2022-04-16
CUST06388,Libni Narain,Female,urishilla38@example.org,5693505234,Chinsurah,Punjab,India,2024-02-23
CUST06389,Bakhshi Mohan,Female,kulkarnigautami@example.net,9154911550,Srinagar,Haryana,India,2025-07-08
CUST06390,Abeer Dalal,Male,falguni18@example.net,2201878549,Gudivada,Himachal Pradesh,India,2026-05-08
CUST06391,Chaaya Rajagopal,Female,egulati@example.net,7928651139,Raichur,Maharashtra,India,2023-10-22
CUST06392,Samuel Bassi,Male,baghyawatipalan@example.org,6123047303,Mehsana,Nagaland,India,2022-02-04
CUST06393,Eiravati Kala,Male,kalajani@example.com,8577429528,Sultan Pur Majra,Himachal Pradesh,India,2024-03-27
CUST06394,Jeremiah Lad,Male,leenakorpal@example.net,2289446947,Thoothukudi,Assam,India,2021-09-17
CUST06395,Gautam Kala,Male,semvyanjana@example.net,3200599694,Lucknow,Gujarat,India,2022-08-01
CUST06396,Chandani Pandey,Male,varenyalad@example.org,6203887602,Thanjavur,West Bengal,India,2023-03-15
CUST06397,Wahab Butala,Male,gayathri09@example.net,4285942859,Uluberia,Maharashtra,India,2022-03-16
CUST06398,Gavin Puri,Male,ekiya24@example.org,9805046118,Nangloi Jat,Jharkhand,India,2025-09-22
CUST06399,Omisha Krishnan,Male,saumyamuni@example.org,6813984670,Phusro,Madhya Pradesh,India,2022-11-13
CUST06400,Riya Sekhon,Male,aadhya11@example.net,9501281385,Faridabad,Madhya Pradesh,India,2022-03-14
CUST06401,Kevin Kala,Male,wazirdalal@example.net,1098937367,Hazaribagh,Tripura,India,2026-03-14
CUST06402,Harrison Hayre,Female,darabhanumati@example.org,8424202536,Tirunelveli,Kerala,India,2026-02-24
CUST06403,Lucky Shetty,Female,chandrankaran@example.net,4756690703,Thiruvananthapuram,Kerala,India,2025-03-11
CUST06404,Baghyawati Shukla,Male,wahab21@example.com,5075685343,Bhatpara,Haryana,India,2022-07-19
CUST06405,Ekiya Jha,Female,jairaj00@example.org,0194897127,Mira-Bhayandar,Bihar,India,2022-02-22
CUST06406,Ayush Hans,Female,subramaniamethan@example.com,5058043395,Siliguri,Maharashtra,India,2024-12-13
CUST06407,Harshil Palla,Male,bnarasimhan@example.org,5116552595,Satna,Odisha,India,2025-01-22
CUST06408,Suhani Warrior,Female,bhattveer@example.net,3539404589,Miryalaguda,Punjab,India,2024-09-14
CUST06409,Parth Ram,Female,jagvitiwari@example.com,4602055448,Adoni,Himachal Pradesh,India,2023-02-18
CUST06410,Azad Puri,Male,hkale@example.net,3842188369,Guwahati,Gujarat,India,2024-07-04
CUST06411,Ijaya Vora,Female,nigamimaran@example.com,9367911994,Navi Mumbai,Mizoram,India,2022-10-26
CUST06412,Frado Sangha,Female,ksani@example.com,2524438078,Warangal,Meghalaya,India,2022-03-14
CUST06413,Ekaja Chopra,Female,goladaniel@example.net,5219786756,Asansol,Karnataka,India,2025-06-09
CUST06414,Zilmil Kurian,Male,butalaavi@example.org,8484037997,Dindigul,Kerala,India,2024-04-23
CUST06415,Anvi Jaggi,Male,lnatt@example.net,6360214376,Burhanpur,West Bengal,India,2021-09-19
CUST06416,Lohit Srinivasan,Male,bhavna48@example.net,8292836606,Adoni,West Bengal,India,2022-03-19
CUST06417,Anvi Kulkarni,Female,faqidsibal@example.org,0240957177,Thanjavur,Arunachal Pradesh,India,2025-08-17
CUST06418,Xalak Das,Female,vaidyaakshay@example.com,7229771146,Begusarai,Karnataka,India,2025-09-03
CUST06419,Siddharth Dara,Female,girikpradhan@example.com,0741790329,Katihar,Jharkhand,India,2024-05-07
CUST06420,Aarush Balasubramanian,Male,qsant@example.org,1817117710,Fatehpur,Arunachal Pradesh,India,2023-08-20
CUST06421,Naksh Natarajan,Female,vansha15@example.org,6480195928,Alwar,Bihar,India,2023-03-06
CUST06422,Bakhshi Handa,Female,vincent14@example.net,8830919211,Kolhapur,Haryana,India,2023-09-10
CUST06423,Chakrika Bawa,Male,mohansamuel@example.org,8444262889,Satara,Chhattisgarh,India,2026-04-20
CUST06424,Warhi Suri,Female,xpatil@example.org,0071368489,Meerut,Gujarat,India,2022-03-26
CUST06425,Baghyawati Gera,Female,falak75@example.net,0002192712,Surat,Karnataka,India,2025-12-23
CUST06426,Nilima Dugal,Male,chaudharivinaya@example.org,2269715678,Davanagere,Tripura,India,2024-01-27
CUST06427,Zayan Uppal,Female,jbhat@example.com,2060602481,Dharmavaram,Chhattisgarh,India,2025-08-01
CUST06428,Faraj Narang,Male,epradhan@example.com,7408202328,Pimpri-Chinchwad,West Bengal,India,2025-12-31
CUST06429,Urvi Natarajan,Male,vaishnaviagate@example.org,1838802401,Pallavaram,Jharkhand,India,2022-02-04
CUST06430,Odika Goel,Male,riya47@example.net,3815426645,Nadiad,Meghalaya,India,2026-02-02
CUST06431,Chavvi Nazareth,Male,chakradhar25@example.net,0338793041,Baranagar,Tripura,India,2025-02-08
CUST06432,Warinder Mahal,Female,bakshilekha@example.com,1789311377,Satna,Gujarat,India,2021-07-25
CUST06433,Aahana Bath,Female,nagaryashasvi@example.com,3821650897,Mehsana,Tamil Nadu,India,2022-12-09
CUST06434,Upasna Patla,Female,lavanyadoctor@example.org,4168955934,Maheshtala,Odisha,India,2022-06-22
CUST06435,Priya Chaudhry,Male,wjain@example.net,8667815706,Pali,Uttarakhand,India,2021-09-15
CUST06436,Faqid Rout,Male,bavayochana@example.com,4717279921,Guwahati,Haryana,India,2026-07-01
CUST06437,Darsh Pal,Female,pranit18@example.com,8750455102,Patna,Uttar Pradesh,India,2025-11-30
CUST06438,Vihaan Sathe,Male,falak97@example.com,1680165547,Raiganj,Madhya Pradesh,India,2022-11-16
CUST06439,Qasim Lad,Female,iyengarhema@example.org,5055110467,Guntakal,Chhattisgarh,India,2021-10-09
CUST06440,Urmi Date,Male,psoman@example.net,4235009476,Khandwa,West Bengal,India,2025-07-03
CUST06441,Warhi Korpal,Male,trana@example.net,6858366065,Rajpur Sonarpur,Telangana,India,2024-07-11
CUST06442,Bhavini Koshy,Male,jhalak99@example.com,4407500225,Asansol,Maharashtra,India,2023-10-24
CUST06443,Maanav Deshpande,Male,tdasgupta@example.org,0569776331,Alwar,Chhattisgarh,India,2025-04-03
CUST06444,Darpan Bala,Male,qadim58@example.net,0904963162,Vijayawada,Odisha,India,2022-11-29
CUST06445,Vidhi Suresh,Female,azaan40@example.org,1610560435,Bidhannagar,Chhattisgarh,India,2026-01-14
CUST06446,Gunbir Kota,Female,zchander@example.com,8716279371,Srinagar,Maharashtra,India,2024-09-13
CUST06447,Aadi Kara,Female,drandhawa@example.net,3247117394,Visakhapatnam,Punjab,India,2022-12-19
CUST06448,Shivani Prasad,Female,leela35@example.net,5176396223,Patiala,Himachal Pradesh,India,2023-04-30
CUST06449,Janani Wadhwa,Female,damyanti19@example.org,0399481417,Agra,Telangana,India,2023-07-07
CUST06450,Ranveer Loke,Male,egola@example.com,8212062102,Thanjavur,Maharashtra,India,2026-03-23
CUST06451,Logan Acharya,Female,mchauhan@example.net,3550207142,Hindupur,West Bengal,India,2023-11-10
CUST06452,Siddharth Kara,Male,qkhosla@example.org,7791365828,Kanpur,Maharashtra,India,2022-08-01
CUST06453,Aahana Kala,Male,bsem@example.com,9796540365,Bally,Uttar Pradesh,India,2024-05-27
CUST06454,Inaya Dugar,Male,girish11@example.com,9631235870,Ahmedabad,Jharkhand,India,2024-08-10
CUST06455,Zaid Dalal,Female,zehaanbhattacharyya@example.org,6071060398,Purnia,Tamil Nadu,India,2023-07-07
CUST06456,Omisha Agate,Male,harinibal@example.org,5112816849,Rewa,Telangana,India,2024-02-06
CUST06457,Eshana Bobal,Male,omaja32@example.net,8828715013,Jalgaon,Rajasthan,India,2021-11-26
CUST06458,Zayan Ravi,Male,guneetram@example.com,4823200159,Jalgaon,Tripura,India,2026-04-08
CUST06459,Radha Kamdar,Male,omishakapoor@example.org,3725685054,Erode,Tripura,India,2023-05-13
CUST06460,Hema Sarna,Female,orinder68@example.net,6936389268,Machilipatnam,Kerala,India,2026-06-10
CUST06461,Ishwar Bakshi,Male,smand@example.com,3921736477,New Delhi,Haryana,India,2023-08-05
CUST06462,Theodore Manda,Female,vansha44@example.com,9284758155,Sultan Pur Majra,West Bengal,India,2023-12-27
CUST06463,Hemal Tiwari,Male,qkadakia@example.com,9541742069,Chandrapur,Bihar,India,2024-07-23
CUST06464,Triya Bhatti,Male,bhattizayyan@example.net,3378187515,Arrah,Haryana,India,2025-07-03
CUST06465,Indali Sami,Male,fitan13@example.com,6950160241,Pimpri-Chinchwad,Telangana,India,2023-02-16
CUST06466,Omkaar Brahmbhatt,Male,samuel17@example.com,7188284197,Bahraich,Arunachal Pradesh,India,2022-04-07
CUST06467,Samesh Dayal,Female,zamble@example.org,7300995717,Kavali,Assam,India,2026-02-08
CUST06468,Kala Venkatesh,Male,eeshadoctor@example.org,4467529909,Miryalaguda,Tamil Nadu,India,2022-10-17
CUST06469,Ubika Bala,Male,adviksekhon@example.net,9896827511,Agra,West Bengal,India,2021-10-01
CUST06470,Isha Shan,Female,borraarya@example.net,5355376678,Tadepalligudem,Bihar,India,2021-10-27
CUST06471,Nakul Mangal,Male,faris41@example.com,5852925208,Secunderabad,Gujarat,India,2026-04-28
CUST06472,Jagdish Pai,Female,dayalprisha@example.net,5339014878,Mango,Uttar Pradesh,India,2026-07-20
CUST06473,Shravya Krishnamurthy,Female,xnarain@example.org,2158536741,Jamshedpur,Kerala,India,2025-12-25
CUST06474,Ekapad Patil,Male,dkaul@example.net,6662579507,Meerut,West Bengal,India,2024-03-09
CUST06475,Balveer Anand,Male,jananinadkarni@example.net,5976952368,Kanpur,Tamil Nadu,India,2021-08-23
CUST06476,Ayaan Gopal,Male,ahluwaliasara@example.com,1376865379,Bilaspur,Gujarat,India,2023-12-30
CUST06477,Jhalak Khatri,Female,jeevikasem@example.net,6534150503,Ahmednagar,Chhattisgarh,India,2021-11-11
CUST06478,Faraj Hegde,Male,eshanadin@example.org,0246090882,Srikakulam,Bihar,India,2022-06-12
CUST06479,Veer Swaminathan,Male,cben@example.org,1709134005,Firozabad,Chhattisgarh,India,2021-09-26
CUST06480,Jack Pillay,Male,akota@example.org,6029854531,Tezpur,Karnataka,India,2024-09-27
CUST06481,Charan Narula,Female,wmallick@example.org,6294230940,Tiruchirappalli,Tamil Nadu,India,2023-01-03
CUST06482,Nitara Bose,Male,lsabharwal@example.org,6556057966,Karimnagar,Haryana,India,2025-10-26
CUST06483,Timothy Sidhu,Female,xvasa@example.com,7054494001,Allahabad,Arunachal Pradesh,India,2023-11-07
CUST06484,Libni Roy,Male,kashvi77@example.org,3085711358,Thane,Rajasthan,India,2021-09-07
CUST06485,Champak Jha,Female,batrasamarth@example.com,8929158751,Guna,Sikkim,India,2022-12-16
CUST06486,Zehaan Palla,Male,kotalopa@example.net,7727165654,Chittoor,Haryana,India,2024-12-22
CUST06487,Deepa Mall,Male,shaekiya@example.net,8363679760,Ramgarh,Jharkhand,India,2023-11-14
CUST06488,Jeet Babu,Male,xavier56@example.com,9624774640,Rajkot,Assam,India,2023-05-05
CUST06489,Falan Parsa,Female,lakshmi40@example.com,6823700754,Noida,Sikkim,India,2023-11-23
CUST06490,Robert Sura,Male,ldubey@example.com,1245302643,Pondicherry,Odisha,India,2021-12-09
CUST06491,Nathan Mangat,Female,kamdarnimrat@example.org,5292847375,Tadipatri,Maharashtra,India,2021-12-08
CUST06492,Zayan Kapoor,Female,loyaldavid@example.com,2319748727,Machilipatnam,Sikkim,India,2022-12-29
CUST06493,Sachi Gokhale,Male,falguni85@example.net,9364198620,Sirsa,Arunachal Pradesh,India,2023-09-14
CUST06494,Aachal Cheema,Male,farhan70@example.org,7073385410,Sikar,Sikkim,India,2023-10-24
CUST06495,Irya Nanda,Female,znarasimhan@example.com,7308267263,Phusro,Maharashtra,India,2025-03-31
CUST06496,Omaja Kapadia,Male,niharika12@example.net,4222737346,Kolhapur,Andhra Pradesh,India,2022-11-13
CUST06497,Jai Ravel,Female,sanaya91@example.com,1639649673,Secunderabad,Tripura,India,2021-11-17
CUST06498,Ria Varkey,Male,ksaini@example.org,0282392382,Bidar,Madhya Pradesh,India,2026-06-19
CUST06499,Pahal Reddy,Female,avikari@example.net,6955266280,Mau,Madhya Pradesh,India,2025-12-21
CUST06500,Yadavi Singhal,Female,oanand@example.net,8518541435,Patiala,Uttarakhand,India,2026-07-11
CUST06501,Faraj Dutta,Female,swaminathanjanaki@example.net,6939093763,Erode,Karnataka,India,2025-10-28
CUST06502,Patrick Pillay,Male,ukulkarni@example.com,9756098221,Bhiwandi,Mizoram,India,2025-10-02
CUST06503,Nachiket Gara,Female,jagat40@example.com,8632714552,Parbhani,Maharashtra,India,2025-10-16
CUST06504,Luke Jain,Male,fshroff@example.net,2707185667,Bijapur,Uttar Pradesh,India,2023-04-26
CUST06505,Devika Memon,Female,sinhathomas@example.org,0591323088,Munger,Madhya Pradesh,India,2025-04-29
CUST06506,Hamsini Bora,Male,varsha65@example.com,6820173843,Tenali,Karnataka,India,2025-02-03
CUST06507,Darsh Prasad,Male,abdul01@example.com,1887172856,Guna,Goa,India,2024-03-24
CUST06508,Hredhaan Anne,Male,darika89@example.net,3079368500,Bellary,Andhra Pradesh,India,2024-12-09
CUST06509,Oviya Nagy,Female,narangyashica@example.net,6489331733,Gurgaon,Andhra Pradesh,India,2022-12-01
CUST06510,Robert Dugar,Female,vedant85@example.net,7182599896,Mehsana,Kerala,India,2024-11-27
CUST06511,Vasana Pillay,Female,shivani63@example.net,0499319465,Bulandshahr,Himachal Pradesh,India,2022-12-17
CUST06512,Ekani Dewan,Female,goyalnitara@example.com,2435048451,Sikar,Telangana,India,2021-12-03
CUST06513,Thomas Soni,Male,murtyaashi@example.org,3291537334,Jalandhar,West Bengal,India,2023-02-08
CUST06514,Urvashi Mittal,Male,onkar15@example.net,1462892509,Dewas,Jharkhand,India,2025-07-01
CUST06515,Nirja Ahluwalia,Female,gauri57@example.com,0146249710,Haridwar,Jharkhand,India,2025-08-24
CUST06516,Chaman Chaudhry,Male,davidsarna@example.com,6239703025,Buxar,Goa,India,2022-05-13
CUST06517,Anmol Roy,Female,shankerhiral@example.org,2972532955,Etawah,Himachal Pradesh,India,2023-09-08
CUST06518,Karan Bhagat,Female,saumya97@example.com,7239505104,Jorhat,Karnataka,India,2024-02-25
CUST06519,Harita Sastry,Male,jeevika81@example.org,3336515857,Unnao,West Bengal,India,2022-06-29
CUST06520,Arin Salvi,Female,indalichakraborty@example.org,7655493067,Allahabad,Uttarakhand,India,2022-07-01
CUST06521,Vinaya Pillay,Male,jairaj10@example.org,1865927534,Kamarhati,Gujarat,India,2021-09-27
CUST06522,Arin Shukla,Female,gaurika84@example.com,1342523269,Bhiwandi,Andhra Pradesh,India,2023-03-27
CUST06523,Gaurang Chakrabarti,Female,sahnivedika@example.org,9034636060,Jamshedpur,Haryana,India,2021-11-06
CUST06524,Hemani Kalla,Female,kohlimitali@example.org,2888143383,Jammu,Uttar Pradesh,India,2026-07-11
CUST06525,Kamala Sule,Male,sagarwaida@example.net,8757146936,Tinsukia,Uttarakhand,India,2022-10-06
CUST06526,Lakshmi Jha,Female,chavvigoda@example.org,9288004695,Gangtok,Madhya Pradesh,India,2022-05-04
CUST06527,Qasim Aggarwal,Female,kapuryachana@example.org,0172872079,Panchkula,Rajasthan,India,2022-05-04
CUST06528,Daksha Edwin,Male,girindra37@example.net,9989222430,Alwar,Madhya Pradesh,India,2025-02-08
CUST06529,Vrishti Narayan,Male,pbaral@example.com,2385019368,Phusro,Kerala,India,2023-01-29
CUST06530,Chatresh Bali,Male,bhatiabalvan@example.org,9268194295,Gwalior,Andhra Pradesh,India,2024-01-31
CUST06531,Bhavini Desai,Female,omgagan@example.net,6612095180,Saharanpur,Himachal Pradesh,India,2024-12-20
CUST06532,Tripti Mitra,Female,ektasarin@example.org,6515685976,Nadiad,Madhya Pradesh,India,2025-05-18
CUST06533,Udarsh Palan,Female,aahanasheth@example.net,1214856775,Machilipatnam,Bihar,India,2022-10-15
CUST06534,Avni Panchal,Male,yshere@example.org,2294654897,Bareilly,Kerala,India,2022-07-11
CUST06535,Priya Bal,Female,harinitalwar@example.com,4361023677,Etawah,Arunachal Pradesh,India,2026-04-05
CUST06536,Aahana Borde,Female,gautamwable@example.org,4607856225,Bhubaneswar,Manipur,India,2022-09-14
CUST06537,Liam Rana,Female,ria62@example.org,1833416250,Nangloi Jat,Andhra Pradesh,India,2024-04-16
CUST06538,Frado Borah,Female,kmitter@example.org,6950764197,Tirunelveli,Nagaland,India,2025-06-27
CUST06539,Madhav Koshy,Male,lallachavvi@example.org,3582484644,Surat,Manipur,India,2022-02-01
CUST06540,Shravya Bhalla,Male,pahalkaran@example.net,9727586734,Ramagundam,Nagaland,India,2025-01-12
CUST06541,Amara Sandhu,Male,devika45@example.com,2854587355,Kavali,Haryana,India,2026-05-13
CUST06542,Ronith Krish,Female,dalbirsoni@example.com,3278383824,Bangalore,Odisha,India,2024-08-02
CUST06543,Chakradhar Sehgal,Female,ryan74@example.net,1133044194,Guna,Manipur,India,2025-09-26
CUST06544,Lohit Kaul,Male,krisha09@example.org,5706832176,Jamnagar,Mizoram,India,2025-09-01
CUST06545,Jacob Kapur,Female,xloyal@example.org,1545429825,Haridwar,Mizoram,India,2023-09-13
CUST06546,Jason Ramesh,Female,aganesh@example.net,1149622554,Danapur,Meghalaya,India,2024-04-30
CUST06547,Pranav Dave,Female,pushtiramesh@example.net,6860760109,Erode,Telangana,India,2022-07-24
CUST06548,Ranveer Chhabra,Male,rajuurvashi@example.net,0240564266,Bathinda,Odisha,India,2024-04-08
CUST06549,Janya Gopal,Male,idevi@example.org,9177714671,Bhusawal,Andhra Pradesh,India,2026-05-02
CUST06550,Yatan Sangha,Male,bimalapatla@example.org,4305733335,Secunderabad,Mizoram,India,2024-02-11
CUST06551,Harish Mishra,Male,devigeorge@example.net,1384667573,Silchar,West Bengal,India,2024-03-29
CUST06552,Vasatika Mall,Female,iraval@example.org,9488957139,Ichalkaranji,Meghalaya,India,2024-09-12
CUST06553,Nilima Lad,Female,zdar@example.org,9953121694,Raiganj,Mizoram,India,2023-06-22
CUST06554,Yuvraj Pingle,Female,divyakapadia@example.net,9070428049,Durg,Chhattisgarh,India,2022-06-18
CUST06555,Samesh Sabharwal,Female,sarnawarhi@example.net,3786557913,Durg,Tripura,India,2026-02-11
CUST06556,Hitesh Ravel,Male,ysodhi@example.net,1697420561,Salem,Andhra Pradesh,India,2023-05-09
CUST06557,Advaith Chana,Male,cmane@example.com,3091482105,Aizawl,Jharkhand,India,2025-05-22
CUST06558,Baljiwan Tank,Male,dominic96@example.com,2376542021,Mau,Karnataka,India,2021-10-26
CUST06559,Jai Barman,Female,dasreyansh@example.net,2763362235,Dharmavaram,Nagaland,India,2025-12-20
CUST06560,Isaiah Pandit,Female,chakrabortybalvan@example.net,7927065698,Tenali,Haryana,India,2025-07-04
CUST06561,Brijesh Keer,Female,babuyadavi@example.com,1246784345,Vijayanagaram,Jharkhand,India,2022-05-16
CUST06562,Aarini Karan,Male,omyatandon@example.com,1199410927,Jehanabad,Goa,India,2024-10-14
CUST06563,Nikita Pandey,Female,michael15@example.net,4261398284,Khora ,Goa,India,2024-01-31
CUST06564,Harrison Khanna,Male,pzacharia@example.org,1820544750,Ongole,Madhya Pradesh,India,2022-10-28
CUST06565,Jasmit Subramaniam,Female,narulaniharika@example.com,0839696093,Kota,Haryana,India,2021-12-17
CUST06566,Nilima Acharya,Male,ikulkarni@example.net,5733494515,Bally,Goa,India,2023-11-03
CUST06567,Kavya Kothari,Male,ayush07@example.net,3849126011,Mumbai,Manipur,India,2024-11-19
CUST06568,Joshua Karan,Male,mugdha13@example.com,2663842465,Unnao,Kerala,India,2024-05-11
CUST06569,Udarsh Som,Male,chatreshghose@example.com,4918155072,Bareilly,Odisha,India,2023-09-16
CUST06570,Ria Lata,Male,dhriti81@example.org,4517509631,Pali,Himachal Pradesh,India,2026-04-12
CUST06571,Odika Sodhi,Male,odika64@example.com,4753697891,Guna,Gujarat,India,2025-03-13
CUST06572,Triya Jani,Female,chanchal48@example.com,3542551737,Gorakhpur,Andhra Pradesh,India,2025-05-13
CUST06573,Meghana Sunder,Female,baralchampak@example.org,7905231082,Orai,Manipur,India,2026-01-03
CUST06574,Urishilla Kohli,Male,manthanpathak@example.net,2771167048,Bettiah,Himachal Pradesh,India,2022-10-26
CUST06575,Omisha Babu,Female,jyotiraman@example.net,3654733669,Hospet,Odisha,India,2024-12-29
CUST06576,Oeshi Anand,Female,larya@example.org,6002330515,Agra,Andhra Pradesh,India,2024-04-17
CUST06577,Anvi Kanda,Female,jasmit64@example.net,5733430120,Nashik,Mizoram,India,2023-06-08
CUST06578,Rohan Gopal,Female,ishwar31@example.net,9339644883,Bhatpara,Mizoram,India,2022-07-29
CUST06579,Yashawini Thakkar,Male,deshmukhkavya@example.net,8719933191,Secunderabad,Bihar,India,2023-11-14
CUST06580,Wridesh Sodhi,Male,logan19@example.org,7729396582,Tenali,Tripura,India,2023-11-21
CUST06581,Falguni Soman,Female,warhi69@example.org,2755789946,Navi Mumbai,Sikkim,India,2022-02-16
CUST06582,Idika Ramesh,Female,surachandani@example.org,1142134435,Thoothukudi,Jharkhand,India,2024-05-23
CUST06583,Anthony Devan,Male,baladhruv@example.net,7517935301,Danapur,Karnataka,India,2022-01-22
CUST06584,Zansi Agrawal,Female,thakkarekaja@example.com,3281230869,Ghaziabad,Kerala,India,2026-05-05
CUST06585,Banjeet Bhalla,Male,obains@example.com,7090009745,Mehsana,Uttar Pradesh,India,2023-07-12
CUST06586,Priya Thaman,Female,charles61@example.com,7751096552,Hosur,Punjab,India,2023-10-02
CUST06587,Chakradev Kant,Male,ekta20@example.com,5262181136,Mahbubnagar,Tamil Nadu,India,2024-01-31
CUST06588,Urvi Karnik,Male,devanshhora@example.com,7750999705,Ujjain,Tripura,India,2022-11-02
CUST06589,Nitesh Vala,Male,faqidshukla@example.com,9208979429,Suryapet,Karnataka,India,2022-04-04
CUST06590,Nandini Bahri,Male,galafarhan@example.org,9641770586,Morena,Meghalaya,India,2026-02-22
CUST06591,Parth Swamy,Female,kharelucky@example.com,0550248077,Gwalior,Mizoram,India,2022-02-22
CUST06592,Amaira Warrior,Male,virajchaudhary@example.org,6055905879,Gaya,Chhattisgarh,India,2022-08-22
CUST06593,Charvi Bava,Female,okarnik@example.net,9051150591,Nagercoil,Telangana,India,2026-02-17
CUST06594,Gavin Mohanty,Male,shivansh18@example.net,5964527554,Nagaon,Mizoram,India,2022-05-29
CUST06595,Wahab Mannan,Female,andraeta@example.org,3037180932,Hosur,Uttarakhand,India,2025-07-07
CUST06596,Zansi Ghose,Male,prisha41@example.com,4736448009,Bidhannagar,Odisha,India,2023-04-19
CUST06597,Wriddhish Chad,Female,lakshit87@example.com,2307257557,Howrah,Andhra Pradesh,India,2025-07-18
CUST06598,Leela Gara,Female,onarula@example.com,0123877347,Hapur,Uttarakhand,India,2022-01-08
CUST06599,Tanvi Sarkar,Female,senguptaekaraj@example.net,2908337208,Jamalpur,West Bengal,India,2021-10-16
CUST06600,Arjun Oza,Female,dharsanaya@example.net,1487875296,Alappuzha,Andhra Pradesh,India,2023-10-08
CUST06601,Turvi Nagi,Male,nitararaval@example.org,8071717486,Panihati,Gujarat,India,2025-03-26
CUST06602,Vihaan Bumb,Female,vrishti52@example.org,8416916897,Ulhasnagar,Tamil Nadu,India,2023-03-27
CUST06603,Ria Naik,Female,lbuch@example.com,8444726945,Ludhiana,Sikkim,India,2026-01-20
CUST06604,Wakeeta Kamdar,Male,qdixit@example.org,6627912024,Delhi,Odisha,India,2022-03-17
CUST06605,Hemal Sarna,Female,kakarbhanumati@example.com,1153135589,Rewa,Goa,India,2026-02-10
CUST06606,Nidra Ben,Female,harshaggarwal@example.net,4738810946,Dehri,Mizoram,India,2022-08-01
CUST06607,Bhavya Divan,Female,dseth@example.net,6837134245,Mehsana,West Bengal,India,2022-06-13
CUST06608,Devansh Saini,Female,niteshiyer@example.com,5865419294,Ranchi,Meghalaya,India,2024-06-21
CUST06609,Madhavi Agrawal,Male,chatterjeelila@example.net,2530310921,Raiganj,Himachal Pradesh,India,2023-11-13
CUST06610,Yahvi Munshi,Female,yatinkalita@example.com,6411166491,Mumbai,Jharkhand,India,2026-02-20
CUST06611,Rehaan Sami,Female,abha43@example.com,9313579298,Mehsana,Chhattisgarh,India,2024-10-07
CUST06612,Omya Mohan,Male,vnarasimhan@example.com,4207245664,Kolhapur,Tripura,India,2025-02-14
CUST06613,Charita Basak,Female,luckynayak@example.org,8024771876,Raebareli,Meghalaya,India,2025-02-07
CUST06614,Brijesh Oza,Female,kabirmittal@example.org,5195012682,Kurnool,Telangana,India,2023-12-04
CUST06615,Neelima Oza,Male,barkhadalia@example.net,1604976294,Agra,Kerala,India,2022-11-13
CUST06616,Aarush Dash,Male,gavinwali@example.com,5419089160,Ghaziabad,Goa,India,2022-01-09
CUST06617,Ekbal Dhawan,Female,vkale@example.com,9017096332,Bangalore,Haryana,India,2026-02-09
CUST06618,Osha Chandran,Female,jason61@example.org,2559290957,Malda,Chhattisgarh,India,2023-07-06
CUST06619,Eiravati Korpal,Female,ladlithaman@example.org,2703661446,Tiruvottiyur,Chhattisgarh,India,2026-02-27
CUST06620,Vedhika Seshadri,Female,vdar@example.net,2438964858,Raebareli,Sikkim,India,2023-11-06
CUST06621,Xavier Sinha,Female,sethikamala@example.com,2106569049,Singrauli,Gujarat,India,2021-11-13
CUST06622,Peter Varughese,Male,paninisundaram@example.com,4519868302,Ratlam,Assam,India,2025-09-15
CUST06623,Siddharth Toor,Male,pranavmodi@example.net,3570800414,Amaravati,Arunachal Pradesh,India,2026-05-23
CUST06624,Meghana Kapoor,Male,patiljanya@example.net,6899805624,Durgapur,West Bengal,India,2023-05-30
CUST06625,Charita Panchal,Female,jacobkalita@example.net,9433654961,Rampur,Uttar Pradesh,India,2022-07-24
CUST06626,Pranav Bhatti,Male,zaid04@example.com,1508962378,Ambattur,Punjab,India,2023-05-06
CUST06627,Simon Varty,Male,tiwarijack@example.net,6735382039,Anand,Odisha,India,2025-08-16
CUST06628,Dalbir Chandra,Male,wsabharwal@example.com,0179198377,Burhanpur,Mizoram,India,2024-03-14
CUST06629,Abhiram Mani,Female,memonwakeeta@example.net,8163569182,Howrah,Assam,India,2023-05-10
CUST06630,Advay Sagar,Male,merchantchakradev@example.org,7592291589,Bhind,Mizoram,India,2021-12-19
CUST06631,Madhavi Walia,Male,smajumdar@example.com,3118407961,New Delhi,Assam,India,2021-09-22
CUST06632,Falak Bala,Female,ekbal27@example.org,3370189465,Nagpur,Rajasthan,India,2025-09-05
CUST06633,Dhriti Sathe,Female,deadvik@example.net,1553407787,Tirupati,Tripura,India,2022-03-13
CUST06634,Tripti Sheth,Male,devika42@example.net,3403208987,Surat,Tamil Nadu,India,2023-05-15
CUST06635,Edhitha Sankaran,Female,bbuch@example.com,5519135794,Durgapur,Himachal Pradesh,India,2022-02-12
CUST06636,Anamika Sehgal,Female,eshana95@example.org,2230220258,Faridabad,Gujarat,India,2025-07-07
CUST06637,Amara Murthy,Male,dateandrew@example.org,2430796173,Jaunpur,Jharkhand,India,2021-11-16
CUST06638,Lopa Wali,Female,zaid64@example.org,6408119729,Kozhikode,West Bengal,India,2022-06-16
CUST06639,Aayush Char,Male,chandran71@example.org,2575457457,Kolkata,Chhattisgarh,India,2022-12-13
CUST06640,Hemani Dhingra,Male,cwadhwa@example.org,2079377273,Kochi,Jharkhand,India,2022-06-06
CUST06641,Hemangini Minhas,Female,horamanan@example.net,2061375028,Jamnagar,Bihar,India,2026-02-25
CUST06642,Janaki Loyal,Male,qchatterjee@example.net,5211425984,Silchar,Haryana,India,2022-01-25
CUST06643,Ganga Rajagopal,Female,raghavanindali@example.org,3547171571,Jehanabad,Odisha,India,2023-10-25
CUST06644,Bhavna Deshmukh,Female,aayush78@example.org,3275132297,Medininagar,Bihar,India,2024-01-09
CUST06645,Ekbal Hayer,Male,gautami25@example.net,0887122152,Bulandshahr,Tripura,India,2024-11-01
CUST06646,Matthew Palla,Female,patlagayathri@example.com,3831255645,Kharagpur,Uttar Pradesh,India,2025-07-21
CUST06647,Chandani Prakash,Male,harinakshi35@example.org,5794998601,Thoothukudi,Sikkim,India,2025-08-17
CUST06648,Guneet Bal,Male,chawlaidika@example.net,6182691179,Eluru,Tripura,India,2023-06-05
CUST06649,Abha Upadhyay,Female,kshere@example.com,8441953075,Rewa,Mizoram,India,2025-03-20
CUST06650,Vritti Gera,Male,salvirachana@example.com,0297303915,Guntakal,Assam,India,2025-04-03
CUST06651,Januja Patil,Male,hramesh@example.com,3516035124,Bidhannagar,Sikkim,India,2026-03-01
CUST06652,Vanya Nagar,Male,sdhar@example.net,5897625490,Guntakal,Arunachal Pradesh,India,2024-08-20
CUST06653,Vedant Kunda,Male,lilasem@example.com,8456663222,Firozabad,Telangana,India,2023-08-31
CUST06654,Rajata Devan,Female,max02@example.org,0704271152,Parbhani,Tripura,India,2021-09-22
CUST06655,Charita Ganesan,Male,shahqabil@example.org,4843419705,Bijapur,West Bengal,India,2025-12-18
CUST06656,Hema Oak,Male,fiyer@example.com,1687825338,Hospet,Odisha,India,2025-05-01
CUST06657,Ansh Chaudry,Male,wriddhish52@example.org,2137779821,Rampur,Sikkim,India,2023-09-29
CUST06658,Sneha Balasubramanian,Male,omishasen@example.org,2124788883,Lucknow,Haryana,India,2022-05-31
CUST06659,Aachal Ahluwalia,Male,ngera@example.net,3337512310,Bellary,Tripura,India,2026-06-27
CUST06660,Nidra Tank,Male,yadavitata@example.net,1273195920,Suryapet,Karnataka,India,2024-09-20
CUST06661,Akshay Vaidya,Male,idara@example.org,5019761642,Jaunpur,Punjab,India,2023-11-20
CUST06662,Isaiah Sridhar,Female,edhithadhar@example.net,7254048863,Ramgarh,Assam,India,2026-03-29
CUST06663,Adweta Pal,Female,bishakhamisra@example.net,3933657964,Kanpur,Telangana,India,2024-04-11
CUST06664,Darsh Sarraf,Female,yagneshchawla@example.org,7763184993,Dhule,Chhattisgarh,India,2023-04-30
CUST06665,Peter Narula,Female,vwason@example.org,0146411644,Vellore,Bihar,India,2022-11-24
CUST06666,Bahadurjit Halder,Male,vpingle@example.com,0150896424,Machilipatnam,Himachal Pradesh,India,2025-02-23
CUST06667,Ekanta Iyer,Male,krishnameera@example.org,5446069013,Amritsar,Rajasthan,India,2022-07-07
CUST06668,Dev Ranganathan,Female,adwetaraghavan@example.org,0857693330,Tiruchirappalli,Arunachal Pradesh,India,2024-05-05
CUST06669,Yashasvi Lall,Male,dattabahadurjit@example.com,4328211235,Jodhpur,Arunachal Pradesh,India,2025-08-17
CUST06670,Urishilla Sibal,Female,chaaya63@example.com,7692289837,Agartala,Gujarat,India,2026-03-13
CUST06671,Chandresh Chacko,Male,jasmitthaman@example.net,6785690910,Madanapalle,Bihar,India,2021-12-12
CUST06672,Harinakshi Pai,Male,garima30@example.org,5013205098,Ghaziabad,Karnataka,India,2022-08-05
CUST06673,Nikita Randhawa,Female,falaksolanki@example.net,6652604376,Hazaribagh,Nagaland,India,2024-03-15
CUST06674,Inaya Bala,Male,williamvarty@example.com,5595807786,Mathura,Kerala,India,2022-06-05
CUST06675,Ucchal Narain,Female,sandalanirudh@example.org,0088570839,Surendranagar Dudhrej,Telangana,India,2021-11-03
CUST06676,Chanchal Verma,Male,raghavlala@example.net,2911604504,Chennai,Tamil Nadu,India,2023-04-26
CUST06677,Oeshi Baral,Female,frado18@example.com,6166870954,Dibrugarh,Odisha,India,2024-06-27
CUST06678,Divya Bhandari,Female,ltara@example.net,3542485985,Dibrugarh,Tamil Nadu,India,2021-11-09
CUST06679,Bachittar Pingle,Male,gaurav38@example.com,8328902075,Mysore,Gujarat,India,2026-02-24
CUST06680,Lakshmi Krish,Female,zkant@example.com,0217349354,Faridabad,Rajasthan,India,2022-09-10
CUST06681,Oliver Acharya,Male,unni22@example.net,2673367967,Bidar,Himachal Pradesh,India,2021-10-21
CUST06682,Hardik Nagar,Female,shasaanvi@example.net,8861845265,Kavali,Punjab,India,2024-07-03
CUST06683,Unni Dayal,Male,owen50@example.org,7437311132,Guna,Himachal Pradesh,India,2024-11-17
CUST06684,Aayush Wagle,Male,guharaghav@example.com,4773083360,Ichalkaranji,Chhattisgarh,India,2024-03-16
CUST06685,Yashvi Merchant,Male,daksh19@example.com,5856690435,Junagadh,Bihar,India,2025-12-20
CUST06686,Leena Sabharwal,Female,dashanay@example.net,0624023941,Srikakulam,Gujarat,India,2024-02-29
CUST06687,Libni Venkataraman,Male,jacob24@example.com,4733037928,Ichalkaranji,Andhra Pradesh,India,2024-06-24
CUST06688,Damini Mitra,Female,rpatla@example.com,9533608966,Bhalswa Jahangir Pur,West Bengal,India,2022-12-07
CUST06689,Chanchal Barad,Female,benaayush@example.net,1090246627,Kamarhati,Uttarakhand,India,2025-01-02
CUST06690,Anusha Sha,Female,shivani85@example.com,6114231069,Surat,Mizoram,India,2024-08-13
CUST06691,Janya Joshi,Male,janinoah@example.org,4583703050,Serampore,Chhattisgarh,India,2023-02-12
CUST06692,Bina Banerjee,Female,rudra89@example.com,8601189195,Durgapur,Karnataka,India,2022-06-12
CUST06693,Ojas Hegde,Male,orinder54@example.net,9140099515,Tiruchirappalli,Bihar,India,2023-08-23
CUST06694,Vedika Mall,Male,ganga22@example.org,0786110255,Dhanbad,Himachal Pradesh,India,2025-06-13
CUST06695,Rushil Vyas,Female,amrita72@example.com,5681023291,Patiala,Andhra Pradesh,India,2022-02-28
CUST06696,Oscar Sen,Male,naveencheema@example.org,3545546121,Durgapur,Manipur,India,2022-06-29
CUST06697,Elijah Kamdar,Female,arinvirk@example.com,1077373833,Haridwar,Telangana,India,2025-01-01
CUST06698,Diya Hora,Female,matthew44@example.net,9846706225,Bharatpur,Mizoram,India,2022-04-22
CUST06699,Anthony Bahri,Male,dsaran@example.net,0262411598,Mumbai,Uttarakhand,India,2023-10-22
CUST06700,Neelima Korpal,Male,xrege@example.net,2152579519,Thrissur,Meghalaya,India,2024-02-22
CUST06701,Keya Sama,Male,mohammed84@example.org,5746723827,Hubli–Dharwad,Chhattisgarh,India,2023-04-07
CUST06702,Zashil Thakkar,Male,zthakur@example.com,2566292671,Sagar,Odisha,India,2024-09-19
CUST06703,Prisha Majumdar,Female,ria13@example.org,9157731798,Bettiah,Bihar,India,2024-04-21
CUST06704,Veer Raval,Male,dalbir81@example.com,4623619726,Vijayawada,Assam,India,2022-08-19
CUST06705,Vrinda Sankar,Male,uperi@example.com,0917438175,Moradabad,Manipur,India,2022-01-04
CUST06706,Utkarsh Palla,Female,mdeol@example.net,3704546044,New Delhi,West Bengal,India,2025-08-28
CUST06707,Wridesh Dani,Female,kavya36@example.org,9866782458,Naihati,Tamil Nadu,India,2024-07-17
CUST06708,Raghav Pingle,Male,sidhubaghyawati@example.org,2960647553,Aurangabad,Kerala,India,2025-12-04
CUST06709,Oscar Chopra,Female,ekaraj18@example.org,2251221187,Salem,Chhattisgarh,India,2026-03-21
CUST06710,Wyatt Rattan,Male,amistry@example.org,8726714637,Khandwa,Goa,India,2025-10-17
CUST06711,Luke Lata,Male,rbutala@example.com,5403783954,Chandigarh,Gujarat,India,2026-04-25
CUST06712,Christopher Vig,Female,tanish42@example.org,9292313991,Mahbubnagar,Himachal Pradesh,India,2025-10-12
CUST06713,Aarnav Pillai,Male,kalahegde@example.net,8330869976,Visakhapatnam,Meghalaya,India,2023-11-14
CUST06714,Jeet Shukla,Male,fnarang@example.net,1381903224,Bijapur,Himachal Pradesh,India,2025-10-22
CUST06715,Lavanya Om,Male,udyatidass@example.net,0062810817,Berhampore,Chhattisgarh,India,2024-08-24
CUST06716,Suhani Natt,Male,lakshit28@example.net,1453824874,Hosur,Tamil Nadu,India,2024-02-29
CUST06717,Lakshmi Sangha,Female,harrisondave@example.org,0862792580,Tiruchirappalli,Assam,India,2025-10-09
CUST06718,Hritik Varughese,Female,nadigpeter@example.net,2636495297,Belgaum,Manipur,India,2023-05-03
CUST06719,Ekantika Chauhan,Female,devansh61@example.com,1279728403,Saharsa,Assam,India,2023-03-11
CUST06720,Shaurya Tak,Female,zansikale@example.net,3166748736,Hazaribagh,Manipur,India,2021-12-14
CUST06721,Jagrati Konda,Female,gsangha@example.org,0529557073,Hosur,Mizoram,India,2023-12-01
CUST06722,Radha Bhatti,Male,lukesastry@example.com,8506749942,Mangalore,Uttar Pradesh,India,2023-08-26
CUST06723,Ranbir Mohan,Female,ssoman@example.com,2728246157,Madhyamgram,Manipur,India,2023-09-04
CUST06724,Veda Sridhar,Male,ishanvimutti@example.com,2429606857,Jalgaon,Sikkim,India,2024-10-28
CUST06725,Mekhala Swamy,Female,vrindajohal@example.com,2592571851,Ozhukarai,Odisha,India,2025-09-13
CUST06726,Udarsh Mitter,Male,naidugaurav@example.org,3704575413,Muzaffarnagar,Gujarat,India,2024-05-14
CUST06727,Ladli Srivastava,Male,yatin13@example.org,4081639150,Vadodara,Chhattisgarh,India,2024-12-12
CUST06728,Gayathri Sanghvi,Male,tchaudry@example.org,1648268402,Sambhal,Kerala,India,2024-04-04
CUST06729,Sara Oak,Female,tbalakrishnan@example.net,2418239899,Guntur,Uttarakhand,India,2023-06-28
CUST06730,Hiral Naik,Male,mukhopadhyayfiyaz@example.net,2952205416,Muzaffarnagar,Uttarakhand,India,2024-11-01
CUST06731,Sara Krishnamurthy,Male,anya82@example.org,2088434307,Tiruvottiyur,Gujarat,India,2024-07-10
CUST06732,Tanveer Mistry,Female,srivastavamekhala@example.com,4804841338,Thoothukudi,Assam,India,2024-03-20
CUST06733,Kala Mander,Male,keya35@example.net,5088846854,Madanapalle,Telangana,India,2025-02-05
CUST06734,Zinal Chana,Female,vaishnavi73@example.net,9709730306,Jalgaon,Mizoram,India,2022-06-19
CUST06735,Gayathri Iyengar,Male,indalimukherjee@example.com,8294868835,Giridih,Andhra Pradesh,India,2024-03-14
CUST06736,Isaac Zacharia,Female,zilmildubey@example.net,6887905449,Kharagpur,Karnataka,India,2022-04-15
CUST06737,Chavvi Amble,Male,tsathe@example.org,9836592031,Mango,Sikkim,India,2022-10-11
CUST06738,Anita Shroff,Male,hegdedarpan@example.org,0323888173,Buxar,Tamil Nadu,India,2022-05-12
CUST06739,Advaith Saran,Female,udant37@example.org,3237100818,Panvel,Goa,India,2023-05-18
CUST06740,Abeer Sabharwal,Female,sethiamrita@example.org,7067239157,Dewas,Chhattisgarh,India,2025-11-12
CUST06741,Harinakshi Oommen,Female,adweta23@example.net,0570048493,Howrah,Rajasthan,India,2025-08-26
CUST06742,Darsh Solanki,Male,xchadha@example.com,9270667568,Warangal,Meghalaya,India,2023-06-04
CUST06743,Hemani Maharaj,Female,pooja64@example.com,5101096784,Meerut,Haryana,India,2024-08-16
CUST06744,Lipika Yadav,Male,ngandhi@example.org,2972361656,Khandwa,Nagaland,India,2023-11-14
CUST06745,Gabriel Dani,Female,wriddhish18@example.com,0425864607,Sonipat,Haryana,India,2025-12-13
CUST06746,Michael Subramanian,Male,gautam84@example.com,7971782586,Baranagar,Punjab,India,2022-08-09
CUST06747,Chameli Sehgal,Male,ekanshbajwa@example.org,0179874845,Etawah,Tripura,India,2022-10-31
CUST06748,Udarsh Ratta,Male,hpai@example.org,3327966403,Rajahmundry,Karnataka,India,2024-07-23
CUST06749,Tristan Lad,Female,palyadavi@example.com,3167741243,Hindupur,Himachal Pradesh,India,2025-12-06
CUST06750,Bhavna Seshadri,Male,kashvidey@example.com,0167069405,Guntur,Mizoram,India,2022-09-05
CUST06751,Unnati Hayer,Female,vidhi41@example.org,9747484835,Machilipatnam,Nagaland,India,2025-09-11
CUST06752,Vasudha Bir,Female,hdeol@example.com,8097578777,Asansol,Chhattisgarh,India,2021-09-22
CUST06753,Amol Balay,Female,vsanghvi@example.com,0188258747,Hubli–Dharwad,Tamil Nadu,India,2024-04-21
CUST06754,Charvi Shroff,Female,warriorrajata@example.org,3007828838,Dhanbad,Karnataka,India,2022-09-25
CUST06755,Warjas Prakash,Female,goyalyashodhara@example.com,2202818826,Tirunelveli,Odisha,India,2025-11-21
CUST06756,Chaitanya Nazareth,Male,williamkant@example.com,9906037889,Gaya,Bihar,India,2021-10-24
CUST06757,Alexander Murthy,Male,vasanagoyal@example.org,4594888580,Gwalior,West Bengal,India,2025-05-26
CUST06758,Panini Banerjee,Male,dhayre@example.org,2695269681,Bhilai,Himachal Pradesh,India,2022-08-11
CUST06759,Ekani Bajwa,Male,mangatdhruv@example.com,9398498058,Mysore,Kerala,India,2025-09-03
CUST06760,Rohan Pandey,Female,gkamdar@example.com,3597779406,Nanded,Haryana,India,2023-07-08
CUST06761,Ekapad Sinha,Female,zmerchant@example.com,7989250059,Nangloi Jat,Goa,India,2023-01-09
CUST06762,Zansi Khosla,Female,hnair@example.com,5684162465,Pali,Haryana,India,2022-03-26
CUST06763,Rajata Behl,Male,chandranwishi@example.org,2239727159,Sultan Pur Majra,Tripura,India,2021-09-25
CUST06764,Manbir Suri,Female,vanya45@example.com,1282300511,Fatehpur,Meghalaya,India,2022-11-17
CUST06765,Jasmit Rama,Female,qwali@example.com,1640520709,Udupi,Haryana,India,2023-07-19
CUST06766,Suhani Tata,Male,issacluke@example.org,2706014797,Loni,Odisha,India,2024-10-07
CUST06767,Mason Deo,Female,gdada@example.net,9470726206,Moradabad,Sikkim,India,2026-04-10
CUST06768,Leena Seth,Female,manbir35@example.org,9030822073,Faridabad,Sikkim,India,2024-03-24
CUST06769,Zehaan Chaudhuri,Female,devansh52@example.net,6368474698,Unnao,Jharkhand,India,2024-11-26
CUST06770,Netra Bhalla,Female,zaitradhaliwal@example.org,1392860179,Udaipur,Gujarat,India,2025-12-19
CUST06771,Oni Dave,Female,madhavi88@example.org,3111531007,Darbhanga,Manipur,India,2025-07-19
CUST06772,Nikita Rege,Female,odikakari@example.net,7600422755,Bhavnagar,Uttarakhand,India,2025-08-21
CUST06773,Balveer Patla,Female,ektasarma@example.org,6512966432,Satara,Arunachal Pradesh,India,2023-11-22
CUST06774,Kiaan Gera,Male,william56@example.com,1187257705,Vadodara,Karnataka,India,2025-04-07
CUST06775,Tamanna Khosla,Male,ksingh@example.org,9709893016,Warangal,Nagaland,India,2022-07-31
CUST06776,Garima Bassi,Female,charlessura@example.com,4733010569,Kottayam,Manipur,India,2024-01-13
CUST06777,Yagnesh Singhal,Male,chandyadavi@example.com,3745468542,Kishanganj,Kerala,India,2021-12-30
CUST06778,Jagdish Tank,Male,nkapadia@example.com,9447772712,Mahbubnagar,Mizoram,India,2026-06-05
CUST06779,Lavanya Parsa,Male,rishi05@example.net,4240609905,Udupi,Andhra Pradesh,India,2025-11-05
CUST06780,Jackson Agrawal,Female,sethsiddharth@example.net,4926165499,Allahabad,Kerala,India,2022-11-15
CUST06781,Manya Sangha,Male,parth02@example.com,2420867516,Nangloi Jat,Chhattisgarh,India,2022-12-13
CUST06782,Tanvi Mall,Male,isaac72@example.com,8553385432,Asansol,Meghalaya,India,2024-04-21
CUST06783,Faqid Bains,Female,xdalia@example.com,6802166575,Akola,Chhattisgarh,India,2022-03-04
CUST06784,Jonathan Ganesan,Female,nidhi07@example.org,6977895115,Gandhidham,Himachal Pradesh,India,2025-03-03
CUST06785,Bakhshi Dada,Female,hemal35@example.org,9157278099,Hosur,Tripura,India,2023-08-11
CUST06786,Orinder Setty,Female,tanmayi57@example.org,6317361906,Ranchi,Jharkhand,India,2024-07-21
CUST06787,Balvan Puri,Female,qmadan@example.com,4515792456,Vellore,Assam,India,2021-11-28
CUST06788,Lakshmi Kunda,Male,lgandhi@example.com,9188132704,Tadepalligudem,Gujarat,India,2023-10-25
CUST06789,Wishi Ben,Male,owenapte@example.org,9348557955,Begusarai,Tamil Nadu,India,2023-03-14
CUST06790,Logan Parekh,Female,chaudharylakshit@example.net,4561161949,Kolhapur,Uttarakhand,India,2021-08-04
CUST06791,Viraj Bhasin,Male,hemamannan@example.net,9130889295,Jamalpur,Odisha,India,2022-12-19
CUST06792,Chandresh Oza,Male,omkaar06@example.com,4296245139,Nadiad,Tamil Nadu,India,2022-12-07
CUST06793,Gautami Sura,Male,yauvani54@example.org,1852313562,Gorakhpur,Uttar Pradesh,India,2026-02-01
CUST06794,Krishna Pandya,Female,hgola@example.net,8822104153,Agartala,Haryana,India,2021-12-04
CUST06795,Warjas Ramesh,Male,sarmarachana@example.org,9333032438,Shimla,Goa,India,2024-08-06
CUST06796,Rehaan Goda,Female,zansi72@example.org,4138206103,Haridwar,Mizoram,India,2022-12-18
CUST06797,Yuvraj Karnik,Female,om06@example.net,3296513045,Eluru,Tamil Nadu,India,2026-01-04
CUST06798,Anvi Mohanty,Female,arin74@example.com,4132994963,Karawal Nagar,Tamil Nadu,India,2022-02-07
CUST06799,Balvan Bera,Male,wahab84@example.com,4724603827,Madanapalle,Sikkim,India,2024-08-11
CUST06800,Krish Bassi,Female,behlaadi@example.org,0159324038,Siliguri,Punjab,India,2025-02-03
CUST06801,Aarav Mukhopadhyay,Female,chokshigeetika@example.net,0022202474,Bidar,Kerala,India,2023-02-21
CUST06802,Vidhi Dua,Female,sachi18@example.com,3835548324,Thiruvananthapuram,Himachal Pradesh,India,2023-06-29
CUST06803,Vihaan Chadha,Male,lavanya13@example.com,6288294213,Ballia,Rajasthan,India,2022-02-18
CUST06804,Abha Sekhon,Female,chaudharyyauvani@example.net,7156628284,Rajpur Sonarpur,West Bengal,India,2025-01-19
CUST06805,Brinda Pau,Female,yadavurvi@example.net,5635019020,Tezpur,Arunachal Pradesh,India,2024-12-05
CUST06806,Faqid Grewal,Male,hcheema@example.com,7653063956,Mirzapur,Assam,India,2023-03-03
CUST06807,Gunbir Sagar,Male,mammendiya@example.net,9660698105,Miryalaguda,Gujarat,India,2026-05-04
CUST06808,Eiravati Sathe,Male,raghavsaxena@example.com,1630153191,Aurangabad,Karnataka,India,2022-06-24
CUST06809,Warjas Shukla,Male,sthaman@example.net,3754865188,Durgapur,Mizoram,India,2025-03-23
CUST06810,Avi Ratti,Male,upkaarlala@example.net,4059862580,Durg,Gujarat,India,2022-05-10
CUST06811,Tanveer Prakash,Female,aishanimadan@example.org,2088362025,Suryapet,Himachal Pradesh,India,2024-09-14
CUST06812,Chatura Dhaliwal,Female,tpalan@example.com,0824311164,Nagercoil,Manipur,India,2025-09-01
CUST06813,Bhanumati Raman,Male,rachana37@example.net,3875289539,Raebareli,Arunachal Pradesh,India,2025-03-04
CUST06814,Tanveer Mammen,Female,lsawhney@example.com,1553046307,Salem,Punjab,India,2023-04-23
CUST06815,Bakhshi Prasad,Male,triveni92@example.net,5903275478,Bathinda,Jharkhand,India,2023-05-08
CUST06816,Ojas Halder,Female,ubika80@example.org,4266522627,Dibrugarh,West Bengal,India,2024-02-18
CUST06817,Chatresh Magar,Male,bhavanitaneja@example.net,6435750083,Aligarh,Himachal Pradesh,India,2024-06-29
CUST06818,Irya Thaman,Male,manthan89@example.net,7365759593,Orai,Maharashtra,India,2025-05-16
CUST06819,Riya Babu,Male,raozarna@example.org,3500538791,Jamnagar,Telangana,India,2026-01-15
CUST06820,Vasana Lad,Female,talwardevansh@example.com,0642363696,Nizamabad,Nagaland,India,2024-03-27
CUST06821,Nisha Basak,Female,faqid87@example.org,9210383920,Sambalpur,Kerala,India,2026-07-05
CUST06822,Mitesh Anne,Female,ssibal@example.net,6569087214,Anand,Jharkhand,India,2022-05-13
CUST06823,Warhi Kala,Male,hamsinikhurana@example.com,3666170059,Pali,Punjab,India,2022-05-21
CUST06824,Ekaja Kaur,Female,sodhivasatika@example.com,2895012985,Dibrugarh,Bihar,India,2026-04-07
CUST06825,Bhanumati Sangha,Female,hardikraghavan@example.com,8396741637,Firozabad,Karnataka,India,2022-02-16
CUST06826,Kashish Sagar,Male,loommen@example.com,7051872517,Bathinda,Manipur,India,2026-01-20
CUST06827,Balvan Gour,Male,wghose@example.org,9374685908,Bikaner,Madhya Pradesh,India,2023-04-24
CUST06828,Ria Sachdev,Female,xiti87@example.com,6430265786,Alwar,Chhattisgarh,India,2025-01-21
CUST06829,Bimala Gera,Male,hsarna@example.net,0371384637,Rampur,Odisha,India,2023-09-30
CUST06830,Yatan Om,Female,varmafalguni@example.net,8041913484,Malda,Madhya Pradesh,India,2024-09-29
CUST06831,Abdul Basak,Male,vincent47@example.com,3927291904,Amravati,Arunachal Pradesh,India,2022-12-01
CUST06832,Advay Kala,Female,grewalomisha@example.com,1324598588,Hubli–Dharwad,Chhattisgarh,India,2023-09-25
CUST06833,Daksha Subramaniam,Female,swaminathanjeremiah@example.com,4651478998,Pallavaram,Rajasthan,India,2022-07-06
CUST06834,Hema Srivastava,Male,thakerbarkha@example.org,2342387396,Gudivada,Sikkim,India,2025-06-22
CUST06835,Wridesh Pant,Female,widisha72@example.org,3737262614,Durgapur,Chhattisgarh,India,2024-02-04
CUST06836,Harish Manne,Male,bbumb@example.net,7700407761,Jaunpur,Bihar,India,2022-10-18
CUST06837,Laban Nagy,Female,dayitarandhawa@example.org,2802236505,Ballia,Uttar Pradesh,India,2023-03-03
CUST06838,Anmol Halder,Male,siddharthraju@example.net,6090714682,Malda,Goa,India,2023-06-24
CUST06839,Vyanjana Samra,Female,ekiya08@example.org,4401789927,Ambarnath,Chhattisgarh,India,2021-11-07
CUST06840,Saksham Narayanan,Male,gauranggara@example.org,6683397008,Ambarnath,Nagaland,India,2025-12-05
CUST06841,Rudra Kashyap,Female,jghosh@example.com,6587041081,Agartala,Meghalaya,India,2024-05-25
CUST06842,Nandini Subramaniam,Female,biswastara@example.com,2403255282,Baranagar,Rajasthan,India,2023-05-25
CUST06843,Girish Sharma,Male,owenjain@example.com,5535647295,Ranchi,Nagaland,India,2026-01-19
CUST06844,Ridhi Balasubramanian,Female,krishnakulkarni@example.com,4029046779,Satara,Kerala,India,2022-10-01
CUST06845,Ladli Guha,Male,zmane@example.com,8481193599,Bellary,Manipur,India,2023-02-02
CUST06846,Osha Mani,Female,bainsanjali@example.com,9829801038,Jodhpur,Karnataka,India,2026-06-04
CUST06847,Edhitha Golla,Male,jasonchatterjee@example.com,6900245877,Tirupati,Gujarat,India,2023-06-06
CUST06848,Tejas Yohannan,Male,oliverbose@example.com,7989592751,Rajkot,Madhya Pradesh,India,2021-08-26
CUST06849,Adya Sekhon,Male,hmadan@example.com,3396399440,Kochi,Telangana,India,2024-04-21
CUST06850,Janaki Ghose,Female,chawlajyoti@example.com,8451695781,Rajahmundry,Meghalaya,India,2023-05-03
CUST06851,Anusha Lanka,Female,rastogikavya@example.net,1921884573,Sri Ganganagar,Mizoram,India,2022-11-08
CUST06852,Megha Gulati,Male,balendra22@example.com,2026844847,Dhanbad,West Bengal,India,2021-08-09
CUST06853,Yatan Gola,Female,chaaya73@example.com,2809582834,Bhagalpur,Gujarat,India,2022-10-02
CUST06854,Rohan Ratti,Female,ronith89@example.com,4429832003,Etawah,Nagaland,India,2022-10-20
CUST06855,Lohit Lalla,Female,charvi35@example.com,9319972708,Tadipatri,Chhattisgarh,India,2026-04-07
CUST06856,Radhika Venkatesh,Female,khalsaekavir@example.com,1810140602,Morbi,Gujarat,India,2022-07-04
CUST06857,Charvi Chauhan,Male,faraj68@example.com,9126425132,Sri Ganganagar,Haryana,India,2021-11-15
CUST06858,Zansi Sangha,Male,raireyansh@example.com,4051088208,Indore,Nagaland,India,2024-12-06
CUST06859,Nakul Nayak,Female,gautam56@example.com,2045180986,Amritsar,Rajasthan,India,2025-04-29
CUST06860,Alka Dada,Female,niharika16@example.net,5371749287,Aurangabad,Bihar,India,2023-10-12
CUST06861,Jagvi Kapoor,Female,yachanakata@example.org,2509822598,Siwan,Meghalaya,India,2026-05-06
CUST06862,Rajata Kothari,Female,udarsh43@example.com,3381341775,Baranagar,Madhya Pradesh,India,2021-09-10
CUST06863,Harinakshi Palla,Male,pahal28@example.net,6842338554,Rajkot,Karnataka,India,2024-09-22
CUST06864,Wahab Bains,Female,nikita35@example.com,3055649676,Phusro,Meghalaya,India,2022-10-21
CUST06865,Indali Rao,Male,nkumer@example.com,7134566668,Danapur,Assam,India,2025-05-10
CUST06866,Dhriti Sathe,Female,tarajyoti@example.com,3871988817,Gopalpur,Himachal Pradesh,India,2022-09-06
CUST06867,Oliver Viswanathan,Female,leenakeer@example.org,2802888381,Mirzapur,Tamil Nadu,India,2023-10-17
CUST06868,Sudiksha Amble,Male,gollazaid@example.com,5459100571,Bathinda,Bihar,India,2021-09-06
CUST06869,Damyanti Bal,Male,xpuri@example.com,1470727658,Hazaribagh,Uttarakhand,India,2023-03-26
CUST06870,Jacob Talwar,Female,yasti30@example.com,5772960957,Imphal,Uttarakhand,India,2022-01-20
CUST06871,Girik Tripathi,Male,yashasvigupta@example.com,7992946338,Dindigul,Manipur,India,2023-06-14
CUST06872,Arin Ganesan,Male,cdalal@example.org,9277102194,Tirupati,Uttar Pradesh,India,2022-11-03
CUST06873,Mitali Arora,Male,kevin72@example.net,8312585495,Tirunelveli,Nagaland,India,2022-10-15
CUST06874,Rohan Thaman,Male,amenon@example.org,1236361601,Orai,Tripura,India,2025-08-31
CUST06875,Jeet Sunder,Female,bhattyamini@example.com,4533881558,Mysore,Karnataka,India,2025-02-05
CUST06876,Hiral Gokhale,Female,gopal30@example.org,1799022645,Ratlam,Telangana,India,2022-05-26
CUST06877,Frederick Konda,Female,advaith59@example.net,8496242496,Kulti,Tamil Nadu,India,2025-10-07
CUST06878,Matthew Khare,Female,wjhaveri@example.org,6555321303,Ballia,Uttarakhand,India,2026-06-15
CUST06879,Abeer Sani,Male,dipta68@example.org,1080614984,Dehri,Andhra Pradesh,India,2024-10-22
CUST06880,Vedhika Narayanan,Female,lmander@example.net,3856170290,Bhilai,Telangana,India,2022-03-28
CUST06881,Damini Shankar,Female,abdulchar@example.net,2876671726,Aizawl,Madhya Pradesh,India,2023-11-09
CUST06882,Udant Nigam,Male,hemanidixit@example.org,1515205393,Proddatur,Rajasthan,India,2021-11-11
CUST06883,Aayush Bhakta,Male,matwal@example.org,9340384975,Nadiad,Manipur,India,2025-08-01
CUST06884,Unni Varkey,Female,amane@example.com,1052344502,Kolhapur,Mizoram,India,2025-02-26
CUST06885,Yutika Bora,Female,yutika48@example.com,0723196463,Ranchi,Mizoram,India,2023-10-02
CUST06886,Adya Kapadia,Male,yadavirout@example.net,8012855006,Aurangabad,West Bengal,India,2025-09-13
CUST06887,Daksh Khalsa,Female,radhika98@example.org,6717418615,Etawah,Uttarakhand,India,2023-11-05
CUST06888,Warjas Gera,Female,oommenkabir@example.com,3582504130,South Dumdum,Kerala,India,2022-08-18
CUST06889,Yash Sandhu,Male,biswasunni@example.com,0477456378,Saharanpur,Nagaland,India,2023-10-30
CUST06890,Advaith Bajwa,Male,akshay96@example.org,5131237395,Tumkur,Nagaland,India,2022-02-04
CUST06891,Qarin Issac,Male,yutika35@example.net,5213886048,Raurkela Industrial Township,Uttar Pradesh,India,2026-05-01
CUST06892,Bahadurjit Pingle,Female,aadhyapai@example.net,5642228533,Pali,Tamil Nadu,India,2024-06-09
CUST06893,Yashoda Dara,Male,ljhaveri@example.org,3335556928,Junagadh,Jharkhand,India,2026-03-20
CUST06894,Akshay Manne,Male,forumdhawan@example.com,1061922582,Nadiad,Odisha,India,2023-05-31
CUST06895,Nimrat Gill,Female,chackoyashvi@example.com,9293638790,Etawah,Telangana,India,2023-11-29
CUST06896,Ekani Devi,Female,xdate@example.com,1365109333,Avadi,Gujarat,India,2023-04-08
CUST06897,Daniel Swaminathan,Male,bachittarmittal@example.org,7660371631,Ramgarh,Himachal Pradesh,India,2024-09-22
CUST06898,Gaurav Parikh,Female,gbawa@example.org,0058229066,Bettiah,Arunachal Pradesh,India,2026-02-25
CUST06899,Hema Anne,Male,ranveerbhavsar@example.net,7975175210,Phagwara,Manipur,India,2025-12-08
CUST06900,Lekha Dey,Female,raagini18@example.com,4961456133,Bahraich,Odisha,India,2026-04-23
CUST06901,Tanmayi Issac,Male,neelima28@example.com,0808754617,Siliguri,Nagaland,India,2025-01-11
CUST06902,Azad Behl,Female,warjasnagar@example.org,2725171654,Bokaro,Jharkhand,India,2026-05-08
CUST06903,Kamala Pau,Female,panchalbimala@example.net,9255674294,Gulbarga,Rajasthan,India,2022-12-21
CUST06904,Vihaan More,Male,menondipta@example.net,2536017030,Guntakal,Bihar,India,2026-02-14
CUST06905,Saksham Dhaliwal,Female,kumarcharles@example.com,7902637690,Chandigarh,Punjab,India,2022-08-17
CUST06906,Girindra Singhal,Male,akshay97@example.com,3844818041,Bihar Sharif,Jharkhand,India,2026-01-21
CUST06907,Edhitha Buch,Female,parmerveer@example.com,1587203091,Kottayam,Kerala,India,2022-05-24
CUST06908,Ishanvi Jani,Male,oommendalbir@example.net,5026012500,Phagwara,Himachal Pradesh,India,2023-07-02
CUST06909,Manthan Kulkarni,Female,varenyahayre@example.org,7047666764,Karimnagar,Andhra Pradesh,India,2023-01-11
CUST06910,Tripti Bath,Male,kamalachowdhury@example.org,5471767558,Bhalswa Jahangir Pur,Rajasthan,India,2023-09-02
CUST06911,Nimrat Deshmukh,Male,ishanvirajagopalan@example.org,5117258324,Firozabad,Sikkim,India,2025-08-13
CUST06912,Sanaya Shetty,Female,chandadavid@example.org,8675751172,Nadiad,Bihar,India,2026-04-01
CUST06913,Samar Ratta,Female,jkoshy@example.org,8412488891,Gulbarga,Madhya Pradesh,India,2022-03-21
CUST06914,Anya Babu,Male,ompathak@example.com,8817415425,Jaunpur,Telangana,India,2025-07-04
CUST06915,Warda Buch,Female,iyeryashoda@example.net,1833930258,Jamnagar,Sikkim,India,2024-05-27
CUST06916,Ojas Pall,Female,iyengarekta@example.com,6331447224,Gurgaon,Punjab,India,2026-02-15
CUST06917,Nihal Natt,Female,vaishnavisarin@example.org,9047398939,Bilaspur,Tripura,India,2021-08-11
CUST06918,Advika Din,Male,nihalmital@example.com,9877097852,Udaipur,Bihar,India,2023-05-03
CUST06919,Tanish Saxena,Male,munishivani@example.org,8689378287,Kumbakonam,Rajasthan,India,2025-07-09
CUST06920,Vritti Barad,Female,advika77@example.net,5105032071,Morena,Rajasthan,India,2025-02-27
CUST06921,Pratyush Baria,Male,tarak90@example.com,2657793202,Berhampur,Arunachal Pradesh,India,2025-11-11
CUST06922,Yachana Murty,Male,sarkarrachana@example.com,3247135522,Pune,Mizoram,India,2022-09-02
CUST06923,Mitali Dugar,Male,saxenaneelima@example.org,5973620321,Ambala,Uttarakhand,India,2026-05-16
CUST06924,Saanvi Bath,Male,lipika38@example.net,0086005059,Tadepalligudem,Uttar Pradesh,India,2022-01-22
CUST06925,Vihaan Dugal,Female,bsarin@example.net,6489605235,Nagpur,Maharashtra,India,2023-01-10
CUST06926,Imaran Sankaran,Male,qmurthy@example.net,5376892838,Gangtok,Tripura,India,2023-07-07
CUST06927,Nirja Shah,Female,vviswanathan@example.net,5047363521,Bathinda,Gujarat,India,2021-11-22
CUST06928,Januja Rajan,Female,ybhalla@example.com,3525094421,Karaikudi,Arunachal Pradesh,India,2023-08-30
CUST06929,Manbir Bains,Female,puriayushman@example.org,6568574208,Malegaon,Kerala,India,2023-09-14
CUST06930,Aadi Dhillon,Female,dev81@example.com,8461884122,Aizawl,Meghalaya,India,2022-09-07
CUST06931,Osha Bhat,Male,ramakrishnanmitali@example.net,4576973811,Tiruppur,Meghalaya,India,2026-06-09
CUST06932,Vivaan Pillai,Female,sidhuonkar@example.com,3164260853,Deoghar,Telangana,India,2024-08-31
CUST06933,Vihaan Handa,Male,ckala@example.org,0136616030,Durgapur,Tamil Nadu,India,2023-02-01
CUST06934,Vritti Lalla,Male,dayita70@example.com,7788022216,Munger,Jharkhand,India,2024-03-19
CUST06935,Madhavi Yadav,Female,psarraf@example.org,8454784821,Hubli–Dharwad,Madhya Pradesh,India,2025-07-16
CUST06936,Netra Srinivas,Female,cshankar@example.com,2619617618,Ramgarh,Uttarakhand,India,2023-07-04
CUST06937,Ekiya Lanka,Male,rajagopalanonkar@example.com,6203474178,Panipat,Goa,India,2021-07-28
CUST06938,Rayaan Deep,Female,benjaminprakash@example.net,5707463937,New Delhi,Odisha,India,2025-02-10
CUST06939,Darpan Ramachandran,Female,yasti66@example.com,0746885055,Yamunanagar,West Bengal,India,2024-10-22
CUST06940,Bakhshi Bains,Female,unni24@example.com,1073241939,Berhampur,Mizoram,India,2023-12-29
CUST06941,Yashawini Lal,Female,kamdarchatresh@example.org,0676619749,Hospet,Sikkim,India,2024-05-14
CUST06942,Laksh Thaman,Female,lprakash@example.net,1816955623,Saharsa,Tripura,India,2022-09-12
CUST06943,Gautam Pant,Male,mekhala67@example.net,9808823316,Panchkula,Gujarat,India,2021-08-06
CUST06944,Hitesh Sane,Female,upadhyaychanakya@example.org,8201947067,Ramgarh,Tamil Nadu,India,2024-09-25
CUST06945,Madhavi Viswanathan,Female,bailtristan@example.net,1929094295,Warangal,Haryana,India,2025-02-28
CUST06946,Gavin Bhavsar,Male,lopasengupta@example.net,2972318088,Phusro,Punjab,India,2024-12-15
CUST06947,Tarak Chaudhry,Male,unnati19@example.net,7071420084,Chennai,Tamil Nadu,India,2026-04-08
CUST06948,Chakradev Sampath,Male,sureshamruta@example.com,1181413274,Shivpuri,Karnataka,India,2022-02-13
CUST06949,Aradhana Dixit,Male,rchatterjee@example.net,6747924934,Darbhanga,Maharashtra,India,2024-08-08
CUST06950,Maanas Bandi,Female,kamyasengupta@example.com,6632074957,Chennai,Andhra Pradesh,India,2023-06-30
CUST06951,Ansh Bir,Male,tborde@example.net,6989272863,Bally,Nagaland,India,2025-02-10
CUST06952,Nathan Saini,Male,zdalal@example.org,8997163984,Sultan Pur Majra,Mizoram,India,2024-03-06
CUST06953,Yutika Vohra,Female,noah60@example.org,7985462909,Gwalior,Nagaland,India,2023-11-08
CUST06954,Kabir Rai,Male,umangal@example.net,2922034432,Jamnagar,Manipur,India,2022-06-01
CUST06955,Falguni Ray,Female,michaelratti@example.com,0601534886,Guntur,Madhya Pradesh,India,2022-03-09
CUST06956,Tanish Ghose,Male,idikabandi@example.net,0653259402,Rajkot,Andhra Pradesh,India,2022-02-24
CUST06957,Brinda Behl,Male,lavanyagupta@example.net,9909263813,Sangli-Miraj & Kupwad,Haryana,India,2021-12-20
CUST06958,Yashasvi Nagi,Male,floyal@example.net,6727174089,Nagpur,Jharkhand,India,2026-01-16
CUST06959,Falan Lanka,Female,chaaya03@example.net,6775991271,Malegaon,Tamil Nadu,India,2025-09-05
CUST06960,Samarth Wagle,Male,mandeta@example.net,7874751030,Bihar Sharif,West Bengal,India,2023-04-29
CUST06961,Zayan Palla,Female,pandyakashvi@example.net,9250312798,Kishanganj,Punjab,India,2024-12-19
CUST06962,Isaac Saha,Female,bhaktatriveni@example.net,8407341133,Bhind,Mizoram,India,2023-09-20
CUST06963,Nidhi Banerjee,Male,okamdar@example.net,6393729679,Tinsukia,Tripura,India,2021-07-28
CUST06964,Gaurang Karan,Male,vihaanhayer@example.org,6048351786,Salem,Sikkim,India,2024-08-21
CUST06965,Jonathan Hora,Male,kprakash@example.com,3842412856,Khandwa,Meghalaya,India,2024-04-21
CUST06966,Luke Rajagopalan,Male,hemalbiswas@example.com,7204033890,Jalandhar,Odisha,India,2025-12-26
CUST06967,Tamanna Barman,Male,nilimaramachandran@example.com,8375175816,Tumkur,Uttar Pradesh,India,2023-04-07
CUST06968,Gagan Dixit,Male,mahikadutta@example.net,0187572484,Maheshtala,Gujarat,India,2024-12-15
CUST06969,Ira Memon,Male,doshirishi@example.net,9240674987,Kavali,Maharashtra,India,2023-10-28
CUST06970,Aarnav Virk,Male,pavani04@example.net,4711001085,Jamalpur,Kerala,India,2026-05-18
CUST06971,Yatan Jha,Female,bhasinkrish@example.com,7517477027,Bhilai,Bihar,India,2023-07-19
CUST06972,Fitan Palan,Female,prabhuarin@example.com,6164662971,Jalandhar,Kerala,India,2021-08-20
CUST06973,Triya Rama,Female,parmersudiksha@example.com,6684023999,Chandrapur,Madhya Pradesh,India,2025-07-22
CUST06974,Jeet Nigam,Female,ggandhi@example.org,5064584901,Gurgaon,Uttar Pradesh,India,2023-07-30
CUST06975,Qabil Prabhakar,Female,pratyushloyal@example.com,7980648016,Lucknow,Meghalaya,India,2024-02-22
CUST06976,Daksha Rai,Male,nagynakul@example.org,3892830612,Munger,Tripura,India,2022-12-16
CUST06977,Chandresh Chaudry,Male,yashicavaidya@example.org,0557747379,Kharagpur,Uttar Pradesh,India,2023-11-17
CUST06978,Charles Nigam,Male,davedalbir@example.com,5373325960,Agra,Rajasthan,India,2024-11-29
CUST06979,Aarnav Raju,Male,hiralzachariah@example.com,4337850071,Raiganj,Rajasthan,India,2023-05-17
CUST06980,Aishani Sandal,Male,aarini46@example.org,9488181404,Sonipat,West Bengal,India,2024-06-06
CUST06981,Vyanjana Som,Male,panchalfalan@example.com,8417066699,Gudivada,Assam,India,2022-12-28
CUST06982,Jasmit Natt,Male,falguni89@example.com,1064360464,Sirsa,Odisha,India,2022-10-19
CUST06983,Aarav Suri,Male,akota@example.com,7407454310,Agra,Nagaland,India,2023-12-18
CUST06984,Sai Jain,Male,anika52@example.net,2272856754,Shahjahanpur,Haryana,India,2024-06-22
CUST06985,Rachit Upadhyay,Female,pkrish@example.net,2940166310,Katni,Punjab,India,2023-02-26
CUST06986,Ansh Bir,Female,inair@example.net,3918535366,Guntur,Maharashtra,India,2024-02-01
CUST06987,Lopa Mangal,Male,orinder43@example.com,1615329626,Karaikudi,Bihar,India,2025-05-22
CUST06988,Sudiksha Pillay,Male,spatil@example.com,5312265779,Uluberia,Himachal Pradesh,India,2021-11-23
CUST06989,Dominic Bahl,Male,kalitasamaksh@example.com,3337979262,Bikaner,Gujarat,India,2022-10-13
CUST06990,Hemang Hora,Male,atharvdate@example.net,1181420832,Ambattur,Mizoram,India,2024-09-19
CUST06991,Tejas Pandit,Female,abdul56@example.org,4728321587,Junagadh,Tamil Nadu,India,2024-03-28
CUST06992,Girish Kant,Female,ranbir65@example.org,9824618154,Delhi,Uttarakhand,India,2025-04-10
CUST06993,Kashish Bose,Male,venkateshucchal@example.org,7440652243,Ulhasnagar,Nagaland,India,2022-07-05
CUST06994,Viraj Shetty,Male,krishnasem@example.net,7472261876,Adoni,Goa,India,2025-04-23
CUST06995,Chavvi Mukherjee,Male,chaitaly34@example.org,9185507956,Jaunpur,Chhattisgarh,India,2022-01-07
CUST06996,Tanish Kala,Male,dugarbaljiwan@example.net,2507091289,Alappuzha,Manipur,India,2025-03-11
CUST06997,Mason Kapadia,Male,amritatripathi@example.com,6559648069,Machilipatnam,Telangana,India,2021-12-22
CUST06998,Vanya Dugal,Female,lila13@example.com,0922585722,Tezpur,Punjab,India,2026-03-11
CUST06999,Jeevika Mani,Female,nihal90@example.net,2309996131,Indore,Himachal Pradesh,India,2022-01-09
CUST07000,Zilmil Thaker,Male,onkar22@example.net,8577732144,Vasai-Virar,Chhattisgarh,India,2023-10-10
CUST07001,Girindra Trivedi,Female,pjohal@example.com,3075236532,Bhavnagar,Tripura,India,2025-03-06
CUST07002,Jai Khanna,Male,harianay@example.org,4486077034,Bardhaman,Uttarakhand,India,2022-01-25
CUST07003,Tarak Chadha,Male,nmandal@example.com,1368781523,Howrah,Tamil Nadu,India,2022-05-18
CUST07004,Ekbal Sawhney,Female,forum02@example.com,4386107002,Proddatur,West Bengal,India,2021-12-06
CUST07005,Yashasvi Naik,Female,zsingh@example.net,2697347159,Tiruchirappalli,Haryana,India,2025-11-06
CUST07006,Krishna Tank,Male,vyanjanapall@example.org,4324072042,Ghaziabad,Meghalaya,India,2025-04-09
CUST07007,Jacob Bobal,Female,mchana@example.com,4855434923,Howrah,Mizoram,India,2022-07-01
CUST07008,Lucky Vig,Female,etachoudhary@example.com,6308756791,Ramgarh,Madhya Pradesh,India,2021-07-27
CUST07009,Mitali Warrior,Male,yamini42@example.net,5482758211,Bongaigaon,Kerala,India,2021-12-05
CUST07010,Darika Master,Female,mayamangat@example.net,0319573483,Ludhiana,Sikkim,India,2025-04-10
CUST07011,Harinakshi Mahajan,Male,amruta79@example.com,1901205005,Patiala,Telangana,India,2023-01-23
CUST07012,Chaman Sampath,Male,tejas97@example.com,8080878541,Purnia,Himachal Pradesh,India,2023-10-19
CUST07013,Zilmil Tella,Female,omindira@example.net,4097745090,Shivpuri,West Bengal,India,2024-04-09
CUST07014,Anmol Chada,Male,advay06@example.org,8881253309,Jamnagar,Jharkhand,India,2023-09-01
CUST07015,Chaman Karpe,Female,sahakashish@example.org,6749175002,Dehri,Sikkim,India,2022-09-28
CUST07016,Hemang Dyal,Male,januja26@example.com,3052437421,Ulhasnagar,Meghalaya,India,2023-05-26
CUST07017,Sanya Chanda,Male,hemangnath@example.com,7334848432,Ichalkaranji,Gujarat,India,2023-01-16
CUST07018,Krish Merchant,Male,kaulakshay@example.com,0110711844,Jamshedpur,Sikkim,India,2026-05-05
CUST07019,Frederick Mahal,Female,onveervasa@example.com,7557828199,Jorhat,Gujarat,India,2021-11-17
CUST07020,Anita Kalla,Female,ridhidara@example.net,0598922594,Sri Ganganagar,Uttarakhand,India,2024-06-10
CUST07021,Girindra Chaudhuri,Male,lajitamallick@example.net,1724519438,Firozabad,Bihar,India,2025-06-04
CUST07022,Theodore Desai,Male,abeerthaker@example.net,2530990766,Saharsa,Manipur,India,2022-03-03
CUST07023,Arjun Dugar,Male,rehaan29@example.net,5953531001,Saharsa,Assam,India,2025-03-30
CUST07024,Forum Jhaveri,Female,chamelibal@example.net,8712395049,Raurkela Industrial Township,Haryana,India,2023-07-22
CUST07025,Nandini Mukhopadhyay,Female,jacob02@example.org,4135124070,Bhopal,Bihar,India,2022-07-03
CUST07026,Jyoti Parekh,Female,nathanielwarrior@example.com,6959762510,Bhatpara,Assam,India,2026-04-28
CUST07027,Yash Din,Male,varsha69@example.net,0298619493,Jalandhar,Punjab,India,2021-10-26
CUST07028,Daksh Mohanty,Male,oraman@example.com,1390109783,Karaikudi,Punjab,India,2023-03-04
CUST07029,Tanmayi Raja,Female,oommennisha@example.org,9787433505,Thanjavur,Himachal Pradesh,India,2023-04-03
CUST07030,Alexander Goda,Male,kagrawal@example.net,2774833543,Ichalkaranji,Mizoram,India,2022-01-07
CUST07031,Jagvi Sankaran,Female,brahmbhatttamanna@example.com,5147246480,Hyderabad,Haryana,India,2021-12-06
CUST07032,Lopa Pradhan,Male,drege@example.net,5344675338,Muzaffarpur,Andhra Pradesh,India,2024-04-13
CUST07033,Watika Balasubramanian,Male,george50@example.com,1714442957,Jaipur,Odisha,India,2021-11-29
CUST07034,Yochana Puri,Female,dalajagole@example.com,5467894988,Dindigul,Haryana,India,2024-04-09
CUST07035,Deepa Nigam,Female,owenmital@example.com,1388839221,Nizamabad,Mizoram,India,2023-11-28
CUST07036,Jonathan Manda,Male,brinda08@example.com,4316343490,Barasat,Maharashtra,India,2024-02-14
CUST07037,Harshil Sachdev,Female,tristannori@example.net,4296164409,Vijayawada,Punjab,India,2026-04-17
CUST07038,Odika Kala,Female,knarayanan@example.org,2481743404,Sultan Pur Majra,Rajasthan,India,2026-01-29
CUST07039,Farhan Bains,Male,dakshabehl@example.net,6021993222,Tadipatri,Assam,India,2022-11-12
CUST07040,Indrajit Dar,Female,sathvik62@example.org,0403161129,Avadi,Mizoram,India,2024-07-07
CUST07041,Isha Dhaliwal,Male,haritajoshi@example.com,8165854705,Mangalore,Tamil Nadu,India,2026-04-09
CUST07042,Vrishti Mandal,Female,shethsimon@example.com,2456339174,Kollam,Nagaland,India,2025-03-19
CUST07043,Viraj Chawla,Male,jsachar@example.org,2999379754,Giridih,Madhya Pradesh,India,2022-01-13
CUST07044,Odika Sane,Female,owable@example.com,8342154598,Ambarnath,Uttar Pradesh,India,2022-08-07
CUST07045,Aachal Ratta,Female,tanveer49@example.com,6689677404,Jalandhar,Haryana,India,2021-08-29
CUST07046,Vihaan Nath,Male,hpadmanabhan@example.net,5728928722,Mirzapur,Himachal Pradesh,India,2024-06-21
CUST07047,Bishakha Gill,Male,khalsamax@example.org,7830428220,Guntur,Telangana,India,2025-08-26
CUST07048,Dakshesh Chandran,Female,behlthomas@example.net,4294672693,Alwar,Uttar Pradesh,India,2022-07-26
CUST07049,Zarna Parmar,Male,sshukla@example.net,4671773856,Belgaum,Telangana,India,2023-05-05
CUST07050,Banjeet Dar,Female,upasna99@example.com,8648204810,Berhampore,Tripura,India,2024-07-21
CUST07051,Yatan Barad,Female,emurthy@example.com,4317399716,Durgapur,Jharkhand,India,2025-01-07
CUST07052,Balendra Choudhury,Female,gardedhruv@example.net,4970965940,Bhiwandi,Andhra Pradesh,India,2024-06-13
CUST07053,Christopher Bahri,Female,narangfarhan@example.com,4470384934,Bhilai,Uttar Pradesh,India,2025-07-27
CUST07054,Aryan Thaman,Male,benxavier@example.net,3350530614,Coimbatore,Manipur,India,2022-02-28
CUST07055,Azaan Sampath,Female,yuvraj06@example.org,3486795005,Chapra,Jharkhand,India,2022-05-03
CUST07056,Tristan Prabhakar,Male,vedika09@example.org,8269658547,Tiruvottiyur,Uttar Pradesh,India,2021-11-27
CUST07057,Udyati Prasad,Male,upadhriti85@example.net,8996918902,Barasat,Odisha,India,2023-09-17
CUST07058,Chandran Ganguly,Female,eben@example.net,8404647366,Phagwara,Manipur,India,2024-11-25
CUST07059,Nitara Keer,Male,dhruv36@example.net,8346470249,Kollam,Madhya Pradesh,India,2026-06-20
CUST07060,Kiaan Rai,Female,vasana63@example.net,0343194209,Ahmedabad,Haryana,India,2021-10-25
CUST07061,Dev Sidhu,Female,kamala21@example.com,5052524283,Ludhiana,West Bengal,India,2024-12-09
CUST07062,Vansha Sawhney,Female,sainaidu@example.com,6469443642,Indore,Uttar Pradesh,India,2024-10-21
CUST07063,Raghav Shankar,Male,pillaijanani@example.net,2899203246,Bhind,Assam,India,2026-04-15
CUST07064,Chandani Palla,Female,teerthtaneja@example.org,2536031953,Allahabad,Telangana,India,2022-02-22
CUST07065,Aayush Kunda,Male,chakrikachadha@example.net,6208431037,Madanapalle,West Bengal,India,2024-09-13
CUST07066,Urishilla Wable,Female,ghoselila@example.net,8182317026,Kamarhati,Sikkim,India,2022-12-13
CUST07067,Abhiram Manda,Female,kapadiadakshesh@example.org,8158654783,Satna,Rajasthan,India,2025-07-22
CUST07068,Timothy Shere,Female,osodhi@example.net,0221190765,Alappuzha,Mizoram,India,2024-11-24
CUST07069,Mitali Bhasin,Female,buchchandresh@example.com,3488606766,Noida,Himachal Pradesh,India,2023-06-12
CUST07070,Vivaan Sarna,Male,benjamin10@example.net,2904190688,Jorhat,Karnataka,India,2023-09-22
CUST07071,Madhavi Bala,Male,sbhatia@example.net,6863271985,Ballia,Rajasthan,India,2025-07-25
CUST07072,Chavvi Kunda,Male,rayaan76@example.org,5314085533,Bhimavaram,Jharkhand,India,2026-07-06
CUST07073,Nandini Krish,Female,peter29@example.net,9041364919,Kota,Punjab,India,2024-03-05
CUST07074,Shravya Tailor,Male,waida80@example.net,1914640851,Ramgarh,Mizoram,India,2021-09-30
CUST07075,Zayyan Hari,Male,orindersridhar@example.org,1112831281,Mumbai,Rajasthan,India,2022-07-06
CUST07076,Urmi Sridhar,Male,praj@example.net,7247567336,Sambalpur,Rajasthan,India,2022-04-18
CUST07077,Krisha Sharma,Female,karanvinaya@example.com,0980009005,Siliguri,Uttarakhand,India,2023-06-15
CUST07078,Daniel Thaker,Female,ggarde@example.net,0886566219,Gudivada,Bihar,India,2021-08-23
CUST07079,Krishna Kara,Male,kohlilakshmi@example.org,8059320789,Siwan,Odisha,India,2021-11-04
CUST07080,Aayush Zachariah,Male,wallaaarush@example.org,8359571941,Burhanpur,Uttar Pradesh,India,2023-11-19
CUST07081,Karan Joshi,Male,fsarma@example.net,4778402979,Tezpur,Meghalaya,India,2022-01-25
CUST07082,Balendra Sibal,Male,ggarde@example.com,0346272862,Rajpur Sonarpur,Maharashtra,India,2026-02-24
CUST07083,Ladli Hora,Male,ghoshavni@example.net,2414970637,Dindigul,Tamil Nadu,India,2022-06-11
CUST07084,Qabil Lalla,Female,warjasjhaveri@example.net,2036626963,Bongaigaon,Punjab,India,2024-06-22
CUST07085,Yasti Swamy,Female,sanaya62@example.com,0100089609,Rampur,Gujarat,India,2025-03-23
CUST07086,Omya Taneja,Male,kaurdeepa@example.com,7778891584,Kochi,Assam,India,2023-03-07
CUST07087,Tanish Singhal,Female,upmanigam@example.com,1684464186,Durg,Assam,India,2023-10-16
CUST07088,Gunbir Sen,Female,mvarughese@example.net,5071165109,Sri Ganganagar,Goa,India,2023-01-15
CUST07089,William Sarna,Male,turvisarma@example.com,3446730851,Kavali,Odisha,India,2024-07-05
CUST07090,Daniel Oak,Male,advaith46@example.com,7710446967,Sambhal,Odisha,India,2025-06-01
CUST07091,Vasana Dass,Male,balveer90@example.org,7756590423,Latur,Mizoram,India,2026-06-27
CUST07092,Naksh Narula,Male,uppaltheodore@example.org,4684196306,Bhind,Tripura,India,2026-02-04
CUST07093,Anthony Mukhopadhyay,Female,karanqarin@example.com,1458680835,New Delhi,Uttar Pradesh,India,2024-10-15
CUST07094,Omya Sama,Male,mannelaksh@example.com,3682023067,Aizawl,Goa,India,2022-12-09
CUST07095,Ranbir Dey,Male,buchhamsini@example.com,3228809697,Kurnool,Nagaland,India,2025-06-08
CUST07096,Pallavi Manne,Female,madhavidey@example.org,0176466078,Proddatur,Karnataka,India,2025-09-25
CUST07097,Baghyawati Deshpande,Female,bishakha53@example.org,9134843211,Kalyan-Dombivli,Tripura,India,2025-11-20
CUST07098,Peter Pai,Male,harinakshi26@example.net,6710921606,Amroha,Karnataka,India,2023-07-13
CUST07099,Jagvi Bajwa,Male,vasudha57@example.com,6785290996,Belgaum,Tripura,India,2023-04-15
CUST07100,Azaan Pall,Female,oshakoshy@example.com,3044542012,Aligarh,Karnataka,India,2023-03-26
CUST07101,Naveen Dara,Female,tankchaman@example.org,8517376703,Kavali,Nagaland,India,2021-08-17
CUST07102,Vrishti Patla,Male,lucky14@example.org,6924110202,Guntakal,Assam,India,2023-12-07
CUST07103,Rishi Chopra,Male,indalidey@example.com,0788460174,Jamshedpur,Kerala,India,2022-05-14
CUST07104,Arjun Muni,Female,lraval@example.org,7371859426,Junagadh,Tripura,India,2025-11-03
CUST07105,Zayan Barad,Male,suhanibrahmbhatt@example.org,1532129274,Chennai,Assam,India,2024-04-13
CUST07106,Megha Saha,Male,faras37@example.com,2357256785,Thane,Karnataka,India,2022-11-06
CUST07107,Mason Boase,Female,vnair@example.com,2296242359,Chennai,Haryana,India,2023-03-06
CUST07108,Manthan Pandey,Female,daniel72@example.net,6157355806,Nagercoil,Odisha,India,2025-04-02
CUST07109,Luke Gola,Male,agatewishi@example.com,8511330358,Tadipatri,Mizoram,India,2024-05-24
CUST07110,Urishilla Peri,Male,chowdhurymekhala@example.net,3583172438,Mira-Bhayandar,West Bengal,India,2025-10-29
CUST07111,Chandani Srinivasan,Female,kaisankaran@example.org,5590972302,Bhalswa Jahangir Pur,Andhra Pradesh,India,2024-12-28
CUST07112,Harshil Karnik,Female,omya93@example.org,4894953933,Hosur,Meghalaya,India,2022-06-27
CUST07113,Jatin Mahal,Male,mangalforum@example.com,9332707507,Shimla,Uttarakhand,India,2026-03-19
CUST07114,Peter Seth,Male,sudikshaparmer@example.org,9142364329,Purnia,Mizoram,India,2024-07-11
CUST07115,Mason Chauhan,Female,pandyabalveer@example.net,3831497092,Nadiad,Tripura,India,2024-03-27
CUST07116,Nitara Rana,Male,isachar@example.net,1714251899,Alwar,Tamil Nadu,India,2023-06-17
CUST07117,Dayamai Badami,Male,qgarde@example.com,1852162415,Panipat,Goa,India,2022-02-05
CUST07118,Lavanya Bath,Female,vasatikaram@example.com,9856321133,Sambhal,Odisha,India,2024-10-06
CUST07119,Gaurika Nanda,Male,dugalzaitra@example.com,6636539969,Jalgaon,Bihar,India,2022-05-14
CUST07120,Indira Rajagopalan,Female,cchaudhry@example.org,1263547679,Anantapuram,Assam,India,2021-08-04
CUST07121,Naksh Baral,Male,pradhankrisha@example.com,2924165496,Ramagundam,Andhra Pradesh,India,2023-06-12
CUST07122,Omaja Wali,Male,abhiram12@example.net,2349569118,Bellary,Gujarat,India,2023-03-22
CUST07123,Anay Dasgupta,Female,logankrishnamurthy@example.org,3531937286,Karnal,West Bengal,India,2025-09-04
CUST07124,Nitesh Sandal,Female,kkuruvilla@example.net,0515478522,Mau,Assam,India,2025-09-24
CUST07125,Victor Mangat,Male,vbanerjee@example.net,3619851701,Sambalpur,Kerala,India,2023-09-16
CUST07126,Gagan Ganesan,Male,qadim29@example.com,2007617228,Chandrapur,Karnataka,India,2023-10-29
CUST07127,Falak Peri,Male,ananda@example.org,0758843387,Chinsurah,Mizoram,India,2025-07-04
CUST07128,Aadi Maharaj,Female,cguha@example.org,0518428820,Nandyal,West Bengal,India,2025-01-28
CUST07129,Maya Solanki,Female,varughesekiaan@example.org,3770239392,Rajahmundry,Telangana,India,2023-07-11
CUST07130,Balhaar Kohli,Male,walishaurya@example.org,9115052039,Imphal,Himachal Pradesh,India,2025-10-29
CUST07131,Xiti Kala,Male,ogoda@example.com,9897737571,Shivpuri,Kerala,India,2025-12-13
CUST07132,Pooja Guha,Female,krishna12@example.org,8425410577,Coimbatore,Rajasthan,India,2024-03-18
CUST07133,Oni Bhatt,Male,wmalhotra@example.org,2194704116,Panipat,Kerala,India,2022-07-27
CUST07134,Thomas Minhas,Male,snehamohanty@example.org,4795851901,Loni,Andhra Pradesh,India,2025-07-24
CUST07135,Ishita Yogi,Female,riachandran@example.com,8115107969,Bardhaman,Meghalaya,India,2024-07-05
CUST07136,Charan Naik,Male,gangaparmar@example.net,5257732362,Motihari,Andhra Pradesh,India,2024-02-21
CUST07137,Damini Mukhopadhyay,Male,aryayagnesh@example.com,3998334338,Bhavnagar,Gujarat,India,2023-10-15
CUST07138,Nicholas Sundaram,Male,semanay@example.com,5170320931,Jalandhar,Kerala,India,2024-07-07
CUST07139,Madhavi Toor,Male,vasanagulati@example.org,6022787148,Chapra,Uttarakhand,India,2025-06-11
CUST07140,Aadi Nayak,Female,prashadodika@example.org,6510806378,Bettiah,Arunachal Pradesh,India,2025-02-18
CUST07141,Harish Dutta,Female,abharamachandran@example.com,2606004005,Mathura,Madhya Pradesh,India,2022-10-17
CUST07142,Maanas Nagi,Female,nadkarniijaya@example.net,9122299081,Kanpur,Gujarat,India,2021-10-22
CUST07143,Upma Date,Male,behlkabir@example.com,8531910735,Kalyan-Dombivli,Arunachal Pradesh,India,2024-06-06
CUST07144,Tanveer Sane,Male,yatin21@example.org,7074596199,Sagar,Telangana,India,2024-03-19
CUST07145,Hemani Palan,Female,jbal@example.com,4531297512,Bellary,Nagaland,India,2023-01-08
CUST07146,Upma Bains,Female,ssahni@example.net,4952371190,Katni,Uttarakhand,India,2024-12-18
CUST07147,Timothy Gandhi,Male,sbera@example.com,2636256683,Bulandshahr,Himachal Pradesh,India,2023-10-08
CUST07148,Mugdha Nigam,Female,aishaniswamy@example.org,7548662170,Naihati,Goa,India,2025-08-31
CUST07149,Veer Kohli,Female,labannagi@example.net,1425394847,New Delhi,Madhya Pradesh,India,2026-04-02
CUST07150,Shravya Badami,Male,hariavi@example.com,4193623958,Nandyal,Chhattisgarh,India,2022-03-07
CUST07151,Chakradev Aggarwal,Female,munshiati@example.com,4936796184,Sasaram,Bihar,India,2021-09-14
CUST07152,Orinder Arya,Female,hamsinivig@example.net,3954815704,Faridabad,Madhya Pradesh,India,2021-12-05
CUST07153,Samuel Merchant,Male,bhavna32@example.org,5382971220,Solapur,Madhya Pradesh,India,2023-10-30
CUST07154,Vasudha Wagle,Female,raagini00@example.org,1475586363,Ramgarh,Punjab,India,2024-12-26
CUST07155,Kai Bava,Female,rajata35@example.com,6212156009,Jehanabad,Meghalaya,India,2023-12-14
CUST07156,Bina Deshpande,Female,madhavishan@example.org,8139129060,Sonipat,Tamil Nadu,India,2022-02-26
CUST07157,Bishakha Modi,Female,yatinmunshi@example.com,1182023491,Thrissur,Madhya Pradesh,India,2023-05-24
CUST07158,Eiravati Khanna,Female,avni48@example.org,5785598760,Ongole,Madhya Pradesh,India,2021-10-08
CUST07159,Matthew Minhas,Male,vaishnavi23@example.org,1308755956,Thrissur,Bihar,India,2025-10-24
CUST07160,Matthew Naik,Male,jrana@example.com,9094757199,Noida,Himachal Pradesh,India,2024-11-15
CUST07161,Hitesh Sanghvi,Male,samar08@example.net,6957103131,Gopalpur,Mizoram,India,2026-06-28
CUST07162,George Dugar,Male,goeloviya@example.org,3491374511,Katihar,Tamil Nadu,India,2022-01-05
CUST07163,Arya Ranganathan,Female,bhatnagarudyati@example.com,1314177039,Machilipatnam,Gujarat,India,2021-09-12
CUST07164,Victor Chokshi,Male,wahluwalia@example.net,8902224740,Amritsar,Haryana,India,2021-08-08
CUST07165,Tristan Oza,Male,gbath@example.com,6881602993,Bhilwara,Odisha,India,2026-04-01
CUST07166,Indrajit Srinivasan,Male,frederick47@example.com,2770045949,Khammam,Andhra Pradesh,India,2024-10-01
CUST07167,Hemang Krish,Female,ddash@example.com,5839658239,Navi Mumbai,West Bengal,India,2026-03-09
CUST07168,Aayush Oak,Female,sudikshadhillon@example.org,3660604166,Bihar Sharif,Bihar,India,2024-12-20
CUST07169,Azaan Khalsa,Male,urvashiborde@example.net,7923260064,Jehanabad,Uttar Pradesh,India,2025-08-14
CUST07170,Luke Ramaswamy,Female,suriarunima@example.com,8693756323,Motihari,Assam,India,2025-09-16
CUST07171,Maanav Issac,Female,arinsabharwal@example.org,1698687629,Gangtok,Arunachal Pradesh,India,2024-01-24
CUST07172,Zaitra Sundaram,Male,vasamugdha@example.net,4594001911,Madurai,Goa,India,2025-08-20
CUST07173,Keya Chopra,Female,padmanabhanshivani@example.org,2748149989,Bhiwani,Sikkim,India,2023-04-30
CUST07174,Aarush Nayak,Male,badamizaitra@example.com,6874403723,Raichur,Maharashtra,India,2023-09-30
CUST07175,Andrew Sankar,Male,bhavna79@example.com,1271850354,Satna,Karnataka,India,2025-11-03
CUST07176,Xiti Padmanabhan,Female,krishagade@example.org,1911206704,Varanasi,Sikkim,India,2026-02-21
CUST07177,Ronith Iyengar,Male,wravi@example.com,2241111978,Kavali,Nagaland,India,2025-05-22
CUST07178,Falak Pai,Female,dalalarin@example.com,5390630413,Aurangabad,Manipur,India,2024-07-12
CUST07179,Anamika Joshi,Male,lbarad@example.org,3047022381,Karawal Nagar,Uttar Pradesh,India,2023-12-12
CUST07180,Qushi Dua,Female,ridhibava@example.org,7939632102,Dibrugarh,Punjab,India,2024-03-22
CUST07181,Vamakshi Chada,Male,goswamijalsa@example.org,6903729332,Mehsana,Sikkim,India,2021-11-25
CUST07182,Vrinda Lala,Male,jagat25@example.com,2253195462,Sasaram,Maharashtra,India,2024-02-05
CUST07183,Ucchal Parekh,Female,balhaar07@example.org,4399339728,Jalna,Karnataka,India,2024-12-18
CUST07184,Girindra Jaggi,Male,lankaleena@example.com,5966615306,Kochi,Haryana,India,2023-11-13
CUST07185,Gaurika Nair,Male,meghana35@example.com,8595901118,Sultan Pur Majra,Punjab,India,2022-03-03
CUST07186,Omya Bedi,Male,bbhasin@example.org,0667056462,Begusarai,West Bengal,India,2022-11-17
CUST07187,Veer Vohra,Male,ira59@example.net,7989981068,Bhalswa Jahangir Pur,Goa,India,2021-11-14
CUST07188,Libni Chandra,Male,dakshmemon@example.net,3847987347,South Dumdum,Haryana,India,2024-04-07
CUST07189,Qabil Bera,Female,reyansh51@example.net,9738583666,Ambattur,Karnataka,India,2023-09-18
CUST07190,Zayan Datta,Male,orinder75@example.com,5171399809,Ghaziabad,Goa,India,2021-08-04
CUST07191,Neha Saran,Male,seshadrirehaan@example.org,5844446598,Uluberia,Rajasthan,India,2025-06-27
CUST07192,Yasti Kothari,Male,kmody@example.com,0366708180,Bellary,Nagaland,India,2024-02-05
CUST07193,Hiral Bera,Female,ayaan85@example.net,8630580517,Tenali,Haryana,India,2025-12-15
CUST07194,Tanmayi Setty,Male,amrita33@example.com,7504188323,Khora ,Jharkhand,India,2024-01-19
CUST07195,Nidhi Kaul,Male,schawla@example.org,4630129196,Dehri,Punjab,India,2023-05-08
CUST07196,Oeshi Ganesh,Male,lalaomya@example.com,3807126480,Akola,Haryana,India,2026-01-23
CUST07197,Diya Kara,Male,unnati77@example.net,5850891137,Udupi,Haryana,India,2022-02-22
CUST07198,Anusha Dhar,Male,snaidu@example.com,4251721503,Dehradun,West Bengal,India,2023-11-24
CUST07199,Arya Warrior,Female,balvan16@example.com,5152402923,Aurangabad,Bihar,India,2022-07-23
CUST07200,Kala Samra,Female,raghav16@example.org,6627177556,Ambattur,Punjab,India,2025-12-03
CUST07201,Nidra Mutti,Male,jaibajwa@example.org,5747978777,Maheshtala,West Bengal,India,2022-04-05
CUST07202,Meera Sarkar,Male,harshil98@example.com,6212991678,Karnal,Uttar Pradesh,India,2022-03-26
CUST07203,Vedhika Rana,Male,kothariqarin@example.com,8802560597,Parbhani,Goa,India,2026-01-24
CUST07204,Kamala Ravel,Male,galaurvashi@example.com,6947423008,Guntakal,Jharkhand,India,2023-08-28
CUST07205,Manbir Lalla,Female,turvidixit@example.org,0419603244,Bathinda,Manipur,India,2023-11-12
CUST07206,Omkaar Bhandari,Male,faris34@example.org,1870751566,Hosur,Jharkhand,India,2022-05-11
CUST07207,Adya Mitter,Male,gavinbora@example.net,0784858228,Kumbakonam,Karnataka,India,2023-05-09
CUST07208,Karan Mammen,Male,ojasvi71@example.net,8011210528,Sangli-Miraj & Kupwad,Nagaland,India,2024-04-10
CUST07209,Nikita Warrior,Female,balhaarmajumdar@example.com,8563446828,Tiruppur,Jharkhand,India,2026-04-19
CUST07210,Dhriti Issac,Male,odikagera@example.net,5860152941,Kavali,West Bengal,India,2022-05-29
CUST07211,Ati Hans,Female,meghamammen@example.com,4999110798,Jehanabad,Assam,India,2024-08-10
CUST07212,Netra Boase,Male,zahuja@example.net,9994131306,Kochi,West Bengal,India,2022-07-14
CUST07213,Upadhriti Mishra,Male,falak15@example.org,2309701486,Aurangabad,Mizoram,India,2021-12-29
CUST07214,Wahab Singh,Female,annebhavya@example.com,0252471078,Berhampore,Punjab,India,2022-03-27
CUST07215,Charvi Narula,Male,sastryayushman@example.com,7122110686,Bhusawal,Rajasthan,India,2022-08-17
CUST07216,Januja Mandal,Female,nehapanchal@example.com,4341540475,Anand,Maharashtra,India,2025-04-30
CUST07217,Xalak Chada,Female,pallavi58@example.net,1727939089,Thane,Tripura,India,2024-12-15
CUST07218,Chatura Hans,Male,parthchad@example.net,9844917836,Agra,Nagaland,India,2021-08-08
CUST07219,Veer Sule,Female,chamelisrinivas@example.net,1695227247,Surendranagar Dudhrej,Himachal Pradesh,India,2025-11-09
CUST07220,Falan Chahal,Female,qasimmanda@example.net,2930737150,Gopalpur,Gujarat,India,2025-08-26
CUST07221,Owen Tara,Female,hchanda@example.org,7875313067,Kochi,Himachal Pradesh,India,2026-07-21
CUST07222,Agastya Mistry,Male,david51@example.com,8979755027,Tadepalligudem,Jharkhand,India,2024-03-03
CUST07223,Wazir Mishra,Male,dravel@example.net,0582469105,Rohtak,Chhattisgarh,India,2021-10-04
CUST07224,Arjun Dyal,Male,orinderlad@example.org,1220304839,Nagpur,Punjab,India,2023-10-16
CUST07225,Harita Karan,Female,ubikasahota@example.com,2857444497,Khandwa,Nagaland,India,2021-11-25
CUST07226,Darsh Murty,Female,karan07@example.org,8777095291,Ichalkaranji,Telangana,India,2024-09-01
CUST07227,Kabir Acharya,Female,avibuch@example.net,2428693826,Arrah,West Bengal,India,2023-09-01
CUST07228,Chasmum Barman,Male,nagarajanmekhala@example.org,1715540513,Nizamabad,Jharkhand,India,2025-01-02
CUST07229,Aarini Sani,Female,duttchandran@example.net,8321403611,Akola,Tripura,India,2023-09-21
CUST07230,Krisha Vyas,Female,praneel27@example.com,8687025470,Bhiwani,Chhattisgarh,India,2021-09-17
CUST07231,Yasti Peri,Male,bhavnajain@example.net,1357115645,Suryapet,Kerala,India,2021-11-16
CUST07232,Harish Kade,Female,kharehenry@example.org,4987575688,Pudukkottai,Manipur,India,2022-10-03
CUST07233,Pratyush Rajagopal,Female,suhani74@example.org,5565472657,Tumkur,Bihar,India,2026-06-12
CUST07234,Rajeshri Bakshi,Female,clad@example.net,8463951413,Bhagalpur,Bihar,India,2024-08-16
CUST07235,Ishita Joshi,Male,omajathaman@example.com,9157170187,Srinagar,Sikkim,India,2024-08-07
CUST07236,Vihaan Dugal,Female,chandranucchal@example.com,5213055513,Ujjain,Meghalaya,India,2022-05-02
CUST07237,Charles Brahmbhatt,Male,aishaniwagle@example.org,5362648748,Mau,Arunachal Pradesh,India,2024-12-25
CUST07238,Dakshesh Acharya,Female,wkapoor@example.com,0712277624,Shivpuri,Andhra Pradesh,India,2025-03-03
CUST07239,Darika Mall,Female,wnayak@example.org,8896344522,Dehradun,Chhattisgarh,India,2024-10-16
CUST07240,Anjali Sant,Male,apatil@example.org,3457511475,Alwar,Manipur,India,2026-02-21
CUST07241,Nirja Sule,Female,balendra66@example.net,3366854084,Alwar,Chhattisgarh,India,2023-02-11
CUST07242,Harish Manne,Female,xalak22@example.net,9744366609,Delhi,Andhra Pradesh,India,2022-04-03
CUST07243,Charita Barman,Female,dbail@example.com,3422772872,Howrah,Arunachal Pradesh,India,2024-07-27
CUST07244,Arya Buch,Female,advaith54@example.org,5476957264,Madhyamgram,Haryana,India,2022-12-18
CUST07245,Rajeshri Bhavsar,Male,anthonysaraf@example.org,9651305853,Bahraich,Bihar,India,2022-02-08
CUST07246,Jatin Yogi,Male,kapurhemang@example.org,9134571641,Surendranagar Dudhrej,Jharkhand,India,2022-03-03
CUST07247,Urvashi Batra,Female,ychoudhary@example.net,5035316217,Kolkata,Arunachal Pradesh,India,2023-01-15
CUST07248,Arya Kala,Female,balasubramanianxalak@example.com,9892285748,Solapur,Manipur,India,2023-02-24
CUST07249,Samaksh Bhatnagar,Male,jmishra@example.net,8345996023,Raurkela Industrial Township,Telangana,India,2024-07-05
CUST07250,Yashodhara Viswanathan,Female,noriishaan@example.com,7245437939,Buxar,Manipur,India,2025-10-14
CUST07251,Saumya Rastogi,Female,ddeo@example.org,1470924961,Hyderabad,Meghalaya,India,2022-04-28
CUST07252,Sanaya Kibe,Female,urishillabali@example.com,2750139087,Berhampur,West Bengal,India,2026-01-01
CUST07253,Chatura Karpe,Male,wbuch@example.org,3838184798,Dindigul,Punjab,India,2026-04-14
CUST07254,Vaishnavi Radhakrishnan,Male,manthanprakash@example.net,3958360323,Nagaon,Chhattisgarh,India,2022-03-12
CUST07255,Balvan Sahota,Male,thakerfarhan@example.org,2703831744,Bhilwara,Meghalaya,India,2025-10-14
CUST07256,Quincy Basak,Male,amrita56@example.com,4981569839,Begusarai,West Bengal,India,2024-03-17
CUST07257,Gopal Kata,Male,agastya35@example.net,0473487588,Nagpur,Bihar,India,2023-12-22
CUST07258,Amara Nagy,Male,gmajumdar@example.org,0951772462,Khandwa,Haryana,India,2021-08-20
CUST07259,Mitali Lad,Female,reyansh44@example.net,4454466468,Bhilwara,Kerala,India,2025-02-18
CUST07260,Yuvraj Divan,Male,sanghapranit@example.org,5616062400,Malegaon,Maharashtra,India,2025-02-23
CUST07261,Kavya Sama,Male,sarthak37@example.com,6179743856,Saharanpur,Jharkhand,India,2022-12-30
CUST07262,Simon Tella,Female,halderandrew@example.org,5416638841,Rampur,Maharashtra,India,2026-07-12
CUST07263,Abeer Dar,Male,nishamahajan@example.com,8846028295,Shivpuri,Karnataka,India,2022-02-21
CUST07264,Anamika Ramakrishnan,Male,dev61@example.org,2672386195,Tadepalligudem,Assam,India,2025-03-27
CUST07265,Divya Khosla,Male,bhavika86@example.net,0806330302,Secunderabad,Karnataka,India,2026-03-06
CUST07266,Turvi Oza,Female,bsavant@example.org,0015527783,Rewa,Arunachal Pradesh,India,2024-06-04
CUST07267,Utkarsh Sani,Female,bhavnaramanathan@example.com,7882518784,Surat,Arunachal Pradesh,India,2024-10-08
CUST07268,Girish Jha,Female,maanasjhaveri@example.com,6017553570,Saharsa,Tripura,India,2023-11-17
CUST07269,Gabriel Tella,Male,skrishnamurthy@example.org,5101446516,Tiruchirappalli,Maharashtra,India,2025-07-31
CUST07270,Ishwar Banerjee,Female,ekani66@example.org,5871882066,Rajkot,Himachal Pradesh,India,2025-01-20
CUST07271,Aarini Gade,Female,klal@example.net,0993449077,Chandrapur,Himachal Pradesh,India,2024-09-13
CUST07272,Ekaraj Patil,Female,pkarpe@example.org,0170440693,Maheshtala,Karnataka,India,2026-07-23
CUST07273,Akshay Dara,Female,ubaria@example.com,6909172400,Raurkela Industrial Township,Arunachal Pradesh,India,2022-05-08
CUST07274,Advik Dada,Male,sarthak03@example.net,8316378411,Kumbakonam,Arunachal Pradesh,India,2021-10-30
CUST07275,Tanveer Sahni,Male,revamangat@example.org,6521384011,Chandrapur,Goa,India,2025-05-31
CUST07276,Yashawini Bora,Female,tbail@example.org,7325876037,Tezpur,Gujarat,India,2022-03-24
CUST07277,Omisha Madan,Male,pallaviiyer@example.org,2105613833,Darbhanga,Tripura,India,2022-09-17
CUST07278,Ekiya Narang,Male,hbaral@example.org,5400967998,Sri Ganganagar,Gujarat,India,2022-11-17
CUST07279,Hemani Nazareth,Female,christopherwarrior@example.com,2600108702,North Dumdum,Jharkhand,India,2022-05-13
CUST07280,Hredhaan Loyal,Female,panditbalhaar@example.net,7380285630,Aurangabad,Chhattisgarh,India,2022-01-17
CUST07281,Nirja Sarraf,Male,yash60@example.net,7467539579,Tirunelveli,Jharkhand,India,2026-06-17
CUST07282,Mugdha Kala,Female,doza@example.org,7354507653,Ghaziabad,Uttarakhand,India,2025-09-10
CUST07283,Dominic Shenoy,Male,darpan92@example.org,6330437466,Bhiwandi,West Bengal,India,2024-01-24
CUST07284,Anay Mody,Male,xrout@example.org,1956724018,Bhopal,Uttarakhand,India,2022-08-05
CUST07285,Wriddhish Gaba,Female,khora@example.org,5058645859,Rajahmundry,Kerala,India,2026-05-18
CUST07286,Aradhana Saran,Female,yauvani56@example.net,2532519215,Pali,Telangana,India,2022-06-14
CUST07287,Aarush Raju,Female,advaybumb@example.com,8731155074,Muzaffarnagar,Rajasthan,India,2024-08-19
CUST07288,Yochana Magar,Female,umerchant@example.com,7377524126,Shimoga,Maharashtra,India,2025-10-21
CUST07289,Harsh Dani,Female,tarak23@example.org,7803434777,Gwalior,Karnataka,India,2024-04-01
CUST07290,Yug Ben,Female,oviyarege@example.com,2015076199,Dindigul,Tamil Nadu,India,2024-10-27
CUST07291,Gaurangi Nair,Male,urishilla42@example.net,6204219168,Nagpur,Haryana,India,2025-10-11
CUST07292,Ishaan Palan,Male,qarora@example.net,3499864979,Loni,West Bengal,India,2021-08-29
CUST07293,Krish Sarin,Female,megha71@example.com,2743554791,Bathinda,Kerala,India,2021-11-24
CUST07294,Rajata Saraf,Male,tvala@example.org,3277633254,Sangli-Miraj & Kupwad,Telangana,India,2023-06-17
CUST07295,Farhan Dani,Male,girish20@example.com,0712432361,Mumbai,Uttar Pradesh,India,2026-06-21
CUST07296,Gavin Jayaraman,Female,takchandresh@example.net,6709122061,Ambarnath,Odisha,India,2022-09-10
CUST07297,Upma Palla,Male,thomasmall@example.org,1224308654,Purnia,Manipur,India,2022-07-17
CUST07298,Wishi Mitra,Female,sanayamisra@example.org,6214035323,Lucknow,Meghalaya,India,2021-12-30
CUST07299,Faras Bassi,Female,bakshibanjeet@example.net,4955824700,Kolhapur,Gujarat,India,2026-06-29
CUST07300,Mohini Karan,Male,duaarin@example.org,6144115484,Sonipat,Meghalaya,India,2022-03-28
CUST07301,Isaiah Bir,Male,borathomas@example.org,7154173250,Jalgaon,Tripura,India,2025-10-03
CUST07302,Jonathan Suresh,Female,rvarkey@example.com,0852603208,Adoni,Uttar Pradesh,India,2022-06-26
CUST07303,Zayan Arya,Male,esura@example.org,6795301482,Davanagere,Gujarat,India,2021-12-07
CUST07304,Azaan Lala,Female,yashvi92@example.org,6309021215,Siliguri,Sikkim,India,2023-03-01
CUST07305,Nidhi Bhalla,Female,ckrishnamurthy@example.net,0191914091,Miryalaguda,Tamil Nadu,India,2023-08-31
CUST07306,Chaitanya Anand,Male,gabrielvora@example.org,6333999861,Karaikudi,Goa,India,2022-02-05
CUST07307,Zayyan Chopra,Female,agara@example.com,9236290165,Ahmednagar,Punjab,India,2025-07-25
CUST07308,Avni Dutta,Female,ichakraborty@example.org,4586583622,Kavali,Rajasthan,India,2024-07-31
CUST07309,Wridesh Bir,Male,fitanbanik@example.com,7490261233,Amroha,Madhya Pradesh,India,2026-05-20
CUST07310,Gauri Borah,Female,aarushpillay@example.com,0299838037,Eluru,Uttar Pradesh,India,2025-02-05
CUST07311,Atharv Grewal,Male,venkateshtara@example.com,0983833096,Sonipat,Meghalaya,India,2026-05-10
CUST07312,Ronith Thaman,Male,pahalsanghvi@example.net,5664861324,Panvel,Uttarakhand,India,2026-07-11
CUST07313,Pooja Modi,Male,ishanvikari@example.com,8728919831,Ghaziabad,Odisha,India,2025-03-13
CUST07314,Owen Goswami,Female,merchantneel@example.net,6762068673,Etawah,Sikkim,India,2026-06-27
CUST07315,Samaksh Goyal,Male,urmi14@example.com,8871086183,Sambalpur,Maharashtra,India,2025-10-27
CUST07316,Dakshesh Setty,Male,bhanumati68@example.net,6829374709,Thiruvananthapuram,Uttarakhand,India,2025-04-05
CUST07317,Yoshita Buch,Male,somgavin@example.org,7720652077,Siliguri,Arunachal Pradesh,India,2023-05-23
CUST07318,Ekaja Wable,Male,mishrajanani@example.com,3024828170,Jalandhar,Haryana,India,2023-10-30
CUST07319,Chatura Garde,Female,bordevrinda@example.com,1034257354,Jehanabad,Chhattisgarh,India,2021-12-16
CUST07320,Kamya Andra,Female,yashodhara20@example.org,9390623773,Ujjain,Kerala,India,2026-04-15
CUST07321,Yagnesh Babu,Male,gaurangi80@example.org,7911192800,Bilaspur,Jharkhand,India,2023-09-22
CUST07322,Aachal Savant,Female,wrideshiyer@example.org,2376423643,Kolhapur,Haryana,India,2021-08-19
CUST07323,Ayush Nanda,Male,msani@example.org,5652361057,Motihari,Karnataka,India,2025-10-14
CUST07324,Azad Mani,Male,anusha66@example.com,7055693700,Varanasi,Arunachal Pradesh,India,2026-04-15
CUST07325,Madhavi Bhakta,Female,bajwagabriel@example.com,6301118192,Tirunelveli,Assam,India,2023-06-04
CUST07326,Orinder Yohannan,Female,bsachdev@example.org,8172176230,Bhilai,Gujarat,India,2023-09-05
CUST07327,Harita Varghese,Male,osundaram@example.com,8966932535,Burhanpur,Rajasthan,India,2022-07-08
CUST07328,Timothy Grover,Female,anushaloyal@example.net,5045715642,Asansol,Karnataka,India,2025-06-25
CUST07329,Jeet Rastogi,Male,bobaloliver@example.com,2877795698,Machilipatnam,Telangana,India,2023-12-05
CUST07330,Tamanna Shanker,Male,aarnavgour@example.org,2592634892,Motihari,Madhya Pradesh,India,2021-11-19
CUST07331,Harish Dhar,Male,anikachaudhuri@example.net,6633071198,Raichur,West Bengal,India,2024-11-07
CUST07332,Chatura Kumer,Female,johaloscar@example.org,5427270954,Durg,Meghalaya,India,2026-01-10
CUST07333,Qadim Nazareth,Female,usunder@example.org,2884075643,Sultan Pur Majra,Jharkhand,India,2026-04-25
CUST07334,Ayush Loyal,Female,thomaschakrabarti@example.com,3534095789,Panchkula,Gujarat,India,2024-10-16
CUST07335,Pranav Madan,Male,xavier65@example.com,2176098749,Belgaum,Nagaland,India,2023-09-26
CUST07336,Vasatika Chowdhury,Male,ballaksh@example.com,3261066530,Haridwar,Mizoram,India,2021-09-11
CUST07337,Forum Thakur,Female,rakshabhatti@example.com,0508660371,Bilaspur,Tamil Nadu,India,2023-12-02
CUST07338,Azaan Murty,Male,odikadeep@example.org,6063303315,Kolkata,Uttarakhand,India,2023-06-22
CUST07339,Charvi Chad,Female,gganesh@example.net,4364001554,Kulti,Kerala,India,2023-03-28
CUST07340,Ayaan Memon,Male,tlanka@example.org,4633923224,Kishanganj,Gujarat,India,2026-03-31
CUST07341,Ekalinga Wagle,Male,jackson85@example.com,6392334145,Gurgaon,Uttarakhand,India,2025-11-30
CUST07342,Eiravati Borra,Male,jdin@example.com,1028506680,Miryalaguda,Meghalaya,India,2022-04-14
CUST07343,Theodore Tara,Female,aaravmisra@example.net,2686828889,Sambhal,Odisha,India,2024-03-13
CUST07344,Anay Rama,Male,yagnesh87@example.net,3181825898,Gwalior,Andhra Pradesh,India,2026-06-10
CUST07345,Libni Khanna,Female,sanayavarma@example.org,4003661996,Vasai-Virar,Sikkim,India,2022-01-26
CUST07346,Yashvi Zacharia,Female,gsingh@example.org,5461607807,Amravati,Mizoram,India,2021-12-28
CUST07347,Vasatika Mody,Male,amrita45@example.com,2883199355,Rajahmundry,Sikkim,India,2025-10-05
CUST07348,Max Ramesh,Female,atibatta@example.com,0062098421,Vadodara,Jharkhand,India,2025-04-27
CUST07349,Ishwar Krish,Female,dipta96@example.com,1896999285,Deoghar,Kerala,India,2025-05-21
CUST07350,Lohit Pingle,Male,waliryan@example.net,0825089377,Gandhidham,Karnataka,India,2025-06-01
CUST07351,Pallavi Sridhar,Female,ghoshindrajit@example.net,7350843568,Rajkot,Nagaland,India,2022-02-13
CUST07352,Aditya Bhagat,Male,nachiket18@example.net,1021974038,Silchar,Assam,India,2024-01-03
CUST07353,Abhiram Rastogi,Female,wsandal@example.net,0942063374,Avadi,Tamil Nadu,India,2022-06-09
CUST07354,Theodore Wagle,Male,dayalpavani@example.com,0854365545,Dhanbad,Manipur,India,2022-02-07
CUST07355,Gaurangi Halder,Male,turvibala@example.com,7045936910,Shimla,Meghalaya,India,2024-08-23
CUST07356,Raagini Gill,Male,vgarde@example.net,0985412841,Ujjain,Bihar,India,2022-08-02
CUST07357,Nandini Mangal,Female,netrabhatt@example.com,7682223139,Chennai,Kerala,India,2024-05-20
CUST07358,Jalsa Wadhwa,Female,dateanirudh@example.com,8683378388,Purnia,West Bengal,India,2025-02-11
CUST07359,Madhavi Khosla,Male,bhavani61@example.org,0286388209,Katni,Himachal Pradesh,India,2023-09-30
CUST07360,Nachiket Grover,Female,elijah83@example.net,3633591676,Thane,Goa,India,2022-08-09
CUST07361,Qasim Bhatnagar,Female,brijeshdeep@example.com,8475515257,Guntakal,Tamil Nadu,India,2022-10-23
CUST07362,Baljiwan Lanka,Female,anita45@example.org,0818630009,Satna,Kerala,India,2024-03-13
CUST07363,Qabil Varty,Female,rpanchal@example.com,0796886332,Phagwara,Himachal Pradesh,India,2026-05-01
CUST07364,Jagat Sangha,Female,watika23@example.net,0225256496,Davanagere,Jharkhand,India,2025-04-08
CUST07365,Hemal Agate,Male,aarav07@example.com,2129892636,Sri Ganganagar,Andhra Pradesh,India,2022-08-13
CUST07366,Kritika Tailor,Female,oliverraman@example.net,0854920477,Hubli–Dharwad,Nagaland,India,2025-05-23
CUST07367,Fiyaz Sarin,Male,yparikh@example.net,5063939073,Ongole,Andhra Pradesh,India,2022-04-26
CUST07368,Anirudh Pingle,Male,balvanmahal@example.org,1715419491,Nangloi Jat,Himachal Pradesh,India,2025-09-18
CUST07369,Vincent Nigam,Male,cdugar@example.com,0227913316,Korba,Manipur,India,2025-07-24
CUST07370,Farhan Varty,Male,bsridhar@example.org,1920669587,Katihar,Jharkhand,India,2023-02-21
CUST07371,Falak Sibal,Female,umangal@example.org,7287310834,Tenali,Goa,India,2021-12-24
CUST07372,Bhanumati Srinivasan,Female,amrita78@example.org,1383933944,Sultan Pur Majra,Jharkhand,India,2025-10-30
CUST07373,Arin Nazareth,Female,dayamaitank@example.com,4545999120,Lucknow,Uttarakhand,India,2025-05-10
CUST07374,Yochana Naik,Female,reyanshmagar@example.com,3885040028,Dehradun,Nagaland,India,2025-05-27
CUST07375,Atharv Gera,Female,amara97@example.com,6251994057,Amaravati,Bihar,India,2026-02-07
CUST07376,Vincent Chacko,Female,max68@example.net,0986855955,Panvel,Kerala,India,2023-04-23
CUST07377,Leena Mani,Male,mishraekbal@example.com,1328283988,Coimbatore,Punjab,India,2025-07-25
CUST07378,Ishani Kakar,Male,ymall@example.com,1289341644,Khammam,Assam,India,2023-10-18
CUST07379,Chameli Krishnamurthy,Female,ravalharish@example.net,5908592795,Bilaspur,Tamil Nadu,India,2021-09-10
CUST07380,Timothy Prasad,Female,siyaprashad@example.org,5769820774,Naihati,Chhattisgarh,India,2026-03-09
CUST07381,Neelima Gandhi,Female,shravya61@example.org,3659189024,Deoghar,Chhattisgarh,India,2024-06-21
CUST07382,Janya Hans,Male,chamansubramanian@example.org,7388516107,Baranagar,Andhra Pradesh,India,2026-04-18
CUST07383,Qushi Kale,Male,darakrish@example.org,0473310083,Thoothukudi,Telangana,India,2021-09-20
CUST07384,Zansi Ben,Male,mahika35@example.net,1490831967,Muzaffarnagar,Uttar Pradesh,India,2025-11-03
CUST07385,Odika Tara,Male,kritika69@example.net,9127319916,Imphal,Andhra Pradesh,India,2023-08-31
CUST07386,Janaki Mittal,Male,shivansh17@example.com,9490455227,Hyderabad,Odisha,India,2022-12-09
CUST07387,Devansh Bala,Female,hema12@example.net,0492832786,Ratlam,Chhattisgarh,India,2026-01-14
CUST07388,Advay Solanki,Male,galahredhaan@example.com,0810574851,Ongole,Tamil Nadu,India,2024-12-08
CUST07389,Jalsa Gade,Female,raagini84@example.net,6569126965,Aurangabad,Chhattisgarh,India,2021-11-26
CUST07390,Frado Yadav,Male,upadhritilata@example.net,5913546930,Salem,Arunachal Pradesh,India,2024-12-07
CUST07391,Wishi Reddy,Male,onagar@example.com,9151211940,Pallavaram,Maharashtra,India,2025-11-19
CUST07392,Kashvi Khurana,Male,dipta89@example.org,6125469244,Kamarhati,Rajasthan,India,2024-10-06
CUST07393,Anthony Lata,Female,chanderbarkha@example.net,2762328153,Kolhapur,Jharkhand,India,2023-11-30
CUST07394,Devansh Majumdar,Female,wahabacharya@example.net,8781833938,Bathinda,Uttar Pradesh,India,2024-11-15
CUST07395,Zansi Tak,Male,vedhikarajan@example.org,8478066609,Thiruvananthapuram,Uttarakhand,India,2022-08-31
CUST07396,Bhavani Kothari,Male,chatreshmital@example.net,7992248815,South Dumdum,Bihar,India,2024-06-09
CUST07397,Anita Dasgupta,Male,cvarghese@example.com,6591798795,Bardhaman,Telangana,India,2026-03-05
CUST07398,Reyansh Chaudhary,Male,mtata@example.net,1326172202,Dindigul,Rajasthan,India,2026-07-04
CUST07399,Fitan Comar,Male,vaishnavisaran@example.net,6404282188,Amritsar,Maharashtra,India,2024-10-28
CUST07400,Manbir Mall,Male,okapur@example.com,8134570511,Sasaram,Gujarat,India,2023-05-29
CUST07401,Gaurav Chander,Female,peterdar@example.com,9854040296,Bhilai,Uttar Pradesh,India,2023-11-08
CUST07402,Alexander Kalla,Male,memonharsh@example.com,8373072459,Siliguri,Bihar,India,2022-09-25
CUST07403,Rachit Brar,Female,elijah72@example.org,2962206255,Junagadh,Odisha,India,2025-07-20
CUST07404,Ijaya Mander,Male,varkeylila@example.com,0017949268,Alwar,Haryana,India,2025-01-26
CUST07405,Gaurav Bali,Female,sachdevekani@example.com,3242798817,Ambala,Meghalaya,India,2021-12-26
CUST07406,Meghana Bansal,Female,xrai@example.org,3678848850,Chandrapur,Manipur,India,2023-12-22
CUST07407,Sara Dey,Female,pillaidevika@example.com,9270181810,Mangalore,Odisha,India,2024-05-17
CUST07408,Bimala Dada,Male,lavanya87@example.org,8518263824,Dindigul,Manipur,India,2025-09-17
CUST07409,Anthony Deshpande,Male,sarinubika@example.net,4691177648,Bongaigaon,Uttarakhand,India,2025-12-27
CUST07410,Chandani Sampath,Male,victornayak@example.net,2818518531,Bhavnagar,Rajasthan,India,2026-07-04
CUST07411,Aditya Bassi,Male,lataanamika@example.org,5300269023,Rajpur Sonarpur,Mizoram,India,2024-05-31
CUST07412,Joshua Kadakia,Male,patrickshukla@example.com,3154234687,Purnia,Andhra Pradesh,India,2023-11-24
CUST07413,Chandani Om,Male,samesh62@example.org,2436924699,Udupi,Sikkim,India,2024-07-07
CUST07414,Rushil Ghose,Male,gram@example.com,9399552496,Chinsurah,Nagaland,India,2022-11-09
CUST07415,Nitara Jaggi,Female,faraj52@example.com,2554241660,Ongole,Tripura,India,2025-10-08
CUST07416,Charita Mital,Male,mahika14@example.com,3330279485,Katihar,Himachal Pradesh,India,2023-07-16
CUST07417,Guneet Apte,Male,kiaanpant@example.net,2559630028,Chandrapur,Karnataka,India,2026-01-09
CUST07418,Zilmil Jani,Male,thakerupma@example.net,4755032806,Akola,Karnataka,India,2026-07-11
CUST07419,Arin Rastogi,Female,xmandal@example.net,0272010387,Tirunelveli,West Bengal,India,2026-02-02
CUST07420,Varenya Menon,Male,krishnakhalsa@example.net,9596933022,Korba,Gujarat,India,2022-02-20
CUST07421,Arya Chaudry,Female,lakshmittal@example.net,3658192110,Bellary,Tripura,India,2025-12-12
CUST07422,Charita Gaba,Female,vasudhajhaveri@example.org,2959043988,Aizawl,Mizoram,India,2022-03-18
CUST07423,Bachittar Dass,Female,ukakar@example.net,9095438177,Panipat,Telangana,India,2022-05-12
CUST07424,Brinda Ratti,Male,vincent90@example.net,1688410316,Sasaram,Mizoram,India,2022-09-02
CUST07425,Radha Pandya,Male,sankaryashica@example.com,8969438534,Kadapa,Goa,India,2022-09-07
CUST07426,Nidra Chopra,Male,jmunshi@example.net,3673869947,Madhyamgram,West Bengal,India,2022-01-01
CUST07427,Watika Nath,Male,aryavivaan@example.com,0768012768,Kochi,Maharashtra,India,2026-05-25
CUST07428,Kala Chad,Male,sankarnathan@example.org,9832981187,Bathinda,Gujarat,India,2024-02-02
CUST07429,Christopher Dara,Male,vedikavora@example.com,8468410961,Durg,Rajasthan,India,2024-07-22
CUST07430,Jasmit Chaudry,Male,ngola@example.org,5740112672,Jehanabad,Telangana,India,2023-03-20
CUST07431,Barkha Parekh,Female,zinalsrinivasan@example.net,9651856545,Hubli–Dharwad,Arunachal Pradesh,India,2025-04-23
CUST07432,Nimrat Dayal,Female,isarraf@example.org,6622283599,Rourkela,Arunachal Pradesh,India,2023-08-06
CUST07433,Aashi Saxena,Male,kaurbrinda@example.org,9703769426,Saharanpur,Himachal Pradesh,India,2022-07-03
CUST07434,Vinaya Mohan,Female,ishanvi16@example.net,3975939187,Jhansi,Goa,India,2025-07-06
CUST07435,Triveni Din,Male,sseth@example.net,6832735560,Satna,Manipur,India,2024-05-11
CUST07436,Qasim Korpal,Male,omatwal@example.net,0587717391,Hazaribagh,Chhattisgarh,India,2022-05-18
CUST07437,Tanvi Manne,Female,lajitagoda@example.net,8929206914,Amaravati,Meghalaya,India,2022-12-22
CUST07438,Dhriti Som,Male,esaraf@example.com,5998557943,Ujjain,Madhya Pradesh,India,2022-05-09
CUST07439,Vinaya Bera,Female,singhalyagnesh@example.net,2484054451,Hazaribagh,Andhra Pradesh,India,2022-07-28
CUST07440,Qasim Dar,Female,qushichakraborty@example.com,5709643108,Raichur,Himachal Pradesh,India,2022-10-12
CUST07441,Anita Garde,Male,gabaadvay@example.net,4118761929,Coimbatore,Haryana,India,2021-09-16
CUST07442,Sai Palla,Female,shanmax@example.net,8044772741,Jorhat,Karnataka,India,2025-07-18
CUST07443,Samar Taneja,Male,hemangini93@example.net,6357408170,Madanapalle,Madhya Pradesh,India,2023-07-03
CUST07444,Anvi Pandey,Female,wasonmadhav@example.com,5969375456,Parbhani,Rajasthan,India,2023-12-23
CUST07445,Nachiket Anand,Male,ekansh61@example.com,2780100164,Tezpur,Uttar Pradesh,India,2024-07-07
CUST07446,Qadim Butala,Male,nikita79@example.com,7413801192,Indore,Sikkim,India,2026-01-22
CUST07447,Laban Cheema,Male,kratta@example.net,2706546128,Jamshedpur,Chhattisgarh,India,2024-03-12
CUST07448,Wriddhish Comar,Female,zmadan@example.com,4870695661,Chittoor,Assam,India,2025-10-29
CUST07449,Henry Narain,Female,buchreva@example.com,4640032398,Ratlam,Andhra Pradesh,India,2022-04-24
CUST07450,Anthony Parekh,Female,cbasu@example.org,2993366889,Berhampore,Bihar,India,2024-11-18
CUST07451,Zayan Hari,Male,egoyal@example.com,6083881559,Kakinada,Arunachal Pradesh,India,2025-03-15
CUST07452,Avni Tandon,Female,saumya96@example.net,6898719516,Noida,Kerala,India,2024-02-10
CUST07453,Fiyaz Mody,Female,bhallaaarna@example.org,5778254764,Kulti,Tamil Nadu,India,2022-02-11
CUST07454,Ansh Bhavsar,Male,dalaja94@example.org,5760356000,Gaya,West Bengal,India,2025-08-12
CUST07455,Dalbir Lad,Female,tailorfarhan@example.com,7941406186,Satara,Sikkim,India,2023-04-14
CUST07456,Viraj Gala,Female,amritakaran@example.net,6637385225,Chandrapur,Andhra Pradesh,India,2023-04-17
CUST07457,Ranbir Dugar,Female,finnperi@example.com,2638970540,Kavali,Chhattisgarh,India,2024-07-05
CUST07458,Janaki Balan,Male,yadavarya@example.org,3194523624,Indore,Bihar,India,2021-12-28
CUST07459,Tanmayi Lanka,Male,riyagole@example.net,2185036541,Sambalpur,Madhya Pradesh,India,2024-11-15
CUST07460,Fiyaz Halder,Female,shauryakoshy@example.com,0714993622,Satna,Haryana,India,2023-07-29
CUST07461,Gavin Rau,Female,michaelchandra@example.net,9369007486,Raipur,Jharkhand,India,2022-08-20
CUST07462,Hiral Konda,Male,aptezarna@example.net,9496029272,Miryalaguda,Meghalaya,India,2024-02-18
CUST07463,Reyansh Pall,Male,baghyawati72@example.net,4157921104,Raiganj,Odisha,India,2024-09-04
CUST07464,Simon Narayan,Female,devilaksh@example.net,4391039507,Navi Mumbai,Punjab,India,2026-07-14
CUST07465,Ekantika Srivastava,Male,urmichanda@example.com,0574569031,Rohtak,Nagaland,India,2023-11-05
CUST07466,Yoshita Oommen,Female,opatla@example.org,5305435601,Raurkela Industrial Township,Meghalaya,India,2021-12-21
CUST07467,Pranit Zachariah,Female,jeevikakhanna@example.com,2701828639,Kulti,Himachal Pradesh,India,2024-10-02
CUST07468,Michael Lata,Male,vidhi90@example.org,0952181021,Ichalkaranji,West Bengal,India,2023-10-22
CUST07469,Oscar Sarma,Female,sbasu@example.net,0925293705,Tumkur,Sikkim,India,2024-08-20
CUST07470,Aarnav Sarna,Female,abeervenkataraman@example.org,0741655831,Bikaner,Meghalaya,India,2025-08-26
CUST07471,Shivansh Bajwa,Female,dbandi@example.com,7576665489,Chandrapur,Kerala,India,2025-03-16
CUST07472,Advik Ravi,Female,dhillonmeghana@example.org,0764573153,Chennai,Telangana,India,2022-10-14
CUST07473,Gavin Kurian,Female,htoor@example.net,0221150576,Asansol,Tamil Nadu,India,2024-10-26
CUST07474,Udarsh Ray,Female,wishiraval@example.com,8781980397,Surendranagar Dudhrej,Arunachal Pradesh,India,2022-02-12
CUST07475,Qushi Shan,Female,fmanne@example.com,8517935264,Jaipur,Odisha,India,2023-07-27
CUST07476,Lila Butala,Female,ybera@example.org,2060884528,Ichalkaranji,Tripura,India,2021-12-01
CUST07477,Lohit Konda,Male,gaurangi22@example.com,4381345397,Bardhaman,Karnataka,India,2022-03-28
CUST07478,Tanveer Ramachandran,Female,indali56@example.com,8967348866,Raichur,Sikkim,India,2021-08-30
CUST07479,Jairaj Dutta,Female,tejas24@example.org,2416094319,Bhind,Uttar Pradesh,India,2021-09-20
CUST07480,Simon Char,Male,jhalak74@example.com,6106098458,Visakhapatnam,Tripura,India,2022-02-14
CUST07481,Nathaniel Banerjee,Male,mgupta@example.org,2555246291,Ramgarh,Uttarakhand,India,2023-08-04
CUST07482,Ishaan Sarraf,Male,oviya84@example.net,3677905657,Dindigul,Karnataka,India,2025-11-08
CUST07483,Omisha Chaudhari,Female,hbhatt@example.com,0572077264,Udaipur,Jharkhand,India,2026-04-01
CUST07484,Wriddhish Kalla,Male,mason40@example.com,7316238455,Berhampore,Himachal Pradesh,India,2022-04-04
CUST07485,Siya Rege,Male,dbrar@example.com,2487266241,Agartala,Bihar,India,2022-10-19
CUST07486,Xalak Bala,Female,ganesanrajata@example.net,8269907280,Mumbai,Madhya Pradesh,India,2025-04-07
CUST07487,Yadavi Mallick,Male,yashawini19@example.net,6174162906,Thanjavur,Arunachal Pradesh,India,2021-12-31
CUST07488,Prisha Prashad,Male,baljiwan40@example.net,9409323431,Firozabad,Punjab,India,2023-10-10
CUST07489,Dayita Aggarwal,Male,ghoshmadhavi@example.org,5185552171,Thoothukudi,Telangana,India,2021-11-18
CUST07490,Daksh Subramanian,Female,vkorpal@example.com,8286210718,Howrah,Nagaland,India,2022-06-06
CUST07491,Brinda Wason,Male,tdayal@example.net,7914177490,Warangal,Tripura,India,2025-04-28
CUST07492,Bhavya Verma,Male,mason56@example.com,2048739711,Saharanpur,Tripura,India,2025-06-09
CUST07493,Faraj Rai,Female,idikabalan@example.net,6216701430,Aizawl,Kerala,India,2022-02-05
CUST07494,Amol D’Alia,Male,ymisra@example.net,4656334601,Jehanabad,Assam,India,2023-02-15
CUST07495,Pranit Nadig,Female,wmannan@example.org,6742709556,Bhusawal,Arunachal Pradesh,India,2022-09-06
CUST07496,Raagini Sridhar,Female,sarthaknaidu@example.net,8748779373,Munger,Karnataka,India,2021-11-24
CUST07497,William Bhagat,Female,wravel@example.org,9505841556,Bhiwani,Goa,India,2025-07-20
CUST07498,Nisha Sachdeva,Female,usastry@example.com,6454242007,Nagpur,West Bengal,India,2023-12-01
CUST07499,Wakeeta Sundaram,Male,chavvimunshi@example.org,2825372704,Jehanabad,Assam,India,2023-11-26
CUST07500,Harish Yohannan,Female,vvaidya@example.org,5759700379,Raiganj,Karnataka,India,2025-04-01
CUST07501,Devansh Khare,Female,mohantyudant@example.net,6744865957,Katni,Karnataka,India,2024-10-02
CUST07502,Jack Sur,Female,aarnaloke@example.com,7016533960,Dibrugarh,Andhra Pradesh,India,2023-04-21
CUST07503,Patrick Prasad,Female,tanveerrama@example.com,2572898479,Mango,Arunachal Pradesh,India,2021-10-28
CUST07504,Sudiksha Narula,Male,xwable@example.com,3866889680,Gaya,Chhattisgarh,India,2023-12-11
CUST07505,Suhani Bava,Female,vasatika11@example.org,0863841712,Kumbakonam,Punjab,India,2024-11-25
CUST07506,Qarin Basak,Female,zbaria@example.com,5857853620,Munger,Punjab,India,2023-07-25
CUST07507,Tripti Mani,Male,umahajan@example.net,7709008870,Malda,Chhattisgarh,India,2022-01-22
CUST07508,Yauvani Sandal,Male,mviswanathan@example.com,3596333779,Amroha,Odisha,India,2022-03-15
CUST07509,Gavin Raval,Male,isaiah04@example.net,3356162304,Mango,Nagaland,India,2021-11-21
CUST07510,Anjali Kala,Female,tbaria@example.net,5364430029,Thanjavur,Arunachal Pradesh,India,2025-07-18
CUST07511,Veer Raju,Female,bhandarisanaya@example.net,7129340722,Bhilwara,West Bengal,India,2024-08-30
CUST07512,Harinakshi Bal,Male,ramachandrangarima@example.org,1459839927,Kishanganj,Chhattisgarh,India,2023-04-19
CUST07513,Dalbir Kar,Male,gaurangbala@example.net,7221903172,Madanapalle,Andhra Pradesh,India,2023-02-16
CUST07514,Lohit Banerjee,Male,khayre@example.net,0794913153,Orai,Bihar,India,2025-11-30
CUST07515,Pavani Pal,Male,dbalakrishnan@example.com,8340827943,Surendranagar Dudhrej,Himachal Pradesh,India,2026-01-06
CUST07516,Chavvi Sodhi,Male,subramaniananvi@example.net,0003542640,Bhimavaram,Himachal Pradesh,India,2021-07-30
CUST07517,Jhalak Kashyap,Male,pvaidya@example.com,7284039839,Dindigul,Goa,India,2023-11-20
CUST07518,Jhalak Raja,Male,mishrasaanvi@example.org,4760181983,Yamunanagar,Tripura,India,2023-03-14
CUST07519,Anthony Agrawal,Female,libniparekh@example.com,4213976165,Korba,Sikkim,India,2025-12-19
CUST07520,Sachi Bora,Male,aachal11@example.net,4402858267,Pali,Sikkim,India,2024-02-02
CUST07521,Wazir Kale,Female,ishajani@example.org,0526538434,Barasat,Assam,India,2026-04-11
CUST07522,Vanya Vyas,Male,yochana21@example.org,7518312498,Bijapur,Chhattisgarh,India,2025-09-12
CUST07523,Sara Chauhan,Female,yauvanizacharia@example.net,6373129603,Mira-Bhayandar,Gujarat,India,2025-08-01
CUST07524,Reva Nadkarni,Male,adwetakrishna@example.com,1691814125,Guna,Kerala,India,2023-03-19
CUST07525,Inaya Agate,Male,shuklabachittar@example.org,7352871703,Imphal,Andhra Pradesh,India,2026-04-06
CUST07526,Xalak Dyal,Male,wahab43@example.org,8883472175,Bhiwandi,Rajasthan,India,2024-12-13
CUST07527,Aarna Setty,Female,vbhatia@example.com,6499734755,Proddatur,Tripura,India,2024-05-02
CUST07528,Arunima Dara,Male,jeevikakari@example.net,6475812178,Khammam,Tamil Nadu,India,2021-12-24
CUST07529,Mugdha Nagi,Male,anika02@example.com,8181453031,Hindupur,Gujarat,India,2021-09-26
CUST07530,Jeevika Varughese,Male,vrinda32@example.com,6373256627,Amaravati,Odisha,India,2023-05-28
CUST07531,Timothy Patil,Female,patlatimothy@example.net,9180862390,Jalna,Mizoram,India,2025-02-05
CUST07532,Manbir Mital,Female,narulaaarini@example.com,1823665187,Pali,Tripura,India,2023-04-21
CUST07533,William Mital,Male,gauri86@example.org,2609908243,Morena,Uttar Pradesh,India,2026-04-28
CUST07534,Balendra Pal,Male,lsharaf@example.com,3456882266,Amritsar,Madhya Pradesh,India,2025-03-04
CUST07535,Neelima Mohan,Female,soniwatika@example.org,8242715890,Pallavaram,Assam,India,2021-12-03
CUST07536,Ronith Nath,Female,jhalopa@example.org,8980190059,Satara,Assam,India,2022-09-11
CUST07537,Dipta Nayak,Female,ranbir48@example.net,4680030927,Raiganj,Tamil Nadu,India,2024-02-13
CUST07538,Kabir Dugar,Female,logan30@example.net,1819409264,Tumkur,Nagaland,India,2021-10-15
CUST07539,Nitara Kumar,Female,chandresh04@example.com,5810820493,Farrukhabad,Uttar Pradesh,India,2024-10-12
CUST07540,Vrishti Comar,Male,matthewtank@example.net,4989231014,Gangtok,Jharkhand,India,2023-05-28
CUST07541,Rehaan Murthy,Male,kannangautami@example.net,9239562444,Khammam,Punjab,India,2022-01-29
CUST07542,Geetika Sarkar,Female,eesha11@example.org,0592889574,Meerut,Tripura,India,2025-08-30
CUST07543,Anya Sunder,Male,chakrikamadan@example.com,1443772086,Allahabad,Kerala,India,2021-11-03
CUST07544,Megha Ranganathan,Female,maanaskaur@example.org,1889389125,Munger,Goa,India,2022-09-21
CUST07545,Ansh Walla,Female,haldermahika@example.com,5588668038,Bettiah,Maharashtra,India,2022-05-05
CUST07546,Zaitra Korpal,Male,lopa75@example.net,7911386615,Saharanpur,Uttarakhand,India,2024-07-26
CUST07547,Nihal Varma,Female,dakshachad@example.org,8211676022,Mathura,Arunachal Pradesh,India,2024-09-12
CUST07548,Janaki Date,Male,chaitanya19@example.org,8065642152,Tiruchirappalli,Odisha,India,2025-08-09
CUST07549,Ridhi Dada,Male,henrysunder@example.com,9055547907,Amritsar,Haryana,India,2026-06-20
CUST07550,Nandini Sachar,Male,nsinha@example.net,9329597635,Rajahmundry,Maharashtra,India,2024-01-23
CUST07551,Rishi Kar,Female,duaekavir@example.net,5441514600,Bahraich,Karnataka,India,2025-02-13
CUST07552,Kabir Rai,Male,jsarkar@example.org,1961470187,Firozabad,Telangana,India,2025-11-13
CUST07553,Harish Basu,Male,lankabhavini@example.org,0936213441,Kalyan-Dombivli,Telangana,India,2024-07-01
CUST07554,Chakrika Dass,Male,vritti60@example.com,1269809461,Ballia,Gujarat,India,2024-09-25
CUST07555,Odika Nath,Female,nitaravarkey@example.net,3271031372,Jamalpur,Bihar,India,2025-01-29
CUST07556,Kai Mutti,Female,girish70@example.net,1365518414,Bhusawal,Karnataka,India,2026-07-05
CUST07557,Laban Buch,Female,yagneshbalay@example.net,6261073832,Bilaspur,Gujarat,India,2022-04-13
CUST07558,Amrita Devi,Female,balvande@example.org,6689198523,Bhavnagar,Andhra Pradesh,India,2021-09-01
CUST07559,Nitesh Pradhan,Female,nimrat06@example.org,1999862270,Amaravati,Maharashtra,India,2025-05-16
CUST07560,Ishita Agate,Male,narulaqarin@example.net,3286411094,Katni,Uttar Pradesh,India,2025-09-24
CUST07561,Gaurangi Gokhale,Female,vshenoy@example.net,0254042590,Udaipur,Maharashtra,India,2025-08-16
CUST07562,Elijah Bhalla,Female,bahrichandani@example.com,8918325036,Noida,Meghalaya,India,2023-08-08
CUST07563,Chakrika Mall,Female,rishikulkarni@example.net,3640358191,Aligarh,Kerala,India,2025-07-22
CUST07564,Dev Mittal,Female,thomas87@example.net,4244774569,Bhusawal,Uttar Pradesh,India,2026-05-26
CUST07565,Neelima Bali,Female,dayamailuthra@example.net,1257397817,Karaikudi,Karnataka,India,2024-09-27
CUST07566,Bhavna Barad,Male,riyabrar@example.org,0185636019,Bilaspur,Uttarakhand,India,2021-12-06
CUST07567,Hemani Muni,Female,dradhakrishnan@example.net,8304020577,Jalna,Andhra Pradesh,India,2022-10-22
CUST07568,Jacob Deo,Female,xsrinivasan@example.org,4726277262,Saharanpur,Goa,India,2024-03-08
CUST07569,Aishani Gokhale,Male,lakshmi58@example.net,2326280386,Malegaon,Gujarat,India,2023-10-18
CUST07570,Vihaan Kurian,Male,bishakha49@example.org,0547353724,Sonipat,Tamil Nadu,India,2021-12-28
CUST07571,Maanas Sekhon,Male,lwadhwa@example.com,1089326318,Phagwara,Karnataka,India,2024-02-14
CUST07572,Ikshita Kunda,Female,lnarayan@example.com,4355227840,Bhind,Rajasthan,India,2026-05-16
CUST07573,Eshana Mani,Female,nihal61@example.net,7629620056,Sasaram,Sikkim,India,2021-11-19
CUST07574,Ekalinga Pradhan,Male,prisha23@example.com,7740603767,Begusarai,Nagaland,India,2024-05-06
CUST07575,Azad Wagle,Female,basakekavir@example.org,3157934695,Pimpri-Chinchwad,Mizoram,India,2023-01-15
CUST07576,Andrew Narula,Female,fitan34@example.org,2319366682,Mathura,Maharashtra,India,2025-04-05
CUST07577,Anamika Deshpande,Female,arya47@example.org,2842836375,Tezpur,Kerala,India,2023-05-21
CUST07578,Ati Chada,Male,girish60@example.net,4967619410,Sikar,Chhattisgarh,India,2021-12-04
CUST07579,Sara Bir,Male,tanishpatel@example.com,2840321280,Nangloi Jat,Himachal Pradesh,India,2025-09-28
CUST07580,Kalpit Thaman,Male,pchanda@example.com,8564755482,Phagwara,Mizoram,India,2021-08-03
CUST07581,Ekiya Gokhale,Male,agrawalkaran@example.net,4462003661,Gopalpur,Jharkhand,India,2022-08-01
CUST07582,Gaurangi Agrawal,Female,eshana81@example.net,5441243229,Vadodara,Tamil Nadu,India,2025-09-19
CUST07583,Yahvi Raghavan,Male,amarachokshi@example.net,7852586375,Mehsana,Meghalaya,India,2025-11-26
CUST07584,Jagdish Mistry,Female,riyavora@example.net,1194194360,Solapur,Andhra Pradesh,India,2025-09-28
CUST07585,Faraj Sant,Male,gaurang80@example.net,5415117088,Ajmer,Maharashtra,India,2023-01-29
CUST07586,Saumya Choudhury,Female,ladlithakur@example.com,0890960953,Tumkur,Karnataka,India,2026-06-03
CUST07587,Chaitaly Doctor,Female,oscar79@example.com,1200073278,Haridwar,Telangana,India,2021-12-16
CUST07588,Inaya Nori,Female,rgoda@example.net,6506390944,Jamalpur,Assam,India,2022-10-28
CUST07589,Vinaya Dixit,Female,riabiswas@example.net,1615533049,New Delhi,Karnataka,India,2021-11-30
CUST07590,Mitesh Tandon,Male,aadi32@example.org,2933846264,Singrauli,West Bengal,India,2021-08-23
CUST07591,Nisha Khare,Female,dalaja88@example.net,6500743081,Sambhal,Punjab,India,2022-02-25
CUST07592,Osha Lalla,Male,cdhawan@example.net,4592139568,Bhopal,Uttarakhand,India,2025-12-04
CUST07593,Liam Raj,Female,guptagavin@example.org,5716851539,Nangloi Jat,Andhra Pradesh,India,2024-11-19
CUST07594,Wahab Lalla,Female,ekhare@example.com,6497283287,Srinagar,Haryana,India,2026-05-21
CUST07595,Kalpit Kibe,Female,zarnacheema@example.net,1695779687,Etawah,Nagaland,India,2022-01-24
CUST07596,Nidra Shukla,Female,garaqarin@example.net,3247252813,Visakhapatnam,Uttarakhand,India,2021-08-26
CUST07597,Isha Jani,Female,ylalla@example.com,6964494313,Munger,Tripura,India,2022-02-16
CUST07598,Nandini Chand,Female,bhanumatithaker@example.net,9890147038,Sonipat,Kerala,India,2023-12-29
CUST07599,Forum Deo,Male,charan35@example.net,9007320276,Vijayawada,Sikkim,India,2022-03-25
CUST07600,Abhiram Magar,Male,mohammedtrivedi@example.com,0692707598,Vasai-Virar,Tamil Nadu,India,2024-08-12
CUST07601,Chanakya Bava,Female,jagvi15@example.com,6485882854,Tenali,Bihar,India,2025-08-31
CUST07602,Janani Lad,Male,ppatla@example.net,5327188434,Jalandhar,Jharkhand,India,2024-09-12
CUST07603,Janaki Patil,Female,rattanjanya@example.org,7071074727,Ranchi,Nagaland,India,2021-12-30
CUST07604,Rajata Sami,Female,biswasxiti@example.com,1443019015,Nellore,Himachal Pradesh,India,2025-02-17
CUST07605,Om Kalla,Male,qsathe@example.com,9153665195,Patna,Assam,India,2025-02-21
CUST07606,Udant Minhas,Female,veer01@example.com,5634329823,Jhansi,Tripura,India,2023-07-18
CUST07607,Bahadurjit Khalsa,Female,chandanirajagopalan@example.com,0049997861,Hyderabad,Haryana,India,2023-09-11
CUST07608,Ethan Raghavan,Female,waliaryan@example.net,4328776678,Adoni,Uttar Pradesh,India,2022-09-03
CUST07609,Amrita Vasa,Male,charita12@example.com,7466887881,Bhind,Tripura,India,2025-12-02
CUST07610,Onkar Dara,Male,priyapillai@example.com,8150282385,Etawah,Karnataka,India,2025-03-20
CUST07611,Vamakshi Doshi,Male,aradhanachandra@example.com,7426638902,Bellary,Goa,India,2021-10-17
CUST07612,Shaurya Sanghvi,Male,ppal@example.net,0023622463,Hyderabad,Tamil Nadu,India,2022-12-31
CUST07613,Victor Chand,Female,anaywason@example.org,7516447012,North Dumdum,West Bengal,India,2022-03-20
CUST07614,Anika Choudhary,Male,sarthakjain@example.net,2443596832,Ramagundam,Jharkhand,India,2022-12-06
CUST07615,Ekantika Sangha,Female,wnagarajan@example.net,0678284808,Kolkata,Mizoram,India,2025-06-04
CUST07616,Eesha Oommen,Male,forum83@example.com,2014443994,Tadepalligudem,Kerala,India,2021-09-05
CUST07617,Christopher Loke,Male,sarinekantika@example.com,3446100874,Bhagalpur,Gujarat,India,2025-07-08
CUST07618,Eesha Parmar,Male,omishakarpe@example.com,1770494940,Korba,Mizoram,India,2021-09-14
CUST07619,Yasti Bandi,Male,lbahri@example.org,3199135909,Patiala,Jharkhand,India,2022-07-13
CUST07620,Nidra Bala,Female,aacharya@example.net,9458737667,Gurgaon,Tripura,India,2021-11-17
CUST07621,Janaki Sankaran,Male,jagvi61@example.net,5783136709,Nagpur,West Bengal,India,2024-02-23
CUST07622,Vritti Hegde,Male,udantsrinivas@example.net,7691355461,Tezpur,Maharashtra,India,2023-04-03
CUST07623,Raagini Seshadri,Male,samarth75@example.com,0236220997,Sultan Pur Majra,Maharashtra,India,2021-09-28
CUST07624,Waida Tara,Male,xsachar@example.net,2053953223,Secunderabad,Arunachal Pradesh,India,2022-10-14
CUST07625,Pratyush Tata,Female,sanghvizayan@example.com,7306304876,Amravati,Gujarat,India,2022-07-06
CUST07626,Aarav Tara,Female,kdatta@example.net,4860024512,Howrah,Jharkhand,India,2025-12-11
CUST07627,Ayushman Mishra,Male,lilasastry@example.net,1509496999,Jalna,Rajasthan,India,2023-02-03
CUST07628,Chanchal Kapadia,Female,aahanarau@example.com,0753410864,Mehsana,Chhattisgarh,India,2022-04-02
CUST07629,Yochana Balakrishnan,Female,nikitakamdar@example.org,2783209894,Bhilai,Himachal Pradesh,India,2025-11-28
CUST07630,Jacob Gandhi,Female,qushi91@example.com,2122799042,Nagaon,West Bengal,India,2026-01-23
CUST07631,Lucky Khanna,Female,vrinda74@example.net,3989133203,Gurgaon,Kerala,India,2022-07-14
CUST07632,Upasna Samra,Female,nikitaradhakrishnan@example.net,2635006310,Surat,Arunachal Pradesh,India,2021-11-11
CUST07633,Kavya Sabharwal,Male,gnadkarni@example.com,4837428529,Rampur,Andhra Pradesh,India,2024-11-01
CUST07634,Laksh Prakash,Female,harilakshmi@example.org,2846100149,Muzaffarpur,Karnataka,India,2024-09-05
CUST07635,Ekbal Yadav,Female,madanishani@example.com,1570784233,Hindupur,Assam,India,2024-08-06
CUST07636,Neel Bora,Female,krishnanucchal@example.com,7378294458,Cuttack,Madhya Pradesh,India,2023-03-15
CUST07637,Widisha Ghosh,Male,gaurang25@example.com,7879694176,Avadi,Punjab,India,2025-01-07
CUST07638,Wridesh Boase,Male,dzacharia@example.com,2434612701,Siliguri,Arunachal Pradesh,India,2026-04-04
CUST07639,Tripti Contractor,Female,geetikaraju@example.org,5730235021,Karnal,Tamil Nadu,India,2021-09-10
CUST07640,Logan Sastry,Female,janani93@example.net,2427459674,Buxar,Punjab,India,2023-01-13
CUST07641,Victor Munshi,Male,gkoshy@example.org,5209747237,Ramgarh,Madhya Pradesh,India,2023-06-25
CUST07642,Oscar Suri,Female,yoshita93@example.org,7943523713,Bhimavaram,Haryana,India,2025-12-14
CUST07643,Ojas Gera,Female,mmagar@example.net,0428649718,Medininagar,Assam,India,2023-04-23
CUST07644,Jyoti Rao,Male,batravasudha@example.org,1998136623,Machilipatnam,Arunachal Pradesh,India,2025-04-13
CUST07645,Nitesh Vig,Female,warhiwadhwa@example.com,6581269516,Gwalior,Telangana,India,2022-09-02
CUST07646,Warhi Shetty,Male,mnarula@example.org,3482089604,Howrah,Mizoram,India,2025-02-25
CUST07647,Max Arora,Female,nitaraswaminathan@example.net,4530588243,Miryalaguda,Goa,India,2021-10-03
CUST07648,Sai Palan,Female,bdara@example.net,5233042766,Dewas,Maharashtra,India,2023-07-04
CUST07649,Anita Bhasin,Female,madanxiti@example.org,3741742502,Hazaribagh,Tripura,India,2023-10-04
CUST07650,Advik Muni,Female,banjeetmani@example.org,8841532499,Pallavaram,Bihar,India,2023-03-01
CUST07651,Bishakha Shetty,Male,girik30@example.org,2774511438,Jamalpur,Madhya Pradesh,India,2022-05-01
CUST07652,Charita Mahal,Male,balveerchaudhari@example.net,3350782228,Ambattur,Karnataka,India,2023-12-01
CUST07653,Aishani Dhingra,Male,logan23@example.org,5800926238,Gandhinagar,West Bengal,India,2022-12-28
CUST07654,Udarsh Shukla,Female,rachitgoel@example.org,9276194704,Firozabad,Himachal Pradesh,India,2024-12-02
CUST07655,Mitali Dubey,Male,pranit60@example.net,0977060836,Danapur,Rajasthan,India,2024-05-21
CUST07656,Amaira Baria,Female,dev97@example.com,0534375697,Surat,Meghalaya,India,2021-07-25
CUST07657,Wriddhish Anand,Male,matthewraval@example.com,8512559012,Guwahati,Telangana,India,2023-05-19
CUST07658,Nakul Sachdev,Male,mandachameli@example.com,3959928807,Aurangabad,Meghalaya,India,2025-07-06
CUST07659,Vaishnavi Hayer,Female,kalpit49@example.com,3521366245,Asansol,Maharashtra,India,2022-01-28
CUST07660,Zinal Sachdeva,Male,damyanti09@example.com,0494510269,Patiala,Chhattisgarh,India,2025-04-20
CUST07661,Vasana Nazareth,Male,chatreshpatla@example.org,6197481214,Solapur,Jharkhand,India,2025-11-05
CUST07662,Indali Verma,Female,banikwishi@example.org,5647121420,Hubli–Dharwad,Mizoram,India,2023-12-03
CUST07663,Aadi Warrior,Male,shivanshbansal@example.com,0253272927,Bellary,Jharkhand,India,2024-11-03
CUST07664,Urvashi Gala,Female,bnori@example.org,5619631493,Lucknow,Tamil Nadu,India,2021-09-23
CUST07665,Balvan Chaudhari,Male,srout@example.com,7045305612,Belgaum,Kerala,India,2023-06-13
CUST07666,Inaya Sharaf,Male,abha80@example.net,7688896633,Bhalswa Jahangir Pur,Jharkhand,India,2024-04-27
CUST07667,Bina Hayer,Male,mahalmanan@example.net,7663250790,Kozhikode,Karnataka,India,2025-08-24
CUST07668,Aditya Thakur,Male,pranit92@example.com,9026640347,Vadodara,Manipur,India,2022-07-03
CUST07669,Upkaar Deo,Male,amrita67@example.org,5791147880,Kolkata,Maharashtra,India,2023-11-06
CUST07670,Ishwar Bandi,Female,ggala@example.com,4980025742,Madhyamgram,Goa,India,2024-09-27
CUST07671,Ishwar Dugar,Male,manya21@example.net,1200631177,Jabalpur,Rajasthan,India,2025-05-21
CUST07672,Vincent Parekh,Female,jvasa@example.com,3348562321,Haridwar,Tripura,India,2026-05-18
CUST07673,Fitan Sabharwal,Male,dbahri@example.com,2878625817,Muzaffarpur,Haryana,India,2024-02-15
CUST07674,Odika Sahota,Male,qsura@example.net,7188729379,Surat,Haryana,India,2025-04-24
CUST07675,Gaurika Banik,Male,uahuja@example.com,8837485340,Amaravati,Tripura,India,2021-12-06
CUST07676,Qushi Apte,Male,anjali01@example.net,6772313767,Aligarh,Odisha,India,2021-10-16
CUST07677,Damyanti Sagar,Female,bwali@example.com,5704463610,Thoothukudi,West Bengal,India,2024-06-02
CUST07678,Balhaar Ray,Female,thakurnoah@example.com,9802701885,Kalyan-Dombivli,Nagaland,India,2024-07-11
CUST07679,Nitara Hayre,Female,amrita54@example.org,7926831983,Ballia,Uttarakhand,India,2022-02-19
CUST07680,Bhavna Mukhopadhyay,Male,omkaarmanda@example.org,9481644523,Alappuzha,Jharkhand,India,2024-09-15
CUST07681,Dev Bhatnagar,Female,omkaarprabhakar@example.com,6397453058,Durg,Nagaland,India,2025-11-30
CUST07682,Ayaan Bumb,Male,turvi96@example.com,0759979994,Dibrugarh,Odisha,India,2024-01-24
CUST07683,Chandran Bir,Female,nattyauvani@example.net,2487919003,Ujjain,Bihar,India,2024-11-22
CUST07684,Jagvi Chacko,Female,leenaravi@example.com,3513164237,Dehradun,Himachal Pradesh,India,2022-01-01
CUST07685,Pranav Nazareth,Female,andrew33@example.com,6483861037,Kozhikode,Uttar Pradesh,India,2022-08-16
CUST07686,Lohit Hari,Male,brindakumer@example.org,5564811188,Baranagar,Gujarat,India,2023-12-26
CUST07687,Ikbal Dugar,Male,varmasathvik@example.net,1266049083,Panipat,Andhra Pradesh,India,2023-01-27
CUST07688,Jason Ganesan,Female,keya41@example.com,9842144338,Ludhiana,Jharkhand,India,2022-09-22
CUST07689,Faris Sagar,Female,aadi59@example.org,5800467780,Aizawl,Maharashtra,India,2025-09-01
CUST07690,Kashvi Walia,Female,aachal59@example.org,5547354467,Malegaon,Jharkhand,India,2021-08-15
CUST07691,Bhanumati Nagy,Female,madanekaja@example.net,6216064608,Howrah,Bihar,India,2024-08-10
CUST07692,Niharika Dash,Male,imuni@example.com,2866033465,Bihar Sharif,Sikkim,India,2023-07-21
CUST07693,Vihaan Krishnan,Female,abdulramachandran@example.net,2914840111,Tezpur,Andhra Pradesh,India,2024-03-26
CUST07694,Dalbir Dhillon,Male,msuri@example.net,6913662918,Dhanbad,Odisha,India,2022-01-08
CUST07695,Kritika Parmar,Female,kapadiaindrajit@example.net,8833485367,Machilipatnam,Rajasthan,India,2022-12-08
CUST07696,Chandani Suresh,Male,dayamai60@example.org,3004338427,Aizawl,Manipur,India,2024-09-16
CUST07697,Manya Dara,Female,lakshmisethi@example.com,1339065200,Kolhapur,West Bengal,India,2023-03-06
CUST07698,Maanas Bhargava,Male,bhaviniben@example.org,8503753968,Hajipur,Assam,India,2024-07-02
CUST07699,Chatresh Lad,Male,shacharles@example.org,6637698835,Muzaffarpur,Mizoram,India,2022-09-05
CUST07700,Priya Brar,Female,upmaahluwalia@example.org,9355553964,South Dumdum,Mizoram,India,2024-01-29
CUST07701,Ojas Iyengar,Female,sarkaranay@example.com,8288297494,Bhind,Rajasthan,India,2024-12-19
CUST07702,Gabriel Chakrabarti,Female,marora@example.com,4470246124,Rajpur Sonarpur,Arunachal Pradesh,India,2024-08-20
CUST07703,Darpan Lata,Male,idalia@example.net,9695514607,Delhi,Tamil Nadu,India,2025-07-13
CUST07704,Nicholas Amble,Female,mukhopadhyayabhimanyu@example.net,2023218007,Ballia,West Bengal,India,2023-10-06
CUST07705,Ikbal Singh,Male,mitesh94@example.org,2540734737,Kadapa,Assam,India,2022-07-28
CUST07706,Ikshita Raval,Male,ethan40@example.com,0730073651,Alwar,Rajasthan,India,2024-04-23
CUST07707,Amol Sehgal,Male,daksh88@example.org,8887001725,Nagaon,Jharkhand,India,2022-11-17
CUST07708,Rayaan Khurana,Female,urmi71@example.net,4714638405,Vijayawada,Andhra Pradesh,India,2024-03-04
CUST07709,Janani Swamy,Male,abhiramhayre@example.net,1214198269,Tumkur,Kerala,India,2025-10-14
CUST07710,Joshua Swaminathan,Female,devansh31@example.com,2120848274,Bhubaneswar,Chhattisgarh,India,2025-08-04
CUST07711,Ryan Korpal,Male,maharajquincy@example.net,6433022988,Kakinada,Maharashtra,India,2023-03-14
CUST07712,Eesha Dora,Male,yuvraj91@example.net,6938558455,Surendranagar Dudhrej,Assam,India,2021-08-18
CUST07713,Vrishti Mahajan,Male,waliaadvik@example.com,2092321197,Malda,Rajasthan,India,2022-03-29
CUST07714,Shivansh Srinivasan,Male,jhalakvasa@example.org,0453848007,Ichalkaranji,Jharkhand,India,2025-09-24
CUST07715,Owen Mitra,Male,kapooramaira@example.com,7615883070,Kavali,Andhra Pradesh,India,2022-10-03
CUST07716,Jasmit Nath,Male,ssunder@example.net,2753391158,Rourkela,Haryana,India,2025-10-05
CUST07717,Rehaan Varma,Male,surrajata@example.net,9714712836,Dharmavaram,Tamil Nadu,India,2023-04-02
CUST07718,Vamakshi Oak,Female,somandhruv@example.com,3269821935,Visakhapatnam,Madhya Pradesh,India,2025-06-10
CUST07719,Darsh Oak,Male,smishra@example.com,0911507180,Kanpur,Goa,India,2021-08-19
CUST07720,Ronith Kale,Female,kantjeet@example.net,0098914518,Jabalpur,Bihar,India,2022-03-20
CUST07721,Aarav Majumdar,Female,zaid09@example.org,2510039640,Jalna,Goa,India,2023-04-22
CUST07722,Sudiksha Mani,Female,omdara@example.org,9439761277,Meerut,Chhattisgarh,India,2024-05-02
CUST07723,Oscar Raja,Female,jhaverichavvi@example.org,0668769549,Patna,Arunachal Pradesh,India,2025-06-05
CUST07724,Caleb Pathak,Female,wahab99@example.net,6458970032,Bhiwandi,Mizoram,India,2025-12-13
CUST07725,Rachana Sarma,Female,faqidsaxena@example.net,7312965609,Jaipur,Tripura,India,2023-05-13
CUST07726,Rohan Sahni,Male,darshdua@example.com,7745866495,Gaya,Arunachal Pradesh,India,2023-01-23
CUST07727,Hritik Keer,Male,wkalla@example.com,3332681126,Burhanpur,Arunachal Pradesh,India,2021-12-11
CUST07728,Aarav Narasimhan,Male,anjalirajagopal@example.com,4157062280,Warangal,Meghalaya,India,2024-09-07
CUST07729,Kavya Kulkarni,Male,sdas@example.org,8051327489,Dehri,Odisha,India,2025-08-26
CUST07730,Thomas Srivastava,Female,enagar@example.net,5837253950,Pallavaram,Mizoram,India,2025-11-21
CUST07731,Triya Parmar,Female,xbalasubramanian@example.org,0325580503,Thiruvananthapuram,Gujarat,India,2023-07-22
CUST07732,Libni Radhakrishnan,Female,smahal@example.org,4420349969,Raiganj,Jharkhand,India,2025-02-02
CUST07733,Finn Krishnamurthy,Female,osami@example.com,1978248775,Khammam,Andhra Pradesh,India,2023-04-20
CUST07734,Qarin Varughese,Female,sawhneynakul@example.org,3506650966,Gangtok,Uttarakhand,India,2026-02-19
CUST07735,Yashica Devan,Male,jackson61@example.net,7062283538,Jamalpur,Chhattisgarh,India,2023-07-08
CUST07736,Sara Kumer,Male,gthaker@example.org,3501339274,Kochi,Odisha,India,2025-01-15
CUST07737,Shaurya Lalla,Male,walizehaan@example.com,2689038261,Bangalore,Haryana,India,2024-07-23
CUST07738,Yahvi Bhagat,Male,triptiom@example.com,3367557240,Yamunanagar,Rajasthan,India,2023-12-23
CUST07739,Nidhi Peri,Male,etailor@example.org,9613764851,Vasai-Virar,Uttar Pradesh,India,2025-08-03
CUST07740,Ethan Rao,Female,anvibhasin@example.net,2892008318,Thrissur,Tripura,India,2024-01-09
CUST07741,Reyansh Shenoy,Female,veda10@example.com,1315003508,Pallavaram,Telangana,India,2026-05-06
CUST07742,Manthan Raja,Female,charles33@example.org,9267997011,Ratlam,Punjab,India,2022-05-01
CUST07743,Samarth Balakrishnan,Female,pallahiral@example.net,8852154136,Jaipur,Manipur,India,2022-05-04
CUST07744,Lakshmi Raman,Female,sundaramekta@example.com,8917643237,Chennai,Maharashtra,India,2021-07-31
CUST07745,Sathvik Singhal,Female,tchauhan@example.org,1380328535,Mau,Gujarat,India,2021-12-16
CUST07746,Janya Sen,Female,reyansh51@example.org,3539085535,Bhavnagar,Himachal Pradesh,India,2025-09-22
CUST07747,Zarna Narasimhan,Male,knarang@example.net,3099882414,Kavali,Maharashtra,India,2025-09-16
CUST07748,Lakshmi Lanka,Male,xgara@example.org,3787895840,Indore,Telangana,India,2025-10-28
CUST07749,Qadim Chana,Female,cmannan@example.org,6819591807,Kavali,Uttarakhand,India,2022-03-17
CUST07750,Patrick Srivastava,Male,zachariadevansh@example.org,9477208966,Sagar,Uttarakhand,India,2023-12-01
CUST07751,Darpan Acharya,Female,oviya40@example.net,3576519409,Guntur,Gujarat,India,2021-07-25
CUST07752,Nidra Krishnan,Male,bbatta@example.net,9735002693,Guwahati,Odisha,India,2025-06-21
CUST07753,Hiral Mani,Female,kaderia@example.org,9864101434,Kamarhati,Haryana,India,2023-04-14
CUST07754,Girish Varghese,Female,daksha27@example.com,9135792158,Mumbai,Telangana,India,2021-11-17
CUST07755,Hardik Wali,Female,pbehl@example.com,7836704343,Kollam,West Bengal,India,2023-08-10
CUST07756,Ekalinga Nagi,Female,chaman60@example.net,0247509081,Ahmednagar,Chhattisgarh,India,2026-06-20
CUST07757,Victor Tailor,Female,yashvidass@example.com,9998842504,Karnal,Sikkim,India,2025-05-14
CUST07758,Zinal Sengupta,Female,sarafvinaya@example.net,8787723629,Bhubaneswar,Kerala,India,2026-02-25
CUST07759,Garima Yohannan,Male,bishakha90@example.org,3455156481,Jalna,Goa,India,2025-02-03
CUST07760,Libni Basak,Female,pissac@example.org,5619506388,Bhatpara,Uttarakhand,India,2021-08-14
CUST07761,Gautam Chokshi,Male,chaayasood@example.com,6285774281,Bhiwandi,Madhya Pradesh,India,2024-06-19
CUST07762,Jasmit Krishna,Female,zaidbansal@example.net,8075447651,Khammam,Karnataka,India,2022-06-02
CUST07763,Krisha Raval,Female,lohit76@example.com,5570634039,Siliguri,Odisha,India,2024-10-28
CUST07764,Daniel Kashyap,Female,qhegde@example.net,0868776469,Parbhani,Kerala,India,2021-09-22
CUST07765,Suhani Jayaraman,Female,keya17@example.com,2966635044,Serampore,Chhattisgarh,India,2022-12-26
CUST07766,Nisha Rama,Female,rajangeetika@example.org,6088548150,Ambattur,Uttar Pradesh,India,2021-11-22
CUST07767,Madhav Sheth,Male,manitanvi@example.net,0226165494,Miryalaguda,Assam,India,2021-10-24
CUST07768,Niharika Radhakrishnan,Female,fmuni@example.net,1210677241,Jammu,Manipur,India,2021-07-29
CUST07769,Abha Garde,Female,omaja19@example.com,9880563659,Dhule,Haryana,India,2023-06-11
CUST07770,Warinder Talwar,Female,rohan89@example.org,7973790880,Aizawl,Meghalaya,India,2025-03-16
CUST07771,Qadim Singhal,Female,jtandon@example.net,8563385640,Nadiad,Odisha,India,2024-04-20
CUST07772,Michael Shan,Male,semavni@example.org,3044532319,Ghaziabad,Arunachal Pradesh,India,2024-05-10
CUST07773,Niharika Mody,Male,edwinjai@example.org,6164227472,Bhubaneswar,Meghalaya,India,2025-03-28
CUST07774,Omkaar Chakraborty,Female,ayush49@example.org,8673027890,Panihati,Meghalaya,India,2026-04-30
CUST07775,Tripti Ganesh,Male,aaravmangat@example.org,8892673484,Sri Ganganagar,Telangana,India,2023-05-22
CUST07776,Vanya Vala,Female,sandalpranav@example.com,5282062866,Muzaffarnagar,Nagaland,India,2024-04-02
CUST07777,Pavani Chander,Male,boramanan@example.com,6304548407,Orai,Uttar Pradesh,India,2024-03-02
CUST07778,Libni Sarin,Male,nairmeera@example.net,6553431019,Gandhidham,Himachal Pradesh,India,2025-06-11
CUST07779,Jacob Date,Female,prakashkashish@example.net,5619570782,Ambala,Gujarat,India,2024-12-10
CUST07780,Tara Sharma,Male,raviraagini@example.com,8395483899,Kirari Suleman Nagar,Meghalaya,India,2021-12-24
CUST07781,Ishaan Bhatia,Female,bosefaris@example.com,0739751862,Cuttack,Nagaland,India,2024-11-17
CUST07782,Yashawini Prabhakar,Female,gangulyisaiah@example.org,6044549385,Aurangabad,Mizoram,India,2024-07-10
CUST07783,Anita Sane,Female,vvig@example.net,3496678059,Saharsa,Mizoram,India,2025-07-28
CUST07784,Gaurang Doshi,Female,mukhopadhyayganga@example.com,4309206608,Mehsana,Rajasthan,India,2026-03-05
CUST07785,Keya Minhas,Male,aachal67@example.org,7372217321,Bareilly,Nagaland,India,2022-02-27
CUST07786,Max Keer,Female,butalavasana@example.com,7123671596,Barasat,Mizoram,India,2025-02-04
CUST07787,Indira Mallick,Female,cchaudhary@example.net,7438363143,Cuttack,Jharkhand,India,2024-03-06
CUST07788,Jagdish Date,Male,wgola@example.org,7600610351,Pimpri-Chinchwad,Sikkim,India,2023-03-27
CUST07789,Inaya Raghavan,Male,girish07@example.com,1306763710,Kochi,Assam,India,2026-05-02
CUST07790,Advika Choudhary,Female,lakshitmahal@example.org,0079003517,Patna,Meghalaya,India,2024-09-14
CUST07791,Abeer Sodhi,Female,ravimitali@example.org,9340908311,Varanasi,Telangana,India,2025-02-24
CUST07792,Widisha Mall,Female,lucky17@example.com,0975182784,Phagwara,Rajasthan,India,2022-03-13
CUST07793,Eshana Parekh,Male,ahujaprisha@example.com,8117920839,Sri Ganganagar,Telangana,India,2023-06-25
CUST07794,Manya Tank,Male,qdhaliwal@example.com,3537328996,Amritsar,Odisha,India,2023-01-24
CUST07795,Yachana Bera,Male,ibora@example.com,6593269778,Bally,Uttar Pradesh,India,2022-03-25
CUST07796,Onveer D’Alia,Female,ekashyap@example.com,3465532027,Gurgaon,Haryana,India,2023-01-10
CUST07797,Charvi Mannan,Male,fariq25@example.com,9044135248,Guntakal,Nagaland,India,2022-04-11
CUST07798,Raksha Mittal,Female,dpuri@example.org,4354387993,Jammu,Himachal Pradesh,India,2023-05-31
CUST07799,Wazir Naidu,Female,sinhanikita@example.org,7425147928,Sangli-Miraj & Kupwad,Himachal Pradesh,India,2022-09-20
CUST07800,Samaksh Chokshi,Male,psangha@example.net,6738525972,Haridwar,Andhra Pradesh,India,2023-07-01
CUST07801,Ekapad Bala,Female,ozavyanjana@example.com,3276203513,Allahabad,Sikkim,India,2022-08-06
CUST07802,Eshana Subramaniam,Male,sanyaviswanathan@example.net,3210919728,Shimla,Jharkhand,India,2022-01-16
CUST07803,Gagan Devan,Male,falguni88@example.net,9164473204,Nagercoil,Odisha,India,2026-07-01
CUST07804,Edhitha Sant,Male,omishadave@example.com,1250147704,Arrah,Madhya Pradesh,India,2024-04-07
CUST07805,Omisha Soman,Female,abdul77@example.net,0862285257,Thanjavur,Jharkhand,India,2024-06-11
CUST07806,Jagat Barad,Female,vedantdara@example.net,8262447400,Kochi,Andhra Pradesh,India,2025-10-03
CUST07807,Jai Bajwa,Male,opathak@example.org,7769440465,Amritsar,Arunachal Pradesh,India,2024-05-12
CUST07808,Mitali Dani,Female,wagleijaya@example.org,4165565909,Katni,Telangana,India,2026-04-06
CUST07809,Jai Devi,Female,robert87@example.org,6756710170,Cuttack,Chhattisgarh,India,2025-06-23
CUST07810,Banjeet Mutti,Male,kamyanadkarni@example.net,9694653940,Hospet,Bihar,India,2022-03-04
CUST07811,Anay Kant,Female,nisha52@example.org,6725503992,Patna,Maharashtra,India,2021-09-12
CUST07812,Yashica Rege,Female,anthonymistry@example.net,6437730111,Phagwara,Tripura,India,2022-03-21
CUST07813,Thomas Natt,Female,anvibadal@example.com,2096922359,Arrah,Jharkhand,India,2024-07-05
CUST07814,Jack Nigam,Female,kdube@example.net,1813957695,Bhusawal,Sikkim,India,2021-09-26
CUST07815,Upasna Rajagopalan,Male,lekhavora@example.com,5741028464,Bidar,Haryana,India,2022-09-24
CUST07816,Megha Ganguly,Male,hdeol@example.org,5965625109,Aurangabad,Nagaland,India,2024-10-15
CUST07817,Watika Dua,Female,geetika19@example.org,7890995573,Surat,Himachal Pradesh,India,2022-02-16
CUST07818,Lakshmi Iyengar,Male,ranveerarora@example.net,1511392649,Jalna,Odisha,India,2025-12-21
CUST07819,Ranveer Raval,Male,aadiswaminathan@example.com,8631283837,Bahraich,Andhra Pradesh,India,2022-12-19
CUST07820,Aachal Raghavan,Female,pramanathan@example.com,1325089809,Gopalpur,West Bengal,India,2022-03-30
CUST07821,Sai D’Alia,Male,gaurikaupadhyay@example.org,9284384551,Sikar,Tripura,India,2023-02-21
CUST07822,Ryan Thaman,Female,manyanarayanan@example.net,2042440021,Bally,Himachal Pradesh,India,2024-11-09
CUST07823,Azad Pant,Female,ziyengar@example.org,8190290778,Sambalpur,West Bengal,India,2024-07-06
CUST07824,Vaishnavi Srinivasan,Male,surafrederick@example.org,4980317691,Sangli-Miraj & Kupwad,Punjab,India,2026-07-14
CUST07825,Orinder Swaminathan,Male,warhi90@example.org,0040449014,Parbhani,Uttar Pradesh,India,2023-10-11
CUST07826,Lajita Ghosh,Female,khoslaxalak@example.com,4330396643,Yamunanagar,Odisha,India,2024-06-06
CUST07827,Irya Krishnamurthy,Female,iryaanne@example.com,6865826569,Chittoor,Odisha,India,2024-08-29
CUST07828,Azaan Basu,Female,kamyasura@example.org,9003403088,Sikar,Karnataka,India,2025-01-02
CUST07829,Nitara Wadhwa,Female,manthan29@example.net,7404586397,Parbhani,Arunachal Pradesh,India,2024-05-26
CUST07830,Nidra Barad,Male,yachanapalla@example.com,8180999674,Gangtok,Goa,India,2022-09-15
CUST07831,Naveen Lad,Female,ramabeer@example.net,5616100211,Ichalkaranji,Gujarat,India,2024-04-13
CUST07832,Bhavika Borah,Female,jeetnair@example.net,5436916699,Bangalore,Rajasthan,India,2022-02-13
CUST07833,Aahana Krishnamurthy,Female,sbhat@example.com,6749465157,Khandwa,Sikkim,India,2022-09-02
CUST07834,Widisha Srivastava,Male,nbasak@example.com,0305443583,Durgapur,Uttarakhand,India,2024-08-02
CUST07835,Patrick Nath,Female,bassiudarsh@example.net,8117474856,Ghaziabad,Rajasthan,India,2022-05-18
CUST07836,Chandresh Amble,Female,snair@example.org,2694870904,Unnao,Rajasthan,India,2026-06-08
CUST07837,Jagrati Ahuja,Female,girish32@example.com,5935860315,Kumbakonam,Chhattisgarh,India,2023-12-16
CUST07838,Jacob Bains,Female,handakevin@example.net,4023973016,Dibrugarh,Bihar,India,2023-04-30
CUST07839,Girish Wason,Male,anagy@example.net,8003522435,New Delhi,Mizoram,India,2025-01-02
CUST07840,Kabir Narayan,Female,kulkarnibanjeet@example.net,1583338430,Gaya,Karnataka,India,2025-05-09
CUST07841,Frado Sabharwal,Female,brijeshmerchant@example.org,1073368569,Pune,Assam,India,2023-06-29
CUST07842,Ranveer Chanda,Male,mtoor@example.com,4469806971,Berhampur,Odisha,India,2022-04-19
CUST07843,Owen Chokshi,Female,hlal@example.org,9931924491,Aurangabad,Himachal Pradesh,India,2025-08-24
CUST07844,Tejas Sahota,Female,geramohammed@example.com,6959774819,Kottayam,Manipur,India,2025-11-13
CUST07845,Adya Srinivasan,Female,keyadivan@example.com,6372524925,Mehsana,Himachal Pradesh,India,2025-12-06
CUST07846,Bhavini Kata,Female,jagdishhora@example.net,4962576514,Sirsa,Tripura,India,2026-01-21
CUST07847,Lopa Ganesh,Female,chasmum87@example.net,6891889577,Tiruvottiyur,Uttar Pradesh,India,2025-02-19
CUST07848,Samar Pandya,Female,varughesegaurang@example.net,1141385747,Meerut,Andhra Pradesh,India,2022-04-15
CUST07849,Hritik Pau,Male,krishjeremiah@example.com,4348302970,Jamshedpur,Uttarakhand,India,2021-12-11
CUST07850,Ayaan Bhatt,Female,aarna39@example.com,6620074821,Mysore,Bihar,India,2024-06-19
CUST07851,Warhi Chada,Male,gkunda@example.net,2941459413,Ambarnath,Uttarakhand,India,2025-07-10
CUST07852,Yahvi Purohit,Male,anikaguha@example.org,6017256505,Mau,Gujarat,India,2024-02-02
CUST07853,Rachit Bhat,Male,mwalla@example.org,9277907966,Bareilly,Gujarat,India,2022-08-31
CUST07854,Ganga Sani,Female,bhanumatidoctor@example.net,3192305655,Khammam,Tripura,India,2025-10-20
CUST07855,Owen Dhillon,Female,girish73@example.net,9387594472,Rajahmundry,Goa,India,2022-02-02
CUST07856,Mitali Saxena,Female,hemangbrar@example.net,2884414613,Vadodara,Mizoram,India,2022-10-22
CUST07857,Geetika Deep,Male,zaidtara@example.com,9730014039,Bhiwani,Chhattisgarh,India,2025-08-28
CUST07858,Kashish Shah,Male,mangatanita@example.net,8401679553,Tiruchirappalli,Karnataka,India,2024-05-28
CUST07859,Matthew Mani,Male,azaan42@example.com,3526362467,Sonipat,Jharkhand,India,2026-04-07
CUST07860,Gautami Sachar,Female,eiravati65@example.net,5425559170,Jamalpur,Nagaland,India,2024-03-03
CUST07861,Benjamin Chaudhary,Male,oliver69@example.net,4673940261,North Dumdum,Madhya Pradesh,India,2024-06-08
CUST07862,Ekanta Sandhu,Female,ramakrishnanarin@example.net,5298231317,Mehsana,Manipur,India,2023-11-29
CUST07863,Omya Deshpande,Male,zsura@example.org,7598061265,Farrukhabad,Uttar Pradesh,India,2022-10-23
CUST07864,Sathvik Dasgupta,Female,jacksonkhatri@example.com,3473667820,Belgaum,Uttar Pradesh,India,2023-04-12
CUST07865,Bhavani Agate,Female,mahika39@example.net,6637507275,Gaya,Telangana,India,2022-06-08
CUST07866,Oviya Comar,Female,ojas42@example.net,1773950020,Jaunpur,Rajasthan,India,2022-11-05
CUST07867,Ronith Deol,Female,umang91@example.com,5491319774,Gudivada,Arunachal Pradesh,India,2026-06-19
CUST07868,Gabriel Vig,Female,yauvanivarkey@example.com,8725658732,Parbhani,Andhra Pradesh,India,2021-08-11
CUST07869,Ekaja Gopal,Female,prashadidika@example.net,7512719080,Rohtak,Mizoram,India,2024-11-22
CUST07870,Nitesh Merchant,Male,qabil64@example.org,1537947285,Phagwara,Karnataka,India,2025-08-17
CUST07871,Veer Amble,Male,benjamin99@example.com,0117241512,Katni,Punjab,India,2024-09-20
CUST07872,Amrita Mann,Male,gayathri01@example.net,4940910456,Nagpur,Mizoram,India,2022-09-29
CUST07873,Orinder Bhatti,Female,mammenisha@example.org,8138321296,Belgaum,Himachal Pradesh,India,2023-03-19
CUST07874,Zinal Rege,Male,shuklaraksha@example.net,0186852223,Ramgarh,Meghalaya,India,2021-10-13
CUST07875,Quincy Agate,Female,ryogi@example.org,5644816263,Aizawl,Punjab,India,2023-08-30
CUST07876,Zayyan Buch,Male,devansh85@example.org,0831890272,Raurkela Industrial Township,Odisha,India,2024-07-08
CUST07877,Bhavini Karnik,Male,rwali@example.org,7939280344,Hajipur,West Bengal,India,2023-06-28
CUST07878,Anusha Varghese,Male,lalabhavani@example.net,1259110564,Ambala,Arunachal Pradesh,India,2022-01-06
CUST07879,Aarini Jani,Male,chandresh37@example.com,7843443754,Bihar Sharif,Bihar,India,2025-09-23
CUST07880,Bhavna Upadhyay,Male,ekani54@example.com,6860800201,Jaunpur,Tripura,India,2021-09-28
CUST07881,Gaurangi Tella,Male,finnlala@example.net,2573654754,Tenali,Tripura,India,2026-07-07
CUST07882,Gaurika Dhaliwal,Female,darshben@example.org,1517591088,Kharagpur,Madhya Pradesh,India,2025-03-12
CUST07883,Rachana Joshi,Female,arunima33@example.org,1116139432,Bathinda,Telangana,India,2025-06-27
CUST07884,Jacob Reddy,Female,balveerdey@example.org,3590671878,Mahbubnagar,Meghalaya,India,2021-08-17
CUST07885,Xalak Contractor,Male,tchhabra@example.net,0210278507,Eluru,Bihar,India,2021-11-03
CUST07886,Dakshesh Garg,Male,qarinpalla@example.com,2261511109,Maheshtala,Arunachal Pradesh,India,2022-01-15
CUST07887,Charan Subramanian,Female,trivedibalveer@example.net,6069347032,Chinsurah,Andhra Pradesh,India,2024-12-10
CUST07888,Meghana Pandya,Male,raghavsodhi@example.net,4455755472,Bijapur,Tamil Nadu,India,2024-06-25
CUST07889,Aarini Chacko,Female,shivani57@example.com,3750534055,Eluru,Sikkim,India,2021-10-25
CUST07890,Anay Gulati,Male,dsant@example.org,9371233032,Bhusawal,Uttarakhand,India,2021-10-10
CUST07891,Thomas Rao,Female,aditya14@example.net,5149806850,Bokaro,Bihar,India,2022-03-12
CUST07892,Vasana Kala,Female,mugdha54@example.com,6678965550,Baranagar,Assam,India,2023-04-26
CUST07893,Advay Chowdhury,Female,doctorekaja@example.net,2248757767,Jhansi,Himachal Pradesh,India,2024-05-12
CUST07894,Sachi Bhandari,Male,contractorhamsini@example.net,5361420418,Panvel,Arunachal Pradesh,India,2022-11-14
CUST07895,Deepa Mander,Male,kulkarnikevin@example.com,5715002762,Nellore,Meghalaya,India,2025-04-15
CUST07896,Noah Reddy,Female,amritachada@example.com,1392764614,Morena,Uttar Pradesh,India,2025-10-24
CUST07897,Mohini Buch,Male,williamlanka@example.org,2603059842,Jamalpur,Sikkim,India,2025-01-03
CUST07898,Sara Sheth,Female,kaulwishi@example.com,1443465428,Srinagar,Assam,India,2025-03-12
CUST07899,Fiyaz Chakrabarti,Female,bahrijagvi@example.org,5073105930,Madanapalle,Maharashtra,India,2021-12-01
CUST07900,Nathaniel Baral,Male,ojhaveri@example.com,7859089954,Sonipat,Maharashtra,India,2025-02-23
CUST07901,Laban Uppal,Female,ekiyaprakash@example.net,5673851176,Dehri,Assam,India,2026-01-19
CUST07902,Oliver Anand,Female,yuvrajbala@example.com,7528056415,Ozhukarai,Arunachal Pradesh,India,2022-06-29
CUST07903,Saksham Ghosh,Female,groverjagat@example.com,2181634625,Surendranagar Dudhrej,Uttar Pradesh,India,2023-06-09
CUST07904,Siya Butala,Male,anirudhrajagopal@example.org,4202891133,Vellore,Tamil Nadu,India,2023-09-02
CUST07905,Wridesh Chakrabarti,Female,kramakrishnan@example.net,8964328931,Begusarai,Sikkim,India,2023-06-24
CUST07906,Chaitanya Bedi,Male,netramukherjee@example.net,9836176654,Bhubaneswar,Maharashtra,India,2022-03-03
CUST07907,Michael Kari,Female,ckaran@example.org,9703585246,Ambala,Meghalaya,India,2023-08-17
CUST07908,Jonathan Reddy,Male,pranit61@example.com,7940768175,Durg,Meghalaya,India,2022-08-14
CUST07909,Oscar Padmanabhan,Female,emore@example.org,9237704510,Ghaziabad,Uttarakhand,India,2023-07-16
CUST07910,Charita Babu,Male,noahpant@example.org,7629312079,Tiruchirappalli,Tamil Nadu,India,2024-07-28
CUST07911,Ridhi Lata,Male,nakul20@example.net,9850382968,Proddatur,Sikkim,India,2024-06-26
CUST07912,Kritika Chaudhari,Female,gokhaledivya@example.net,1303263101,Amravati,Karnataka,India,2025-12-02
CUST07913,Odika Kant,Female,zdayal@example.com,0785306921,Cuttack,Uttarakhand,India,2025-08-17
CUST07914,Vritti Chander,Male,girish01@example.org,8940144462,Karnal,Telangana,India,2023-09-15
CUST07915,Eesha Sibal,Female,leenaviswanathan@example.net,9638509514,Silchar,Assam,India,2024-03-17
CUST07916,Dakshesh Vig,Female,ikrish@example.net,1229262692,Begusarai,Kerala,India,2025-05-25
CUST07917,Adya Nazareth,Female,giriksharma@example.org,0337006653,Bhavnagar,Madhya Pradesh,India,2021-10-12
CUST07918,Ikshita Andra,Female,vohrahiral@example.net,0145464424,Karaikudi,Karnataka,India,2023-04-11
CUST07919,Samuel Rajan,Female,amruta89@example.net,4263996207,Naihati,Bihar,India,2025-04-13
CUST07920,Wahab Hayer,Male,jagvibassi@example.net,8070836977,Guwahati,Nagaland,India,2025-04-18
CUST07921,Wazir Ranganathan,Male,triptikhatri@example.org,5048673665,Ghaziabad,Madhya Pradesh,India,2023-02-15
CUST07922,Ekanta Guha,Male,upkaaragate@example.com,7776065236,Barasat,Maharashtra,India,2023-03-25
CUST07923,Qushi Arya,Male,pauchakradev@example.com,4188835419,Pimpri-Chinchwad,Goa,India,2023-08-30
CUST07924,Yadavi Pai,Male,tzachariah@example.org,8404223968,Satara,Chhattisgarh,India,2025-08-19
CUST07925,Urishilla Boase,Male,aradhanakuruvilla@example.com,8690955762,Sasaram,Chhattisgarh,India,2025-05-28
CUST07926,Tanvi Vaidya,Male,iperi@example.net,3424732621,Kishanganj,Nagaland,India,2022-02-19
CUST07927,Zayan Hora,Male,vthaman@example.com,2326782418,Rajkot,Punjab,India,2024-08-06
CUST07928,Balendra Yohannan,Male,psagar@example.net,4256629409,Burhanpur,Mizoram,India,2024-08-26
CUST07929,Hardik Sachar,Male,psami@example.net,6565314339,Sri Ganganagar,Goa,India,2021-08-26
CUST07930,Diya Tara,Female,janujadin@example.com,7164045712,Imphal,Haryana,India,2022-03-25
CUST07931,Dakshesh Zachariah,Female,ekantika40@example.org,7483001694,Ambarnath,Telangana,India,2025-02-18
CUST07932,Ria Shankar,Male,mvala@example.net,7354256649,Berhampore,Chhattisgarh,India,2025-10-06
CUST07933,Ayush Sura,Male,adya74@example.net,1114255980,Gwalior,Chhattisgarh,India,2025-11-11
CUST07934,Ekalinga Apte,Female,umangpal@example.net,9720310501,Ambarnath,Gujarat,India,2023-05-18
CUST07935,Ladli Golla,Female,xtailor@example.com,2866156598,Ulhasnagar,Assam,India,2025-10-08
CUST07936,Nitesh Chandran,Female,bpau@example.net,3301031716,Silchar,Maharashtra,India,2025-10-15
CUST07937,Bishakha Bahri,Female,kdua@example.org,2410961816,Bhind,Bihar,India,2022-08-11
CUST07938,Upasna Ram,Male,sai69@example.net,3788414730,Davanagere,Jharkhand,India,2023-09-03
CUST07939,Waida Kapoor,Male,ukarnik@example.com,6924775428,Ulhasnagar,Jharkhand,India,2023-09-25
CUST07940,Nidra Rai,Female,tara64@example.com,4483902997,Tirunelveli,Maharashtra,India,2023-09-22
CUST07941,Faraj Kant,Male,satheisaiah@example.org,1535949824,Sultan Pur Majra,Assam,India,2022-03-08
CUST07942,Ubika Natt,Male,aaravagate@example.org,0344420159,Nizamabad,Madhya Pradesh,India,2025-12-05
CUST07943,Balvan Chad,Male,mannnoah@example.com,3714899482,Pali,Tripura,India,2025-08-13
CUST07944,Eiravati Khare,Male,vasatikadivan@example.org,4351264444,Sagar,Himachal Pradesh,India,2024-04-12
CUST07945,Devika Wali,Male,utoor@example.com,3910861541,Guntur,Himachal Pradesh,India,2022-03-12
CUST07946,Aarna Chaudhuri,Female,chakrabortyvictor@example.com,8204706931,Tumkur,Tripura,India,2022-11-25
CUST07947,Bhavika Kapoor,Male,gauritandon@example.com,4917405550,Tezpur,Telangana,India,2024-11-12
CUST07948,Ekaraj Mammen,Male,simon36@example.org,4857588430,Belgaum,Haryana,India,2022-03-15
CUST07949,Chandani Nath,Male,maniom@example.com,5656673294,Pudukkottai,Tripura,India,2023-08-03
CUST07950,Frederick Anand,Female,meera08@example.net,8960506279,Haridwar,West Bengal,India,2023-06-18
CUST07951,Yoshita Jayaraman,Female,xmodi@example.net,5620568543,Jodhpur,Manipur,India,2025-03-04
CUST07952,Imaran Sekhon,Female,ekanshpal@example.com,2411140039,Solapur,Tripura,India,2023-07-14
CUST07953,Andrew Ravi,Female,jeremiah25@example.org,7196983735,Ulhasnagar,West Bengal,India,2023-09-06
CUST07954,Veer Karpe,Female,gvora@example.com,9089010218,Raurkela Industrial Township,Arunachal Pradesh,India,2021-11-14
CUST07955,Isha Sood,Male,khatrinaksh@example.org,3226581418,Purnia,Madhya Pradesh,India,2022-12-03
CUST07956,Elijah Dara,Male,ysheth@example.com,4861341397,Panchkula,Himachal Pradesh,India,2025-09-29
CUST07957,Ayushman Wagle,Male,simon94@example.org,4487612149,Sikar,Jharkhand,India,2025-07-06
CUST07958,Dhriti Mittal,Male,gokhaledarsh@example.net,5196965904,Gopalpur,Assam,India,2025-06-19
CUST07959,Darsh Sood,Male,jairaj90@example.net,5553794577,Haldia,Chhattisgarh,India,2024-10-22
CUST07960,Onkar Chowdhury,Male,meghana90@example.net,3652012614,Erode,Tamil Nadu,India,2023-05-09
CUST07961,Arin Arya,Male,karan22@example.org,1771237861,Patiala,Andhra Pradesh,India,2022-03-02
CUST07962,Pooja Parmer,Male,tiyer@example.com,7574134005,Kharagpur,Rajasthan,India,2021-12-27
CUST07963,Leena Chad,Male,varghesegautami@example.net,0019859482,Gulbarga,Odisha,India,2023-12-31
CUST07964,Zehaan Sharma,Male,fchada@example.org,6903462152,Durg,Arunachal Pradesh,India,2023-08-21
CUST07965,Manthan Ratti,Female,damini94@example.org,4311015322,Haldia,Kerala,India,2024-10-29
CUST07966,Zilmil Lanka,Female,gsangha@example.com,5013002883,Farrukhabad,Karnataka,India,2025-05-16
CUST07967,Lakshmi Puri,Female,chameli53@example.net,2049713394,Kadapa,Tripura,India,2024-07-24
CUST07968,Avni Kadakia,Male,bahadurjitbatta@example.net,0147827820,Etawah,Madhya Pradesh,India,2024-01-31
CUST07969,Diya Divan,Female,jbedi@example.net,0823922984,Cuttack,Telangana,India,2022-09-12
CUST07970,Ishita Jaggi,Male,gopalindira@example.org,9031830352,Sambhal,Rajasthan,India,2022-12-26
CUST07971,Advaith Iyengar,Female,janaki30@example.net,8693248888,Maheshtala,Nagaland,India,2025-01-18
CUST07972,Varsha Barman,Female,omchoudhury@example.org,4672691849,New Delhi,Andhra Pradesh,India,2022-06-06
CUST07973,Tarak Mittal,Female,xalakhegde@example.org,1645678937,Nanded,Chhattisgarh,India,2024-11-23
CUST07974,Faraj Ramakrishnan,Male,caurora@example.com,8976889432,Agra,Andhra Pradesh,India,2026-03-14
CUST07975,Divya Bassi,Male,obhattacharyya@example.com,5810472077,Darbhanga,West Bengal,India,2022-04-09
CUST07976,Chandani Bose,Female,kamalanadig@example.com,2913469776,Lucknow,Nagaland,India,2024-04-07
CUST07977,Advika Sami,Male,eshana27@example.com,1463097334,Ahmednagar,Nagaland,India,2024-06-06
CUST07978,Lopa Parsa,Female,hbrahmbhatt@example.net,3001498232,Ozhukarai,Kerala,India,2024-10-22
CUST07979,Utkarsh Vyas,Female,jackson50@example.org,2920351379,Bellary,Jharkhand,India,2023-07-06
CUST07980,Yashodhara Parsa,Male,michael20@example.net,9171475740,Malda,Odisha,India,2021-12-26
CUST07981,Ekantika Bhalla,Female,darpan38@example.org,4529852004,Berhampur,Telangana,India,2022-03-30
CUST07982,Sachi Oommen,Female,kulkarnimahika@example.org,4487150051,Amaravati,Rajasthan,India,2022-07-24
CUST07983,Dayita Luthra,Male,xarya@example.com,8298034048,Sasaram,Arunachal Pradesh,India,2021-08-29
CUST07984,Oviya Sachdeva,Male,salvitanay@example.net,4515086445,Darbhanga,Odisha,India,2026-04-22
CUST07985,Bhavini Shere,Female,vinayabassi@example.net,5516549606,Panvel,Arunachal Pradesh,India,2021-11-11
CUST07986,Noah Johal,Male,pgrewal@example.org,0510975035,Berhampore,Rajasthan,India,2026-02-25
CUST07987,Yashodhara Pillai,Male,brarbrinda@example.org,4948290549,Pallavaram,Andhra Pradesh,India,2021-12-22
CUST07988,Urmi Sandhu,Female,dhruv76@example.org,4342783128,Allahabad,Tripura,India,2025-11-01
CUST07989,Nitara Hans,Male,jrajagopal@example.com,2839585552,Bikaner,Karnataka,India,2023-08-18
CUST07990,Anmol Sani,Female,aadhyagour@example.net,2895006237,Chapra,Gujarat,India,2026-01-25
CUST07991,Fiyaz Sachar,Male,warhi53@example.org,4709141164,Rohtak,Uttarakhand,India,2025-06-07
CUST07992,Widisha Sawhney,Male,kallafrederick@example.net,8568156340,Bulandshahr,Uttarakhand,India,2025-09-27
CUST07993,Chavvi Khatri,Male,kotharibhanumati@example.com,7650055240,Karawal Nagar,Gujarat,India,2026-05-05
CUST07994,Pahal Saini,Male,kapadiayachana@example.com,9515900698,Secunderabad,Madhya Pradesh,India,2025-09-12
CUST07995,Lekha Madan,Male,esingh@example.com,8391534337,Rajkot,Jharkhand,India,2024-07-14
CUST07996,Karan Din,Male,parsaubika@example.org,6931887357,Buxar,Rajasthan,India,2025-02-28
CUST07997,Yashvi Samra,Male,libnimistry@example.com,6083403045,Dibrugarh,Jharkhand,India,2026-01-07
CUST07998,Tanish Dugar,Male,nkeer@example.net,1831489950,Kollam,Assam,India,2024-11-14
CUST07999,Krish Ghose,Female,hardikchokshi@example.net,6736733169,Kirari Suleman Nagar,Sikkim,India,2024-08-26
CUST08000,Vrinda Raval,Male,akibe@example.org,5102211577,Chinsurah,Madhya Pradesh,India,2023-11-24
CUST08001,Dev Kurian,Female,qkalita@example.com,8116755216,Ahmednagar,Sikkim,India,2021-08-22
CUST08002,Bishakha Hans,Male,harinakshi19@example.com,6320051450,Gaya,Himachal Pradesh,India,2024-03-28
CUST08003,Omisha Soni,Male,vloyal@example.org,9593249201,Jalandhar,Tamil Nadu,India,2023-08-21
CUST08004,Indrajit Deep,Female,bandirayaan@example.net,4699376857,Proddatur,Bihar,India,2022-07-07
CUST08005,David Chakraborty,Female,iravel@example.org,2580436737,Bettiah,Himachal Pradesh,India,2022-03-16
CUST08006,Ekantika Cheema,Female,hiral04@example.org,9944779587,Raurkela Industrial Township,Goa,India,2023-05-02
CUST08007,Harinakshi Taneja,Female,daksheshvora@example.net,7193754235,Noida,Meghalaya,India,2023-12-08
CUST08008,Rehaan Jhaveri,Female,yatan71@example.net,9274138379,Ballia,Manipur,India,2026-05-30
CUST08009,Dhruv Kothari,Male,eiravati50@example.com,4152160144,Jaunpur,Bihar,India,2026-01-06
CUST08010,Pranav Sandhu,Male,iloyal@example.net,2283887660,Burhanpur,Odisha,India,2021-12-22
CUST08011,Ethan Chander,Female,gandhipallavi@example.net,5158259417,Ujjain,Goa,India,2022-02-27
CUST08012,Devika Magar,Female,rpatla@example.net,4554662070,Kumbakonam,Himachal Pradesh,India,2024-09-12
CUST08013,Caleb Tiwari,Male,chandashivansh@example.net,7031413895,Shahjahanpur,Manipur,India,2022-09-25
CUST08014,Jagvi Pingle,Female,sonizehaan@example.org,1220285953,Gandhidham,West Bengal,India,2025-10-20
CUST08015,Vidhi Thakkar,Male,bsane@example.com,3853642526,Muzaffarnagar,West Bengal,India,2024-12-30
CUST08016,Udant Narula,Female,ubarad@example.net,9565161638,Firozabad,Goa,India,2022-09-18
CUST08017,Qabil Boase,Male,owen20@example.org,2879656707,Latur,Gujarat,India,2025-09-21
CUST08018,Jagat Buch,Female,jhalakpandya@example.org,2298654639,Bareilly,Himachal Pradesh,India,2026-03-03
CUST08019,Aadi Brahmbhatt,Female,chaudharinisha@example.net,6114517360,Ambarnath,Kerala,India,2025-08-10
CUST08020,Ishani Pall,Female,bengirindra@example.net,8394444680,South Dumdum,Mizoram,India,2022-09-19
CUST08021,Vivaan Wali,Male,oeshibhatt@example.com,9886542119,Jamnagar,Nagaland,India,2022-01-19
CUST08022,Michael Chandra,Female,kkunda@example.net,0177590327,Tadepalligudem,Arunachal Pradesh,India,2022-07-23
CUST08023,Noah Bera,Male,lsom@example.org,3690835029,Katni,Odisha,India,2023-04-02
CUST08024,Vyanjana Sridhar,Male,varshahegde@example.com,3728714603,Vadodara,Arunachal Pradesh,India,2024-10-30
CUST08025,Michael Thakur,Male,kumerpranit@example.org,9673835083,Delhi,Nagaland,India,2024-08-13
CUST08026,Tamanna Sibal,Female,peter32@example.net,0055068020,Pondicherry,Madhya Pradesh,India,2023-05-01
CUST08027,Yatan Apte,Female,ysangha@example.com,3574970631,Bhimavaram,Chhattisgarh,India,2022-06-16
CUST08028,Krish Sangha,Female,borrajagat@example.net,8608609166,Berhampur,Uttarakhand,India,2025-08-20
CUST08029,Yashoda Borra,Female,vigvincent@example.org,3066336405,Bhavnagar,Karnataka,India,2024-07-31
CUST08030,Ridhi Ramanathan,Female,jhalak54@example.org,3535273577,Chapra,West Bengal,India,2023-05-27
CUST08031,Oliver Sarkar,Female,karanaayush@example.net,5838815917,Vasai-Virar,Punjab,India,2024-07-04
CUST08032,Abhiram Ben,Male,egill@example.com,4015347485,Sambhal,Maharashtra,India,2026-01-01
CUST08033,Aarnav Mitra,Female,bhargavaurmi@example.net,3675680127,Karnal,Tripura,India,2024-06-03
CUST08034,Patrick Purohit,Female,oscarchandran@example.com,0096044198,Ambala,Mizoram,India,2023-04-03
CUST08035,Kai Dhaliwal,Female,sekhonpranit@example.org,5941295889,Hyderabad,Karnataka,India,2023-06-21
CUST08036,Nathan Narasimhan,Female,jeevika87@example.com,9587921048,Karaikudi,Madhya Pradesh,India,2026-02-06
CUST08037,Aarav Rajagopalan,Male,harrisonsabharwal@example.org,5240194193,Vijayanagaram,Assam,India,2024-01-05
CUST08038,Turvi Shroff,Female,kalitapranav@example.com,3598218466,Chittoor,Tripura,India,2025-05-07
CUST08039,Chatresh Puri,Male,maanav33@example.net,2718165603,Farrukhabad,West Bengal,India,2022-12-14
CUST08040,Isha Wable,Male,wrajagopalan@example.org,5088704213,Avadi,Haryana,India,2022-09-12
CUST08041,Ira Doctor,Male,agopal@example.net,8006438986,Nizamabad,Tamil Nadu,India,2025-05-28
CUST08042,Brijesh Venkataraman,Male,csoman@example.com,1383617790,Khora ,Karnataka,India,2024-01-26
CUST08043,Anay Kala,Female,vedika30@example.com,2999414480,Bettiah,Goa,India,2024-08-25
CUST08044,Varenya Sarma,Male,tanvinagar@example.com,2354264890,Cuttack,Meghalaya,India,2026-07-05
CUST08045,Xiti Dalal,Male,sprasad@example.com,6826347694,Lucknow,Assam,India,2024-05-04
CUST08046,Chanakya Chatterjee,Female,manneqadim@example.com,9784488392,Amritsar,Telangana,India,2025-08-31
CUST08047,Balendra Arora,Male,mbhasin@example.org,6812619853,Meerut,Uttarakhand,India,2023-11-20
CUST08048,Forum Ravel,Female,hmisra@example.com,2375133126,Bhilwara,Himachal Pradesh,India,2022-12-02
CUST08049,Oni Ganesan,Male,wmisra@example.org,3005287113,Vellore,Jharkhand,India,2021-12-31
CUST08050,Manan Borde,Female,charvi81@example.net,9028615721,Suryapet,Mizoram,India,2022-11-11
CUST08051,Warda Jaggi,Female,battaurmi@example.com,1397037197,Nanded,Himachal Pradesh,India,2024-03-14
CUST08052,Arin Nadkarni,Female,bhatiadamini@example.net,5634894718,Bhiwandi,Arunachal Pradesh,India,2022-10-17
CUST08053,Ishita Chaudry,Male,roommen@example.net,6158578028,Howrah,Tamil Nadu,India,2024-07-21
CUST08054,Watika Vala,Female,kavya27@example.org,8078460374,Anantapuram,Kerala,India,2025-09-27
CUST08055,Ekansh Goyal,Female,samuel11@example.net,3857500743,Bhatpara,Assam,India,2026-02-01
CUST08056,Daksh Mukhopadhyay,Male,calebedwin@example.com,9644211490,Bhubaneswar,Arunachal Pradesh,India,2025-01-22
CUST08057,Gayathri Contractor,Female,henrykulkarni@example.com,3537820645,Bhusawal,Manipur,India,2023-07-02
CUST08058,Ucchal Sami,Female,zansimurty@example.com,7982843293,Kanpur,Meghalaya,India,2024-09-06
CUST08059,Aadi Chandran,Male,fiyazsampath@example.org,5971625868,Ichalkaranji,Nagaland,India,2025-02-24
CUST08060,Kai Johal,Female,cagate@example.net,4080367861,Jehanabad,Chhattisgarh,India,2023-02-18
CUST08061,Faris Narayanan,Male,baradtriya@example.net,4112292922,Gorakhpur,Tamil Nadu,India,2024-01-02
CUST08062,Bhavika Zachariah,Male,raghavpanchal@example.com,7998493173,Kulti,Gujarat,India,2025-07-24
CUST08063,Lakshit Rao,Male,qdyal@example.org,1024812107,Tumkur,Punjab,India,2025-08-06
CUST08064,Anusha Behl,Female,prisharege@example.net,1554379393,Malda,Mizoram,India,2025-12-16
CUST08065,Daksha Gaba,Male,buchtriveni@example.com,1160570488,Erode,Manipur,India,2025-11-12
CUST08066,Ati Tank,Male,kavya47@example.org,8655634261,Guntakal,Uttar Pradesh,India,2023-09-03
CUST08067,Falguni Mohanty,Female,bhavani65@example.com,7230864109,Indore,Tripura,India,2026-05-04
CUST08068,Yashvi Sampath,Female,sarrafsaanvi@example.net,9906984437,Kishanganj,Goa,India,2023-07-22
CUST08069,Omya Walla,Female,rdhillon@example.org,2672598872,Mango,Nagaland,India,2022-12-19
CUST08070,Neel Randhawa,Male,sahahemangini@example.com,6530731418,Visakhapatnam,Nagaland,India,2026-01-24
CUST08071,Nihal Sekhon,Male,urmijhaveri@example.net,8665423824,Khandwa,West Bengal,India,2021-10-25
CUST08072,Raagini Rattan,Male,abhirammistry@example.com,5236007221,Sri Ganganagar,Tamil Nadu,India,2023-08-13
CUST08073,Ansh Gole,Male,chandreshdash@example.com,6123470515,Srinagar,Assam,India,2021-07-28
CUST08074,Onveer Manda,Male,frederick47@example.org,3354232436,Silchar,Andhra Pradesh,India,2023-01-05
CUST08075,Liam Kothari,Female,rchatterjee@example.com,5944676082,Delhi,Tamil Nadu,India,2025-10-20
CUST08076,Gabriel Pandit,Male,advaithkapadia@example.com,4078982390,Junagadh,Haryana,India,2024-11-11
CUST08077,Aayush Nadig,Female,ogill@example.net,0672677271,Coimbatore,Jharkhand,India,2023-04-01
CUST08078,Lekha Muni,Female,vasatikakeer@example.net,6534243654,Bhiwandi,Bihar,India,2023-11-18
CUST08079,Farhan Wable,Male,eravi@example.org,5804399114,Bhilwara,Manipur,India,2025-08-15
CUST08080,Ucchal Yogi,Female,qpandey@example.org,3198785581,Shimla,Maharashtra,India,2025-03-09
CUST08081,Orinder Shan,Female,sinhaekiya@example.org,4410966067,Motihari,Telangana,India,2023-09-29
CUST08082,Bakhshi Nigam,Female,cchawla@example.com,8133847300,Chennai,Arunachal Pradesh,India,2021-11-24
CUST08083,Isaac Dar,Male,morarfarhan@example.net,0308133168,Pondicherry,Goa,India,2024-09-18
CUST08084,Arin Manne,Female,parikhvrinda@example.com,6479485549,Phagwara,Himachal Pradesh,India,2024-09-21
CUST08085,Lucky Balay,Male,kashyapkiaan@example.com,1594098773,Anand,Punjab,India,2025-02-10
CUST08086,Alka Rege,Male,elijah63@example.com,5477996479,Amravati,Bihar,India,2023-08-23
CUST08087,Siddharth Kulkarni,Male,vyadav@example.com,3497441506,Bidhannagar,Tripura,India,2025-01-02
CUST08088,Sai Gaba,Male,wchacko@example.com,7091944210,Panchkula,Jharkhand,India,2024-06-07
CUST08089,Ishanvi Ganesh,Female,nidrakhare@example.com,9340444888,Erode,Punjab,India,2021-12-25
CUST08090,Jagat Rana,Male,sahaomisha@example.net,3541556089,Warangal,Arunachal Pradesh,India,2023-03-30
CUST08091,Liam Ranganathan,Female,yasti72@example.com,4208309151,Ahmednagar,Himachal Pradesh,India,2026-01-17
CUST08092,Irya Om,Female,tanmayi44@example.net,4337101070,Meerut,Mizoram,India,2023-08-07
CUST08093,Ikshita Sethi,Female,samuel26@example.net,1920012526,Nanded,West Bengal,India,2021-09-30
CUST08094,Udant Manda,Male,chaudhuriucchal@example.com,6123284050,Ujjain,Himachal Pradesh,India,2022-04-26
CUST08095,Nisha Subramanian,Male,hemangsaxena@example.net,3199158259,Ranchi,Maharashtra,India,2026-04-19
CUST08096,Yadavi Kapoor,Male,manbirkashyap@example.org,9644633478,Satna,Sikkim,India,2021-12-09
CUST08097,Jacob Goda,Female,hsachdev@example.org,4240785020,Rohtak,Chhattisgarh,India,2026-02-09
CUST08098,Charita Jain,Male,msaran@example.com,8142751481,Faridabad,Arunachal Pradesh,India,2023-10-08
CUST08099,Tamanna Iyengar,Male,ganga80@example.net,6487155982,Dehri,Assam,India,2025-09-14
CUST08100,Lohit Sani,Male,parsapratyush@example.net,5687302011,Pimpri-Chinchwad,Kerala,India,2024-02-09
CUST08101,Varenya Gandhi,Male,arunimavarghese@example.com,5287206469,Madhyamgram,Mizoram,India,2022-08-13
CUST08102,Chasmum Nadig,Female,chaitaly54@example.org,1729633992,Morena,Karnataka,India,2026-03-07
CUST08103,Harish Gupta,Female,jmisra@example.net,6752245252,Dehri,Assam,India,2024-05-28
CUST08104,Jagvi Zacharia,Female,mmore@example.net,8211961196,Suryapet,Uttar Pradesh,India,2023-02-22
CUST08105,Lipika Lall,Male,omahajan@example.net,8854334315,Dindigul,Arunachal Pradesh,India,2021-08-09
CUST08106,Om Bhagat,Male,ddalal@example.org,0700314648,Madhyamgram,Chhattisgarh,India,2023-12-18
CUST08107,Omisha Chowdhury,Female,ebawa@example.net,5803331262,Naihati,Bihar,India,2024-11-05
CUST08108,Logan Kohli,Female,subramanianjagdish@example.com,9084064947,Katni,Himachal Pradesh,India,2024-06-10
CUST08109,Urmi Nadig,Male,dhilloneesha@example.com,2270629162,Hazaribagh,Nagaland,India,2026-05-20
CUST08110,Nandini Ganesh,Female,mnanda@example.com,8587227392,Giridih,Tamil Nadu,India,2024-01-07
CUST08111,Isha Gala,Female,alata@example.com,0655034126,Sultan Pur Majra,Himachal Pradesh,India,2021-10-23
CUST08112,Omkaar Mall,Female,reyansh78@example.net,4302952329,Anantapuram,Tamil Nadu,India,2025-02-11
CUST08113,Krisha Deshmukh,Male,vedant64@example.org,2904676064,Serampore,Chhattisgarh,India,2022-04-29
CUST08114,Jackson Hayre,Male,avnisabharwal@example.com,2686232185,Orai,Goa,India,2025-08-08
CUST08115,Rachit Brahmbhatt,Female,eesha56@example.com,0474705670,Alwar,Assam,India,2022-06-12
CUST08116,Priya Chauhan,Female,kamya07@example.org,7251853709,Dewas,Uttar Pradesh,India,2024-03-16
CUST08117,Wishi Sawhney,Male,gaurav20@example.net,9672432095,Thanjavur,Andhra Pradesh,India,2023-06-21
CUST08118,Kalpit Deep,Male,pparsa@example.net,4356794087,Amritsar,Arunachal Pradesh,India,2021-09-21
CUST08119,Pallavi Natt,Female,hredhaanvenkatesh@example.org,2459440500,Bardhaman,Tamil Nadu,India,2026-05-20
CUST08120,Eta Chad,Female,thomas17@example.com,0734829539,Latur,Jharkhand,India,2023-06-29
CUST08121,Falguni Pingle,Male,kbarman@example.org,1126423741,Vadodara,Andhra Pradesh,India,2022-10-30
CUST08122,Aarnav Sampath,Female,ishaankumer@example.org,6351008321,Danapur,Kerala,India,2023-02-26
CUST08123,Riya Thaker,Male,rushil93@example.org,0277590926,Katni,Tripura,India,2025-05-28
CUST08124,Om Raval,Male,udyati65@example.org,7774722736,Jehanabad,Uttar Pradesh,India,2026-02-02
CUST08125,Yadavi Wable,Male,isangha@example.net,7898039903,Vasai-Virar,Haryana,India,2024-12-21
CUST08126,Gaurika Bhat,Female,murthykritika@example.org,5021600474,Ludhiana,Chhattisgarh,India,2021-11-18
CUST08127,Onkar Tank,Male,yashicaiyer@example.com,1451089162,Vijayawada,Mizoram,India,2025-04-01
CUST08128,Balendra Mukherjee,Male,natarajanharish@example.org,9784156586,Gurgaon,Telangana,India,2025-08-15
CUST08129,Yasti Sagar,Female,gavinmani@example.net,9232151948,Mirzapur,Mizoram,India,2022-10-30
CUST08130,Anusha Panchal,Female,ychar@example.com,9376504219,Durgapur,Mizoram,India,2021-08-01
CUST08131,Nikita Chaudhari,Male,krishnandarika@example.org,2583113374,Ichalkaranji,West Bengal,India,2022-09-12
CUST08132,Daksha Batta,Female,takyadavi@example.net,4382481079,Agartala,Karnataka,India,2023-01-21
CUST08133,Yashasvi Nazareth,Female,bainscharles@example.org,8668507901,Varanasi,Kerala,India,2023-06-16
CUST08134,Kamya Kakar,Female,radhabasak@example.net,7728059094,Muzaffarnagar,Haryana,India,2022-08-01
CUST08135,Chatura Prabhakar,Male,yashawini34@example.com,8892639690,Karnal,Nagaland,India,2024-07-01
CUST08136,Dalbir Mukhopadhyay,Female,xdhingra@example.com,1449330227,Bahraich,Goa,India,2024-06-17
CUST08137,Arya Arya,Male,nitesh17@example.org,4307163899,Bettiah,Manipur,India,2025-07-30
CUST08138,Aarini Murthy,Male,tripathimohammed@example.org,5654886092,Hubli–Dharwad,Bihar,India,2025-12-03
CUST08139,Alka Ramachandran,Male,abhimanyukannan@example.org,4767770707,Farrukhabad,Andhra Pradesh,India,2022-10-15
CUST08140,Radha Karan,Female,hemakala@example.com,6213294367,Tirupati,Rajasthan,India,2022-05-21
CUST08141,Urishilla Srinivasan,Female,subramaniamdhruv@example.com,9320622347,Anand,Gujarat,India,2022-09-30
CUST08142,Upadhriti Bhatt,Female,yashodhararavi@example.net,4816841877,Solapur,Uttarakhand,India,2025-12-18
CUST08143,Chaitanya Parsa,Male,finnchandran@example.com,9631150773,Mahbubnagar,Arunachal Pradesh,India,2021-08-19
CUST08144,Anirudh Talwar,Female,sradhakrishnan@example.net,1843548880,Farrukhabad,Karnataka,India,2024-04-11
CUST08145,Daksha Batta,Female,tristansekhon@example.org,4356031471,Dewas,Bihar,India,2024-09-09
CUST08146,Gopal Saxena,Female,odika33@example.net,6033707425,New Delhi,Manipur,India,2025-10-17
CUST08147,Azaan Handa,Male,rajuchandresh@example.org,1144625174,Ratlam,Telangana,India,2024-02-04
CUST08148,Samarth Kaur,Male,kallaavi@example.org,8579407999,Panchkula,West Bengal,India,2024-12-02
CUST08149,Harish Trivedi,Male,okala@example.net,2554844267,Begusarai,Nagaland,India,2025-07-30
CUST08150,Sneha Sur,Male,soodalka@example.net,2318477730,Raurkela Industrial Township,Punjab,India,2022-09-25
CUST08151,Gabriel Sama,Female,krishsibal@example.org,4872630076,Vijayanagaram,Himachal Pradesh,India,2023-09-26
CUST08152,Laban Bhat,Female,rpandit@example.net,7514901926,Bhatpara,Kerala,India,2021-12-23
CUST08153,Oni Dada,Male,emalhotra@example.net,1177034075,Solapur,Jharkhand,India,2024-06-19
CUST08154,Viraj Trivedi,Male,sulerushil@example.net,9031155504,Raebareli,Haryana,India,2025-10-09
CUST08155,Jagdish Sharma,Female,xiti78@example.com,8703862990,Gwalior,Haryana,India,2022-11-29
CUST08156,Ikbal Srivastava,Female,ladligade@example.org,0625900428,Serampore,Karnataka,India,2022-04-28
CUST08157,Karan Borde,Male,qhari@example.org,8972781961,Baranagar,Bihar,India,2022-11-22
CUST08158,Max Lala,Male,gaurangi09@example.org,0575461202,Guna,Himachal Pradesh,India,2021-09-29
CUST08159,Hemangini Sabharwal,Male,adityacherian@example.net,9718223738,Aurangabad,Uttar Pradesh,India,2024-03-31
CUST08160,Gunbir Bal,Male,chaturasidhu@example.com,8877633405,Faridabad,Andhra Pradesh,India,2023-07-25
CUST08161,Meghana Naidu,Female,narasimhanchampak@example.org,0934535683,Hospet,Mizoram,India,2023-11-15
CUST08162,Ira Vala,Female,kibechandresh@example.org,0023563893,Bikaner,Sikkim,India,2022-02-06
CUST08163,Aditya Vig,Male,nitara71@example.net,2274449536,Raichur,Goa,India,2026-03-17
CUST08164,Megha Chandra,Female,varmaidika@example.org,8330073021,Saharsa,Nagaland,India,2022-11-13
CUST08165,Patrick Soni,Male,gangulylakshmi@example.com,3023889015,Varanasi,West Bengal,India,2024-11-11
CUST08166,Matthew Rajagopalan,Male,vuppal@example.org,6831483787,Bidar,Telangana,India,2022-08-06
CUST08167,Dayamai Sarna,Male,ukhalsa@example.org,6812154636,Panvel,Uttarakhand,India,2023-02-19
CUST08168,Ira Brar,Female,mahajanupadhriti@example.org,8675409577,Nadiad,Telangana,India,2026-02-24
CUST08169,Anthony Badami,Female,dvenkatesh@example.com,9333097772,Visakhapatnam,Punjab,India,2024-09-02
CUST08170,Riya Upadhyay,Male,bbora@example.com,0827328300,Kottayam,Gujarat,India,2026-03-04
CUST08171,Max Narayan,Female,shahyash@example.org,6667132723,Kishanganj,Tripura,India,2025-04-30
CUST08172,Ekta Shankar,Male,thomas85@example.net,1074898393,Rajkot,Goa,India,2025-02-26
CUST08173,Megha Gour,Female,caleb01@example.net,4752748022,Jamalpur,Manipur,India,2023-01-08
CUST08174,Owen Barman,Male,kashvichanda@example.com,5369399414,Akola,Odisha,India,2026-02-05
CUST08175,Manya Prakash,Female,harsh73@example.com,8315120762,Mahbubnagar,Telangana,India,2021-10-15
CUST08176,Raksha Bajaj,Male,okhatri@example.com,5030566381,Panipat,Madhya Pradesh,India,2026-07-03
CUST08177,Jacob Memon,Male,kiaanmammen@example.com,1224866483,Dindigul,Gujarat,India,2023-04-25
CUST08178,Azaan Chokshi,Male,kothariaadi@example.org,1199765952,Kamarhati,Andhra Pradesh,India,2026-07-01
CUST08179,Umang Anand,Female,sarinijaya@example.net,0488888593,Khandwa,Odisha,India,2022-05-30
CUST08180,Bhavini Mohanty,Female,hthakur@example.net,3562770690,Jalna,Tripura,India,2023-03-09
CUST08181,Lopa Batta,Male,harshilkaur@example.org,0746523687,Tiruchirappalli,Kerala,India,2022-10-13
CUST08182,Wyatt Mody,Male,ijayabarman@example.com,6557622348,Aizawl,Tripura,India,2025-05-01
CUST08183,Simon Kapoor,Female,leelalall@example.net,5517521088,Arrah,Tripura,India,2023-11-02
CUST08184,Finn Sathe,Female,leena93@example.com,2718522862,Chandrapur,Kerala,India,2024-09-02
CUST08185,Indrajit Thaker,Male,gaurang03@example.org,3957249705,Satna,Arunachal Pradesh,India,2025-06-30
CUST08186,Megha Buch,Female,faraj34@example.com,3523885333,Lucknow,Arunachal Pradesh,India,2021-09-23
CUST08187,Mekhala Dora,Female,cpradhan@example.net,7412944180,Nadiad,Odisha,India,2024-05-13
CUST08188,Azad Gala,Female,achandran@example.com,1286649596,Anand,Himachal Pradesh,India,2022-04-01
CUST08189,Jagdish Dyal,Male,batrautkarsh@example.net,8077087893,Vellore,Odisha,India,2025-05-28
CUST08190,Anirudh Narasimhan,Male,fkoshy@example.com,3625385830,Rajahmundry,Jharkhand,India,2025-03-16
CUST08191,Kashish Dora,Male,senguptaekani@example.net,8317742240,Nashik,Mizoram,India,2026-07-14
CUST08192,Ekaja Sagar,Female,sachdevbaljiwan@example.net,9935960716,Buxar,Haryana,India,2023-03-08
CUST08193,Bhavini Chaudhry,Male,akshay17@example.net,6744688774,Singrauli,Karnataka,India,2023-11-07
CUST08194,Kamala Iyer,Male,sahadeepa@example.org,9351790584,Muzaffarnagar,Andhra Pradesh,India,2023-08-22
CUST08195,Neha Shroff,Female,savantaarnav@example.com,6184171976,Loni,Sikkim,India,2023-01-07
CUST08196,Faqid Mangal,Female,mnazareth@example.org,1519262099,Allahabad,Sikkim,India,2024-04-25
CUST08197,Zarna Kant,Male,kbhakta@example.org,4939748808,Berhampur,Madhya Pradesh,India,2024-03-29
CUST08198,Andrew Gole,Female,chokshisai@example.org,3524984067,Miryalaguda,Telangana,India,2024-07-30
CUST08199,Reyansh Kuruvilla,Male,yochanabora@example.com,5913141431,Sangli-Miraj & Kupwad,Madhya Pradesh,India,2022-07-27
CUST08200,Amol Mane,Male,yatanbalay@example.org,1680886268,Guna,Haryana,India,2023-06-15
CUST08201,Xalak Ghosh,Male,diptasuri@example.org,6536370644,Maheshtala,Arunachal Pradesh,India,2025-07-18
CUST08202,Sarthak Lall,Male,omvenkataraman@example.com,4264690876,Tadepalligudem,Maharashtra,India,2024-01-24
CUST08203,Ishanvi Merchant,Male,chandani54@example.net,1585334990,Hazaribagh,Mizoram,India,2023-01-18
CUST08204,Chakradev Mahal,Female,zrajagopal@example.org,5008180034,Kishanganj,Karnataka,India,2021-12-12
CUST08205,Tristan Chadha,Female,ubikaseshadri@example.net,7055152765,Sikar,Rajasthan,India,2022-09-03
CUST08206,Arya Kurian,Female,shroffvarenya@example.org,5985978895,Rourkela,Nagaland,India,2023-01-02
CUST08207,Henry Manda,Male,khalsakalpit@example.net,2566301998,Karawal Nagar,Karnataka,India,2023-03-08
CUST08208,Samarth Chacko,Male,bhattiimaran@example.com,6891457195,Patiala,Himachal Pradesh,India,2025-05-24
CUST08209,Jagrati Mammen,Female,ishaanbawa@example.org,5238442979,Amravati,West Bengal,India,2024-03-31
CUST08210,Suhani Khurana,Female,christopherchander@example.com,6910413548,Shivpuri,Punjab,India,2021-11-25
CUST08211,Nidra Raval,Male,csagar@example.org,8591469663,Raichur,Jharkhand,India,2025-12-13
CUST08212,Chakradev Menon,Male,upmakonda@example.org,2723663816,Arrah,Jharkhand,India,2024-01-15
CUST08213,Vrinda Subramanian,Male,shenoysiddharth@example.org,9282035725,Silchar,Assam,India,2024-04-15
CUST08214,Matthew Majumdar,Female,saumya61@example.org,7767058123,Nangloi Jat,Jharkhand,India,2022-04-21
CUST08215,Triveni Sethi,Female,amol63@example.com,1160942283,Tinsukia,Chhattisgarh,India,2024-04-25
CUST08216,Advaith Singhal,Male,zayanratti@example.org,7071035348,Warangal,Sikkim,India,2024-01-30
CUST08217,Laksh Saraf,Male,nathan00@example.com,9640791100,Siliguri,Himachal Pradesh,India,2023-12-02
CUST08218,Qabil Krishnan,Male,badamifaras@example.com,9577961623,Sagar,Bihar,India,2026-04-12
CUST08219,Tarak Arora,Male,mborde@example.com,6328701913,Bareilly,Manipur,India,2024-08-18
CUST08220,Samar Basak,Female,pkumar@example.net,0494690135,Raurkela Industrial Township,Haryana,India,2021-08-18
CUST08221,Girindra Bhardwaj,Female,robertmammen@example.net,2195001492,Howrah,Jharkhand,India,2022-08-09
CUST08222,Maanav Ramakrishnan,Female,sanisudiksha@example.com,2831228236,Guntur,Madhya Pradesh,India,2023-05-07
CUST08223,Lavanya Doshi,Male,qkhatri@example.net,6770753684,Bhagalpur,Tripura,India,2026-06-20
CUST08224,Tamanna Jani,Female,liambobal@example.com,2132717933,Belgaum,Kerala,India,2026-07-20
CUST08225,Lakshit Ramesh,Female,dominic20@example.com,4833146609,Navi Mumbai,Haryana,India,2021-09-22
CUST08226,Madhav Sankaran,Male,harshlal@example.com,9159722866,Kavali,Uttar Pradesh,India,2023-10-01
CUST08227,Chandresh Rajagopalan,Male,ojohal@example.org,5592149716,Asansol,Nagaland,India,2022-01-20
CUST08228,Netra Khurana,Male,sdalia@example.com,7987964343,Kulti,Odisha,India,2021-11-23
CUST08229,Advaith Kohli,Female,mallickkiaan@example.net,9204788115,Anantapur,Maharashtra,India,2025-04-14
CUST08230,Chaaya Apte,Female,akeer@example.net,5433810207,Kolkata,Kerala,India,2024-01-07
CUST08231,Ekapad Kumer,Male,ckade@example.net,9320912775,Panihati,Chhattisgarh,India,2024-06-20
CUST08232,Chatura Hari,Female,singhaldarpan@example.org,4718993179,Panihati,Jharkhand,India,2026-01-03
CUST08233,Hamsini Nagi,Male,vyanjanaagarwal@example.com,3521940755,Kollam,Mizoram,India,2022-12-09
CUST08234,Max Tailor,Male,mahika66@example.org,9882126741,Jalna,Tamil Nadu,India,2025-07-24
CUST08235,Jeremiah Narain,Female,atharv33@example.org,2350158776,Davanagere,Telangana,India,2024-04-10
CUST08236,Jhalak Mutti,Male,nimrat28@example.com,1886866590,Anantapur,Haryana,India,2024-08-28
CUST08237,Teerth Bala,Male,narayananrudra@example.org,6399005207,Pune,Tamil Nadu,India,2023-11-17
CUST08238,Fitan Khalsa,Female,tailoryauvani@example.org,0760551690,Tiruvottiyur,West Bengal,India,2021-07-23
CUST08239,Anmol Ramachandran,Female,owenoza@example.com,8279899301,Jehanabad,Punjab,India,2025-11-05
CUST08240,Udarsh Nath,Female,hnazareth@example.org,7781815114,Parbhani,Uttarakhand,India,2024-03-17
CUST08241,Faris Dugar,Female,sridharunni@example.net,5497603047,New Delhi,Madhya Pradesh,India,2023-02-25
CUST08242,Lakshit Mani,Male,rbadal@example.com,6594753796,Hazaribagh,Goa,India,2024-06-16
CUST08243,Vamakshi Bala,Male,tanmayisen@example.org,4028740781,Adoni,Uttarakhand,India,2026-01-07
CUST08244,Arjun Sangha,Male,dalaja93@example.com,6905045880,Guntakal,Assam,India,2024-04-28
CUST08245,Zashil Chatterjee,Male,vedika39@example.org,3171574285,Hosur,West Bengal,India,2023-05-09
CUST08246,Ekaraj Kulkarni,Male,dubeekansh@example.com,7981161415,Katihar,Telangana,India,2023-02-25
CUST08247,Yashasvi Manda,Female,suhanivarughese@example.com,3728549286,Shimoga,Himachal Pradesh,India,2022-03-18
CUST08248,Nidhi Deep,Male,champakhora@example.net,6010373607,Malda,Telangana,India,2024-07-31
CUST08249,Anita Khosla,Female,devikajain@example.net,3455267741,Dibrugarh,Arunachal Pradesh,India,2025-07-21
CUST08250,Zilmil Balasubramanian,Male,brindanarain@example.org,0023824025,Bhilai,Himachal Pradesh,India,2024-06-13
CUST08251,Agastya Parekh,Male,sara55@example.net,8185944505,Srikakulam,Punjab,India,2024-05-09
CUST08252,Ayushman Kamdar,Male,bordechatura@example.net,2192469635,Bhalswa Jahangir Pur,Gujarat,India,2022-02-21
CUST08253,Girish Bhatt,Female,dmukherjee@example.com,9794986448,Erode,Chhattisgarh,India,2023-03-08
CUST08254,Agastya Kannan,Male,gbhavsar@example.net,6405816143,Maheshtala,Uttar Pradesh,India,2025-04-22
CUST08255,Sai Ghose,Female,wchaudhari@example.com,2802286167,Bhind,Uttarakhand,India,2023-07-03
CUST08256,Kashvi Grover,Male,aarini31@example.com,9924539827,Jammu,Tripura,India,2023-02-14
CUST08257,Aarush Zachariah,Male,soodfinn@example.net,4604168489,Rourkela,Telangana,India,2024-01-17
CUST08258,Amruta Sami,Male,diyasachdeva@example.net,4674367284,Bharatpur,Arunachal Pradesh,India,2023-11-18
CUST08259,Chanchal Kale,Female,hredhaan24@example.com,7480043282,Suryapet,West Bengal,India,2024-10-21
CUST08260,Pahal Dhingra,Male,masonoommen@example.com,5985833687,Vadodara,Manipur,India,2024-12-23
CUST08261,Balvan Sinha,Male,keerlaksh@example.com,7368056912,Gwalior,Nagaland,India,2022-01-10
CUST08262,Chaitanya Zacharia,Female,jeet28@example.com,5196562201,Jorhat,Arunachal Pradesh,India,2026-05-21
CUST08263,Dominic Barad,Female,kritika75@example.com,5471473991,Yamunanagar,Manipur,India,2022-02-12
CUST08264,Yashasvi Nigam,Male,palanvictor@example.net,1883857607,Kozhikode,Tripura,India,2022-03-14
CUST08265,Qasim Kunda,Female,sbutala@example.com,6647612191,Danapur,Haryana,India,2025-03-17
CUST08266,Yatin Mane,Male,cmutti@example.com,0541084138,Mirzapur,Chhattisgarh,India,2026-03-17
CUST08267,Jagdish Tata,Male,lkrishna@example.org,0045732365,Sultan Pur Majra,Kerala,India,2026-02-26
CUST08268,Jacob Lala,Female,daksh33@example.net,7130375946,Morena,Gujarat,India,2024-03-26
CUST08269,Xalak Sen,Female,vigamrita@example.net,3209094167,Farrukhabad,Chhattisgarh,India,2025-11-29
CUST08270,Falguni Sharaf,Female,peter42@example.net,4992188085,Uluberia,Gujarat,India,2026-03-27
CUST08271,Osha Baria,Female,qsem@example.net,4176431534,Vasai-Virar,Gujarat,India,2022-04-20
CUST08272,Manya Majumdar,Female,jeetkrish@example.org,8840580463,Agra,Bihar,India,2023-02-12
CUST08273,Maya Sachar,Male,labansachar@example.org,8853083554,Morena,Kerala,India,2026-01-01
CUST08274,Abha Mittal,Female,unadig@example.org,1231992959,Aurangabad,Punjab,India,2022-08-09
CUST08275,Mohini Suresh,Female,gaurangi42@example.org,0654846062,Rampur,Rajasthan,India,2024-01-05
CUST08276,Dayita Mutti,Male,quincy79@example.net,7749615325,Jabalpur,Telangana,India,2025-06-03
CUST08277,Vivaan Gill,Male,csharaf@example.com,6301194993,Cuttack,Tamil Nadu,India,2023-05-16
CUST08278,Kamya Johal,Male,raghav97@example.org,7762756643,Malegaon,Odisha,India,2024-02-17
CUST08279,Anita Swaminathan,Female,chaudharygaurika@example.net,9334354344,Akola,Sikkim,India,2023-05-26
CUST08280,Janani Butala,Male,odikagoyal@example.org,2959192712,Kharagpur,Uttar Pradesh,India,2025-03-18
CUST08281,Nirja Loke,Male,adyasarin@example.com,7832813436,Serampore,Assam,India,2023-11-28
CUST08282,Rachit Borra,Male,vohraharsh@example.net,9724966970,Surat,Manipur,India,2024-09-29
CUST08283,Meera Kapadia,Female,aadisagar@example.com,7524138512,Chinsurah,Jharkhand,India,2026-04-29
CUST08284,Anjali Acharya,Male,ranganathanfalan@example.net,9390729681,Sagar,Bihar,India,2024-09-13
CUST08285,Tamanna Shetty,Female,chhabrafiyaz@example.com,7632457569,Nagpur,Punjab,India,2022-01-14
CUST08286,Aishani Vasa,Female,yashvi56@example.com,5707058798,Bhusawal,Punjab,India,2025-09-25
CUST08287,Avni Butala,Female,bsura@example.org,3903198960,Bhilwara,Haryana,India,2023-08-22
CUST08288,Bhanumati Mani,Female,gautamiwalia@example.org,8643176245,Saharanpur,Manipur,India,2023-10-06
CUST08289,Aishani Sawhney,Male,baghyawatisur@example.com,8728564030,Rajahmundry,Andhra Pradesh,India,2024-01-09
CUST08290,Chaaya Sami,Female,bahadurjit43@example.org,2795764386,Panchkula,Maharashtra,India,2024-05-10
CUST08291,Max Roy,Female,nilima60@example.org,1318311128,Dhanbad,Maharashtra,India,2025-08-06
CUST08292,Adya Borah,Male,rehaanchauhan@example.com,7322038863,Visakhapatnam,Uttar Pradesh,India,2022-04-21
CUST08293,Yauvani Tandon,Female,faqidbajaj@example.org,6314207385,Kumbakonam,Manipur,India,2024-11-02
CUST08294,Noah Sethi,Female,khoslabakhshi@example.org,3839127407,Jaipur,Uttar Pradesh,India,2025-07-21
CUST08295,Henry Sule,Female,utella@example.org,4378675474,Aizawl,West Bengal,India,2022-03-30
CUST08296,Aradhana Dhar,Male,sachdevadeepa@example.com,6977094022,Rohtak,Gujarat,India,2023-07-30
CUST08297,Balhaar Mitter,Male,dixitwarjas@example.net,7856767374,Kottayam,Odisha,India,2023-11-14
CUST08298,Ria Mody,Female,hardikmohan@example.org,3155921498,Nagercoil,Andhra Pradesh,India,2026-01-29
CUST08299,Ekavir Krish,Female,gkhosla@example.net,0550430028,Sangli-Miraj & Kupwad,Arunachal Pradesh,India,2025-03-06
CUST08300,Indali Chokshi,Male,tnayar@example.net,4777574894,Tiruvottiyur,Haryana,India,2023-05-18
CUST08301,Omisha Saxena,Female,jsinha@example.org,1567272502,Serampore,Bihar,India,2022-03-23
CUST08302,Aayush Kade,Male,ojasvi21@example.org,8744496108,Vijayanagaram,Haryana,India,2023-09-15
CUST08303,Jackson Sehgal,Male,azaan81@example.com,0962057723,Bhagalpur,Tripura,India,2026-06-23
CUST08304,Jalsa Chaudhry,Female,nikitazachariah@example.org,0650089330,Mathura,Arunachal Pradesh,India,2025-04-14
CUST08305,Lopa Keer,Female,alexander75@example.com,0429342263,Karawal Nagar,Odisha,India,2026-05-21
CUST08306,Dayita Borah,Female,barkha82@example.org,9941133779,Chinsurah,Odisha,India,2025-12-09
CUST08307,Chavvi Chanda,Male,pahalmammen@example.net,9495207218,Nangloi Jat,Andhra Pradesh,India,2023-10-14
CUST08308,Jai Mahal,Male,sanya42@example.net,0883091487,Bharatpur,Sikkim,India,2024-05-01
CUST08309,Jai Raj,Male,vohraanya@example.com,0465312824,Saharanpur,Telangana,India,2023-02-15
CUST08310,Sathvik Raj,Male,harinakshizachariah@example.org,7914747124,Gorakhpur,Assam,India,2022-02-04
CUST08311,Aarini Wable,Female,badamisanaya@example.com,0175593173,Solapur,Nagaland,India,2025-12-29
CUST08312,Ojasvi Jayaraman,Male,samarth03@example.net,7073753609,Mysore,Mizoram,India,2021-10-20
CUST08313,Raghav Lad,Male,jananidatta@example.net,8031842176,Jamalpur,West Bengal,India,2023-06-01
CUST08314,Yashawini Golla,Female,muttijagrati@example.org,3326412034,Bidar,Madhya Pradesh,India,2025-07-11
CUST08315,Zashil Oza,Female,tanveerbawa@example.com,7307809682,Imphal,Madhya Pradesh,India,2022-01-10
CUST08316,Shaurya Krishna,Female,tailoryasti@example.com,9561155001,Bhatpara,Tamil Nadu,India,2021-07-23
CUST08317,Lakshmi Biswas,Male,tellajairaj@example.net,0791021265,Varanasi,Manipur,India,2025-03-31
CUST08318,Daksha Borah,Female,chakrika51@example.org,1713706007,Mira-Bhayandar,Punjab,India,2024-05-10
CUST08319,Faris Rau,Male,dbansal@example.com,8753255634,Anantapuram,Mizoram,India,2023-04-07
CUST08320,Eesha Kara,Female,harsh60@example.com,9920602738,Sultan Pur Majra,Maharashtra,India,2022-04-07
CUST08321,Kritika Gokhale,Female,ommahal@example.com,4011211572,Unnao,Chhattisgarh,India,2025-07-26
CUST08322,Balveer Bhakta,Male,karimanan@example.net,2195554057,Lucknow,Rajasthan,India,2026-07-12
CUST08323,Lakshit Sem,Male,oeshikaur@example.net,2464102001,Chandigarh,Himachal Pradesh,India,2022-06-18
CUST08324,Karan Patla,Female,eiravati77@example.net,8317100847,Guna,Manipur,India,2023-05-20
CUST08325,Zarna Kashyap,Female,lavanyachoudhury@example.org,9150206854,Amaravati,Nagaland,India,2024-10-30
CUST08326,Dalbir Sarma,Male,qvenkatesh@example.net,5487595200,Guwahati,Arunachal Pradesh,India,2022-06-05
CUST08327,Advaith Arora,Male,gautamipalla@example.org,8996669535,Bulandshahr,Maharashtra,India,2021-09-20
CUST08328,Tanay Madan,Female,kapooraarush@example.net,4321071116,Amritsar,Punjab,India,2021-10-13
CUST08329,Yatan Chahal,Male,nagyomya@example.net,9708909453,Ghaziabad,Rajasthan,India,2022-11-30
CUST08330,Baljiwan Kant,Female,qadimpuri@example.com,4400982583,Tirunelveli,Rajasthan,India,2022-05-24
CUST08331,Ishwar Sarkar,Female,agarwaladya@example.net,3843882857,Avadi,Goa,India,2025-10-10
CUST08332,Zashil Sharma,Female,walihemani@example.com,3279970235,Panvel,Tripura,India,2022-02-23
CUST08333,Ayaan Reddy,Male,zmukhopadhyay@example.org,6976184557,Kalyan-Dombivli,Tamil Nadu,India,2024-11-23
CUST08334,Dayamai Butala,Female,hema71@example.net,8518455619,Bhopal,Jharkhand,India,2024-03-10
CUST08335,Yatin Panchal,Female,alkagoswami@example.net,3033438254,New Delhi,Gujarat,India,2022-07-12
CUST08336,Abeer Wali,Male,aadi46@example.org,9600699054,Barasat,Himachal Pradesh,India,2024-03-12
CUST08337,Kai Dyal,Male,widishalad@example.net,4781441310,Loni,Andhra Pradesh,India,2025-08-08
CUST08338,Qushi Edwin,Male,meera55@example.org,6889839351,Proddatur,West Bengal,India,2021-09-29
CUST08339,Vinaya Rastogi,Male,gadegaurika@example.org,0383274633,Tadipatri,Kerala,India,2023-11-12
CUST08340,Falak Chaudry,Male,aishanikaur@example.com,7490483872,Rajahmundry,Karnataka,India,2025-07-20
CUST08341,Madhavi Soman,Male,dhingraeshana@example.net,3010068857,Tenali,Bihar,India,2025-05-28
CUST08342,Vamakshi Ramachandran,Female,rachitayohannan@example.net,5649257440,Fatehpur,Andhra Pradesh,India,2024-08-19
CUST08343,Mitali Bhatia,Male,rameshlaksh@example.org,5845202163,Hindupur,Mizoram,India,2024-12-20
CUST08344,Champak Bajaj,Female,chhabranisha@example.org,5592694531,Bardhaman,Uttarakhand,India,2026-04-21
CUST08345,Jacob Purohit,Male,saniyauvani@example.org,0795886268,Barasat,Maharashtra,India,2024-11-29
CUST08346,Balendra Panchal,Male,kapurbaghyawati@example.com,4927402639,Pimpri-Chinchwad,Arunachal Pradesh,India,2025-04-30
CUST08347,Qabil Tiwari,Female,kjoshi@example.net,0877131409,Gandhinagar,Gujarat,India,2023-02-24
CUST08348,Anya Rajagopalan,Male,bhavika95@example.com,5501056166,Surendranagar Dudhrej,Sikkim,India,2026-05-18
CUST08349,Anita Kalita,Female,slad@example.net,1985351078,Avadi,Arunachal Pradesh,India,2021-12-31
CUST08350,Ekanta Grover,Male,bhatnagardayita@example.net,7347572989,Munger,Sikkim,India,2024-10-28
CUST08351,Vedika Majumdar,Female,ldoshi@example.org,9457477505,Singrauli,Himachal Pradesh,India,2025-06-08
CUST08352,Gayathri Mandal,Female,vaishnavisane@example.org,6553052662,Howrah,Sikkim,India,2026-05-11
CUST08353,Yashodhara Verma,Female,cmalhotra@example.org,7919564885,Kumbakonam,Karnataka,India,2023-09-03
CUST08354,Yatin Sheth,Female,farhanmand@example.com,1877621149,Bareilly,Meghalaya,India,2024-06-16
CUST08355,Banjeet Batta,Male,triptikumer@example.net,6175045934,Sambalpur,Tamil Nadu,India,2025-10-14
CUST08356,Ekani Mannan,Female,krishna80@example.com,7851384897,Latur,Goa,India,2025-03-01
CUST08357,Qabil Varty,Female,devansh98@example.net,7902081429,Unnao,Haryana,India,2025-05-10
CUST08358,Divya Bala,Male,williamchakrabarti@example.com,9133375477,Bhubaneswar,Sikkim,India,2021-08-28
CUST08359,Zinal Dara,Female,ladlisangha@example.com,2443854797,Tirupati,Assam,India,2023-10-14
CUST08360,Bhavya Pall,Female,elijah69@example.com,4245807420,Visakhapatnam,Telangana,India,2022-05-05
CUST08361,Chasmum Jha,Female,wahab72@example.org,9514312886,Rewa,Mizoram,India,2023-04-22
CUST08362,Max Malhotra,Female,ranganathansanaya@example.com,7468209378,Kakinada,Madhya Pradesh,India,2023-05-03
CUST08363,Idika Shenoy,Female,kamyadara@example.org,6735129207,Latur,Goa,India,2026-04-02
CUST08364,Wridesh Vasa,Male,shethavni@example.net,2625201992,Nagpur,Gujarat,India,2025-02-17
CUST08365,Janya Swaminathan,Female,ahluwaliacharita@example.org,8155955233,Tezpur,Arunachal Pradesh,India,2024-11-11
CUST08366,Irya Doshi,Female,banjeet10@example.net,4459838109,Naihati,Rajasthan,India,2025-03-12
CUST08367,Nitesh Upadhyay,Male,siddharth96@example.net,8218815789,South Dumdum,West Bengal,India,2025-10-13
CUST08368,Anamika Kara,Male,nsavant@example.org,8875480654,Kottayam,Meghalaya,India,2024-06-20
CUST08369,Vansha Butala,Female,anjalibadami@example.net,9475043022,Cuttack,Andhra Pradesh,India,2024-09-25
CUST08370,Atharv Parmar,Female,gauravchoudhry@example.net,6996036968,Naihati,Telangana,India,2025-02-22
CUST08371,Dakshesh Modi,Male,naksh35@example.com,5965442388,Bhiwandi,Sikkim,India,2026-05-29
CUST08372,Ayushman Issac,Female,dharamrita@example.net,5916142421,Kota,Arunachal Pradesh,India,2025-08-18
CUST08373,Tanmayi Jayaraman,Male,yatanray@example.net,9161594439,Erode,Maharashtra,India,2021-09-10
CUST08374,Robert Shroff,Female,sgill@example.net,6095062833,Parbhani,Jharkhand,India,2023-04-14
CUST08375,Om Bhargava,Female,farajkaur@example.com,8740904373,Vasai-Virar,Chhattisgarh,India,2026-02-22
CUST08376,Krishna Wadhwa,Male,msundaram@example.org,2412695679,Panipat,Kerala,India,2024-12-12
CUST08377,Falak Basak,Male,jagat20@example.net,6272921867,Rourkela,Punjab,India,2026-05-31
CUST08378,Forum Gill,Female,djain@example.org,4191518072,Davanagere,Nagaland,India,2025-12-18
CUST08379,Yashawini Thakkar,Male,sekhonwridesh@example.net,5616981476,Bhind,Meghalaya,India,2025-04-19
CUST08380,Nilima Chandra,Female,sarrafbahadurjit@example.net,2881128221,Noida,Madhya Pradesh,India,2024-02-12
CUST08381,Mitesh Ravi,Female,zaitradhar@example.com,7196812103,Eluru,Maharashtra,India,2025-06-13
CUST08382,Lipika Sahni,Female,warrioralka@example.net,1468795154,Bidhannagar,Sikkim,India,2022-02-25
CUST08383,Vaishnavi Wason,Male,unni12@example.com,6939302831,Mangalore,Tamil Nadu,India,2022-02-09
CUST08384,Devika Chand,Male,dugaranjali@example.com,6322933047,Berhampur,Rajasthan,India,2026-05-07
CUST08385,Yatin Sastry,Male,wreddy@example.net,4001730227,Pudukkottai,Punjab,India,2023-07-14
CUST08386,Hiral Sagar,Female,vaishnavi66@example.net,1071926984,Bangalore,West Bengal,India,2024-05-28
CUST08387,Ranbir Pradhan,Male,srinivasjeet@example.org,9274641893,Agra,Kerala,India,2021-10-01
CUST08388,Oviya Gaba,Female,nachiket56@example.com,2154380517,Pimpri-Chinchwad,Uttarakhand,India,2024-01-02
CUST08389,Turvi Dora,Male,sneha50@example.com,3238602823,Raebareli,West Bengal,India,2025-03-19
CUST08390,Yuvraj Naik,Male,meghanadhingra@example.net,3172624407,Hyderabad,Rajasthan,India,2026-03-23
CUST08391,Samesh Shukla,Male,chadaekapad@example.com,8630260163,Dharmavaram,Andhra Pradesh,India,2022-08-31
CUST08392,Jairaj Pradhan,Male,vanyaapte@example.com,3932867120,Siliguri,Arunachal Pradesh,India,2023-05-07
CUST08393,Damyanti Srinivasan,Male,zinalraj@example.org,9542734490,Kollam,Odisha,India,2022-02-17
CUST08394,Ishani Kapadia,Male,ishitaprasad@example.net,8595414302,Patna,Maharashtra,India,2023-02-13
CUST08395,Ishanvi Bansal,Female,uppalarjun@example.org,3900780668,Ichalkaranji,Sikkim,India,2025-06-25
CUST08396,Jatin Varma,Female,narainkashish@example.net,7474536149,Tinsukia,Mizoram,India,2025-08-05
CUST08397,Brijesh Raj,Male,olivermall@example.net,6656960577,Patna,Madhya Pradesh,India,2025-03-26
CUST08398,Rehaan Dara,Male,cbail@example.com,6049267227,Gurgaon,Gujarat,India,2024-12-13
CUST08399,Vritti Pradhan,Male,bordeayushman@example.com,1809721589,Haridwar,Haryana,India,2022-02-08
CUST08400,Eiravati Agate,Male,murtychameli@example.net,8969533691,Bellary,Karnataka,India,2023-06-10
CUST08401,Theodore Char,Female,urishillaramakrishnan@example.com,4083675795,Dewas,West Bengal,India,2025-09-04
CUST08402,Faris Varty,Female,triya56@example.org,1757984585,Tezpur,Meghalaya,India,2022-12-01
CUST08403,Hema Sethi,Female,mmohan@example.net,6592058552,Amroha,Maharashtra,India,2024-09-18
CUST08404,Gaurika Koshy,Male,merchantmaya@example.net,9506692160,Kavali,Rajasthan,India,2024-02-26
CUST08405,Abhimanyu Morar,Female,padmanabhandarpan@example.net,1540730362,Jammu,Chhattisgarh,India,2022-01-31
CUST08406,Patrick Verma,Female,ctandon@example.com,2585026495,Hapur,Assam,India,2024-05-15
CUST08407,Chandresh Dube,Male,bhatnagardarika@example.org,6280384881,Jamshedpur,Telangana,India,2025-01-04
CUST08408,Arin Choudhry,Male,bhargavadayamai@example.net,4667315744,Rewa,Meghalaya,India,2026-01-18
CUST08409,Zayan Bajwa,Female,rrajagopal@example.net,2197507972,Bharatpur,Punjab,India,2022-08-18
CUST08410,Faqid Saini,Male,mohinidar@example.com,3873085553,Mumbai,Arunachal Pradesh,India,2023-01-26
CUST08411,Waida Ramaswamy,Female,rishi54@example.org,5345965638,Bhopal,West Bengal,India,2021-09-20
CUST08412,Nakul Taneja,Female,wahabprabhakar@example.com,8897543457,Thanjavur,Odisha,India,2023-10-29
CUST08413,Naksh Mammen,Female,brijeshvala@example.org,9248155448,Gorakhpur,Madhya Pradesh,India,2021-10-01
CUST08414,Aarush Dasgupta,Male,bhavsarupadhriti@example.com,8033451745,Bilaspur,Haryana,India,2021-12-18
CUST08415,Yashawini Cherian,Female,syadav@example.net,5121401467,Navi Mumbai,Gujarat,India,2022-09-21
CUST08416,Gaurika Puri,Male,zansiom@example.net,8150585901,Madurai,Meghalaya,India,2021-11-21
CUST08417,Jackson Nadig,Female,bakshiisaac@example.net,3032567535,Ahmednagar,Andhra Pradesh,India,2025-10-29
CUST08418,Harita Bal,Female,ayush55@example.com,4163321367,Singrauli,Arunachal Pradesh,India,2025-01-02
CUST08419,Jhalak Brahmbhatt,Female,neelima86@example.org,5691680973,Giridih,Madhya Pradesh,India,2025-07-20
CUST08420,Arin Kata,Male,vdave@example.org,5977502247,Raiganj,Bihar,India,2026-06-23
CUST08421,Finn Ganesh,Female,yashawinidar@example.org,1504466300,Begusarai,Uttarakhand,India,2023-08-01
CUST08422,Jeevika Bose,Male,borahlila@example.net,2217824460,Gudivada,Himachal Pradesh,India,2025-09-17
CUST08423,Yutika Bhattacharyya,Female,vasanakakar@example.com,5874036525,Sambhal,Mizoram,India,2023-05-21
CUST08424,Anamika Koshy,Female,manya95@example.net,1896447234,Ghaziabad,Uttar Pradesh,India,2023-02-25
CUST08425,Aryan Mangat,Male,sachi84@example.net,9332894098,Kozhikode,Odisha,India,2022-04-11
CUST08426,Madhav Natt,Female,tripti43@example.com,8287230216,Munger,Madhya Pradesh,India,2026-02-16
CUST08427,Guneet Ranganathan,Female,misraneha@example.com,6028225019,Jamshedpur,Punjab,India,2023-08-07
CUST08428,Meera Kaul,Female,jatinpradhan@example.com,3256102300,Jabalpur,Manipur,India,2024-03-15
CUST08429,Ikshita Seth,Female,deokala@example.org,3098139855,Warangal,Maharashtra,India,2024-05-25
CUST08430,Veda Wason,Female,niteshbrar@example.com,2607378919,Khora ,Tamil Nadu,India,2024-05-11
CUST08431,Patrick Sheth,Male,eta53@example.com,0308914553,Jalgaon,Gujarat,India,2024-11-09
CUST08432,Hamsini Date,Male,mchacko@example.net,8154273994,Kolhapur,Uttar Pradesh,India,2023-12-04
CUST08433,Raghav Shan,Male,samamadhavi@example.net,8663764962,Bhatpara,Kerala,India,2026-06-01
CUST08434,Vinaya Buch,Female,parmarzinal@example.net,1094955382,Ambala,Uttar Pradesh,India,2024-03-06
CUST08435,Warjas Saini,Male,mramesh@example.org,5320380044,Lucknow,Bihar,India,2022-01-01
CUST08436,Bina Dhar,Male,sainiaarav@example.com,7499562171,Dindigul,Kerala,India,2022-12-02
CUST08437,Ekbal Dugar,Female,rgoel@example.org,9001012590,Chandigarh,Mizoram,India,2024-03-26
CUST08438,Yoshita Kapadia,Male,ijaya47@example.net,6411118171,Bhubaneswar,Madhya Pradesh,India,2023-07-28
CUST08439,Gauri Loke,Female,panchaldarsh@example.com,6597604549,Aurangabad,Arunachal Pradesh,India,2023-10-23
CUST08440,Ayaan Krishnan,Female,varughesejhalak@example.com,4300360836,Jabalpur,Nagaland,India,2023-02-06
CUST08441,Tanveer Garde,Female,cdoctor@example.org,3165190648,Saharsa,Punjab,India,2022-07-26
CUST08442,Saanvi Salvi,Male,oni15@example.com,5503617214,Suryapet,Bihar,India,2024-05-22
CUST08443,Yochana Sama,Male,anayshan@example.net,2144333065,Saharsa,Uttar Pradesh,India,2025-07-15
CUST08444,Hemangini Gour,Female,kabirdas@example.com,6727098627,Salem,Punjab,India,2024-08-29
CUST08445,Chakradhar Ganguly,Female,pranitandra@example.com,4697784400,Akola,Mizoram,India,2025-12-30
CUST08446,Simon Kurian,Female,omya79@example.org,0261196666,Kollam,Karnataka,India,2025-01-01
CUST08447,Naksh Shan,Male,sachdevbhavini@example.net,2015468548,Sasaram,Manipur,India,2024-08-01
CUST08448,Dayamai Shetty,Female,kharechavvi@example.net,0203931793,Dibrugarh,Kerala,India,2022-05-12
CUST08449,Mahika Misra,Male,zachariadev@example.net,8002755063,Bhagalpur,Tripura,India,2025-03-21
CUST08450,Warjas Dada,Male,tristananne@example.net,8883086253,Purnia,Telangana,India,2022-04-16
CUST08451,Anusha Borra,Female,nitara89@example.com,4228079587,Patiala,Arunachal Pradesh,India,2025-04-08
CUST08452,Dalbir Nadig,Male,nirja84@example.org,0523360702,Raurkela Industrial Township,Jharkhand,India,2022-10-02
CUST08453,Unni Sarma,Male,brijeshviswanathan@example.com,7422475155,Warangal,Mizoram,India,2023-08-31
CUST08454,Harrison Dutt,Male,jagat59@example.com,3956053390,Chandigarh,Karnataka,India,2024-11-03
CUST08455,Hemani Ramakrishnan,Male,ijaya91@example.org,5750084495,Kulti,Mizoram,India,2021-10-23
CUST08456,Naksh Naik,Female,bimala68@example.net,5478863114,Etawah,Jharkhand,India,2026-03-01
CUST08457,Darsh Sunder,Female,amarapatel@example.net,1274768346,Ahmednagar,Punjab,India,2021-08-29
CUST08458,Henry Swaminathan,Female,sarrafanya@example.org,5901365783,Gudivada,Goa,India,2026-06-08
CUST08459,Warjas Bhalla,Female,gissac@example.net,9279228426,Tadipatri,Telangana,India,2023-09-25
CUST08460,Jasmit Pradhan,Male,pallkaran@example.org,5208701350,Burhanpur,Punjab,India,2023-05-23
CUST08461,Yauvani Mody,Male,dalbir77@example.net,8159869682,Ranchi,Madhya Pradesh,India,2025-09-16
CUST08462,Joshua Saraf,Male,padmanabhanupadhriti@example.org,3143655640,Dewas,Jharkhand,India,2021-12-01
CUST08463,Darika Dash,Female,kuruvillaindira@example.net,1593660193,Begusarai,Jharkhand,India,2022-12-10
CUST08464,Hema Palla,Male,ramachandrandamini@example.org,9187247036,Durg,Uttar Pradesh,India,2024-03-24
CUST08465,Upadhriti Mane,Male,nilimatailor@example.org,3359011657,Ambarnath,Madhya Pradesh,India,2026-06-16
CUST08466,Jagvi Bal,Male,dugardayita@example.org,3375002765,Tiruvottiyur,Uttarakhand,India,2023-01-02
CUST08467,Victor Panchal,Female,abdulsanghvi@example.org,0066961472,Ulhasnagar,Meghalaya,India,2025-02-01
CUST08468,Manya Varkey,Female,tgara@example.com,9374709888,Vijayanagaram,Andhra Pradesh,India,2023-08-09
CUST08469,Krish Varkey,Female,mgill@example.org,0831321340,Jaipur,Rajasthan,India,2024-07-27
CUST08470,Xalak Jani,Female,william66@example.com,4446881564,Kishanganj,Sikkim,India,2024-04-19
CUST08471,Omaja Gera,Male,mishraagastya@example.com,9034011640,Chinsurah,Manipur,India,2022-12-13
CUST08472,Nidra Murthy,Female,bajajaachal@example.org,6730072897,Bhatpara,Chhattisgarh,India,2025-03-07
CUST08473,Hemal Cherian,Female,binahanda@example.com,7010268004,Haridwar,Kerala,India,2023-08-16
CUST08474,Fiyaz Gandhi,Female,kabirmunshi@example.org,0411033511,Amroha,Madhya Pradesh,India,2023-11-03
CUST08475,Wakeeta Bora,Female,srinivasanparth@example.com,6861703554,Unnao,Goa,India,2025-06-05
CUST08476,Udyati Mistry,Female,qasimkohli@example.com,5711781801,Pondicherry,Tamil Nadu,India,2022-11-17
CUST08477,Samarth Dada,Male,vidhi06@example.org,0281888961,Ujjain,Rajasthan,India,2024-07-09
CUST08478,Samaksh Kar,Female,kandavritti@example.net,5190710545,Surendranagar Dudhrej,Manipur,India,2025-04-16
CUST08479,Bishakha Murty,Male,anirudhkamdar@example.com,8704005823,Varanasi,Meghalaya,India,2026-04-05
CUST08480,Champak Ghose,Female,ikbalnarayan@example.org,9297891406,Pondicherry,Himachal Pradesh,India,2023-03-17
CUST08481,Charles Chauhan,Female,thakurvidhi@example.com,7498354118,Jamnagar,Nagaland,India,2023-08-16
CUST08482,Chakradev Vaidya,Female,gbains@example.net,2457756656,Gurgaon,Uttarakhand,India,2025-01-18
CUST08483,Zarna Sankaran,Male,saimalhotra@example.net,5814309214,Panvel,West Bengal,India,2025-12-28
CUST08484,Rohan Gade,Male,diyadua@example.org,8888502212,Dehri,Odisha,India,2022-08-19
CUST08485,Sara Rajagopalan,Female,hrege@example.com,3957305573,Ozhukarai,Manipur,India,2022-04-15
CUST08486,Laban Parekh,Female,boaseyug@example.org,0099117635,Rajahmundry,West Bengal,India,2025-05-31
CUST08487,Vrishti Pillai,Male,anshpalla@example.org,7846601035,Dibrugarh,West Bengal,India,2026-06-19
CUST08488,Ethan Nigam,Male,hoak@example.com,5302253270,Dhanbad,Manipur,India,2025-04-04
CUST08489,Ojasvi Bawa,Female,inayaoza@example.org,0911834096,Tirunelveli,Chhattisgarh,India,2022-05-12
CUST08490,Yagnesh Butala,Female,adityasubramaniam@example.net,5301587492,Hubli–Dharwad,Uttarakhand,India,2023-11-11
CUST08491,Amrita Purohit,Female,osoni@example.net,2800211559,Hindupur,Gujarat,India,2024-05-04
CUST08492,Qasim Chaudhari,Female,dewanakshay@example.org,1905008701,Kollam,Karnataka,India,2024-07-30
CUST08493,Devansh Sood,Female,bakhshikaur@example.com,4350926119,Silchar,Sikkim,India,2024-09-12
CUST08494,Chaitanya Narula,Male,asinghal@example.com,2680283918,Deoghar,Karnataka,India,2022-01-26
CUST08495,Yashoda Sahni,Female,libnigara@example.org,9525380696,Jhansi,Manipur,India,2024-07-09
CUST08496,Mitali Chahal,Male,lekha77@example.org,2063488537,Panvel,Goa,India,2021-09-02
CUST08497,Arin Ram,Female,psodhi@example.org,1980474462,Ambattur,Manipur,India,2022-02-26
CUST08498,Krishna Mangat,Female,tejasgole@example.org,4452904077,Anantapur,Sikkim,India,2025-07-23
CUST08499,Tanish Karpe,Male,krishnamurthychaitaly@example.com,4145806334,Kamarhati,Punjab,India,2023-05-28
CUST08500,Warinder Radhakrishnan,Male,jagrati36@example.org,4686592320,Muzaffarnagar,Tamil Nadu,India,2025-06-06
CUST08501,Kamya Nagi,Male,kotharimeera@example.net,9233287881,Secunderabad,Arunachal Pradesh,India,2024-03-17
CUST08502,Januja Ahluwalia,Male,trai@example.com,3196711926,Tezpur,Odisha,India,2021-10-09
CUST08503,Bachittar Rai,Male,naikijaya@example.com,8057086252,Maheshtala,Mizoram,India,2022-05-15
CUST08504,Nilima Bassi,Female,arin60@example.net,7336976494,Durg,Uttar Pradesh,India,2022-05-03
CUST08505,Quincy Dave,Male,adityabhasin@example.net,6386084660,Solapur,Kerala,India,2023-10-06
CUST08506,Chasmum Dhingra,Male,qarinsahota@example.net,0489665102,Etawah,Nagaland,India,2024-11-30
CUST08507,Krish Lata,Female,senguptaviraj@example.org,1620371380,Bettiah,Uttarakhand,India,2023-04-20
CUST08508,Harita Saha,Female,walialadli@example.org,2128800761,Hosur,Tamil Nadu,India,2023-01-04
CUST08509,Leena Bhalla,Female,chaudryarunima@example.net,7115238884,Madanapalle,Telangana,India,2025-08-05
CUST08510,Anjali Bala,Male,jyoti24@example.net,8639573638,Dhule,Gujarat,India,2025-09-13
CUST08511,Isha Ahuja,Male,aarini35@example.com,6488321752,Rampur,Tamil Nadu,India,2023-08-25
CUST08512,Widisha Gade,Male,ekiya58@example.org,4929024594,Bhiwani,Assam,India,2025-12-26
CUST08513,Darsh Naidu,Female,varsha32@example.com,1168029641,Tezpur,West Bengal,India,2022-06-18
CUST08514,Waida Rau,Female,neelkarnik@example.com,5711239916,Nagercoil,Maharashtra,India,2024-08-23
CUST08515,Yauvani Jain,Male,rachit22@example.net,2780051253,Jalandhar,Bihar,India,2023-06-07
CUST08516,Damyanti Dada,Male,abakshi@example.net,9086357923,Kozhikode,Kerala,India,2023-02-25
CUST08517,Sai Sethi,Female,dayamaimannan@example.com,2162957113,Ambarnath,Bihar,India,2024-02-19
CUST08518,Liam Sarkar,Male,jai35@example.net,8338378030,Belgaum,Tamil Nadu,India,2024-11-27
CUST08519,Eiravati Sachdev,Male,abeervenkatesh@example.net,2255655623,Thiruvananthapuram,Meghalaya,India,2024-05-27
CUST08520,Benjamin Sehgal,Male,basujanuja@example.net,8576662022,Mau,Rajasthan,India,2022-09-01
CUST08521,Yash Deol,Female,gauri68@example.com,5880710185,Delhi,Uttar Pradesh,India,2022-11-04
CUST08522,Darika Badami,Male,yuvrajbanerjee@example.net,3626286915,Morbi,Himachal Pradesh,India,2025-04-18
CUST08523,Harshil Konda,Female,morekashvi@example.net,6678436960,Patna,Odisha,India,2024-12-01
CUST08524,Pavani Kulkarni,Female,odhar@example.org,2203585235,Farrukhabad,Nagaland,India,2025-11-22
CUST08525,Bhavani Tripathi,Male,fbasak@example.org,1512059955,Tinsukia,Punjab,India,2025-12-09
CUST08526,Sara Basu,Male,taranirja@example.com,2655481546,Motihari,Assam,India,2025-06-08
CUST08527,Hemani Hayer,Female,randhawacharita@example.org,8391290443,Bijapur,Assam,India,2022-11-05
CUST08528,Vidhi Gera,Male,maharajbhavani@example.org,2156435915,Udupi,Kerala,India,2026-03-15
CUST08529,Mugdha Lanka,Female,katabalvan@example.net,7364753791,Kanpur,Haryana,India,2021-10-14
CUST08530,Omisha Krishnamurthy,Female,ztella@example.net,9252985198,Pune,Tripura,India,2022-07-06
CUST08531,Azaan Shankar,Female,sahajacob@example.net,7461167770,Malda,Madhya Pradesh,India,2021-08-13
CUST08532,Pranav Sarna,Female,vanyarana@example.net,8229603612,Gwalior,Manipur,India,2024-10-06
CUST08533,Krish Tak,Female,eswaminathan@example.org,7635573649,Bahraich,Assam,India,2025-05-06
CUST08534,Yoshita Anne,Male,bhanumati77@example.com,3024849038,Ambarnath,Telangana,India,2024-08-30
CUST08535,Yoshita Hayre,Male,narayananoni@example.org,6787345283,Saharanpur,Bihar,India,2025-02-16
CUST08536,Tanmayi Gandhi,Female,yashoda39@example.org,5436177343,Munger,Manipur,India,2022-09-18
CUST08537,Azaan Kaur,Female,quincy27@example.org,5435015409,Parbhani,Kerala,India,2024-03-04
CUST08538,Faraj Korpal,Male,xalakvasa@example.com,8907836723,Hubli–Dharwad,Karnataka,India,2024-07-06
CUST08539,Yash Contractor,Male,ranganathangeetika@example.org,4899440326,Rampur,Kerala,India,2024-03-03
CUST08540,Onkar Pall,Male,uppalshivani@example.org,5428703496,Madanapalle,Uttarakhand,India,2022-10-26
CUST08541,Widisha Dave,Female,tanishnaidu@example.net,0487806443,Deoghar,Andhra Pradesh,India,2022-10-09
CUST08542,Ishani Palla,Male,rachita28@example.net,8639639033,Kota,Uttarakhand,India,2025-10-08
CUST08543,Meera Mukherjee,Male,datezarna@example.com,9352954669,Jodhpur,Maharashtra,India,2023-11-08
CUST08544,Yagnesh Ganguly,Female,ndoshi@example.org,7996414196,Vellore,Jharkhand,India,2024-11-18
CUST08545,Warda Sangha,Female,goleisaac@example.org,3079056452,Jorhat,Nagaland,India,2025-01-11
CUST08546,Vritti Sama,Female,pdara@example.com,7717119317,Madanapalle,Jharkhand,India,2025-10-24
CUST08547,Geetika Mody,Female,mohammedmallick@example.org,6787381571,Madhyamgram,Uttarakhand,India,2025-12-29
CUST08548,Abha Kaur,Male,geetikakata@example.net,1166662029,Thanjavur,Karnataka,India,2026-01-29
CUST08549,Chaitanya Arora,Male,ishanvi14@example.org,1274421800,Howrah,Himachal Pradesh,India,2022-12-15
CUST08550,Jasmit Lal,Male,sdeshpande@example.net,5694333964,Jaunpur,Himachal Pradesh,India,2024-05-26
CUST08551,Upkaar Mitra,Male,victor03@example.org,0448518988,Mangalore,Tamil Nadu,India,2023-12-14
CUST08552,Anay Radhakrishnan,Male,ridhichopra@example.com,7808244014,Thiruvananthapuram,Karnataka,India,2025-04-14
CUST08553,Rehaan Padmanabhan,Female,sarkarmanthan@example.org,2403708106,Jamalpur,Uttarakhand,India,2023-05-25
CUST08554,Yutika Sur,Male,liladoshi@example.org,8934634610,Nizamabad,Maharashtra,India,2023-07-16
CUST08555,Aachal Balakrishnan,Male,aadhyakunda@example.com,4871189824,Jorhat,Manipur,India,2023-11-05
CUST08556,Pranit Devi,Male,tmangal@example.org,4008552487,Yamunanagar,Chhattisgarh,India,2022-06-09
CUST08557,Benjamin Sinha,Male,jagratinaidu@example.com,1047548804,Jalgaon,Bihar,India,2022-12-02
CUST08558,Januja Vig,Female,dharnakul@example.net,4883689353,Singrauli,Telangana,India,2025-10-21
CUST08559,Aashi Sen,Male,ekajagera@example.net,5802620415,Ranchi,Gujarat,India,2024-03-26
CUST08560,Charles Tara,Female,mhanda@example.com,8795821060,Dibrugarh,Andhra Pradesh,India,2022-06-11
CUST08561,Jeremiah Sethi,Male,balvan55@example.net,3762500089,Chandrapur,Haryana,India,2024-01-17
CUST08562,Sudiksha Tandon,Male,balasubramanianchristopher@example.net,0370577166,Bidar,Chhattisgarh,India,2023-10-02
CUST08563,Panini Jha,Male,khoslajhalak@example.net,4044699601,Guntakal,Odisha,India,2026-01-10
CUST08564,Henry Basak,Male,henrychandra@example.org,9763507607,Bathinda,Mizoram,India,2024-07-19
CUST08565,Manan Mishra,Male,garaekansh@example.com,0503315357,Darbhanga,Nagaland,India,2022-07-05
CUST08566,Laksh Ray,Male,eiravati30@example.org,0011568846,Kadapa,Chhattisgarh,India,2025-05-18
CUST08567,Chakradev Ramaswamy,Female,rayaankurian@example.org,4315237162,Bhalswa Jahangir Pur,Mizoram,India,2025-07-15
CUST08568,Samarth Karan,Male,tkashyap@example.org,9248265653,Guwahati,Rajasthan,India,2022-12-12
CUST08569,Sathvik Karpe,Male,anamikabuch@example.net,6436497980,Kurnool,Manipur,India,2021-09-08
CUST08570,Zaid Chand,Male,jason21@example.org,6069124938,Dharmavaram,Arunachal Pradesh,India,2022-11-13
CUST08571,Lucky Tripathi,Female,nairgirindra@example.net,7808449065,Ambattur,Haryana,India,2022-06-01
CUST08572,Tripti Sachar,Female,qsha@example.org,4657049900,Bhilai,Manipur,India,2026-03-18
CUST08573,Jacob Agrawal,Male,ranveerchad@example.com,6546597056,Davanagere,Gujarat,India,2025-03-30
CUST08574,Daniel Garg,Male,vedhikasane@example.com,7001792993,Guna,Sikkim,India,2023-10-21
CUST08575,David Lalla,Female,saniqushi@example.com,8106714066,Pudukkottai,Rajasthan,India,2024-02-06
CUST08576,Harish Chandran,Female,kavya19@example.org,3741280544,Bihar Sharif,Maharashtra,India,2022-08-05
CUST08577,Girish Chad,Male,takpranav@example.com,3290895233,Dindigul,Haryana,India,2023-12-21
CUST08578,Gavin Konda,Female,aarini63@example.com,9389392312,Panchkula,Tamil Nadu,India,2021-08-28
CUST08579,Dominic Vig,Male,adyachauhan@example.org,3389781778,Shivpuri,Nagaland,India,2022-05-21
CUST08580,Suhani Dubey,Female,kevin50@example.org,9124767592,Kanpur,Tamil Nadu,India,2022-07-15
CUST08581,Rajata Keer,Male,madhav85@example.com,2496961796,Miryalaguda,Chhattisgarh,India,2024-03-17
CUST08582,Om Datta,Female,kandaaadi@example.com,7925759260,Bhagalpur,Uttar Pradesh,India,2024-02-26
CUST08583,Ridhi Seshadri,Female,danieloommen@example.org,3418261383,Mumbai,Meghalaya,India,2022-03-08
CUST08584,Omya Sangha,Male,alka46@example.org,1162497904,Ramgarh,Himachal Pradesh,India,2025-05-11
CUST08585,Reva Dube,Male,gandhibahadurjit@example.net,2405718628,Gopalpur,Uttar Pradesh,India,2022-06-18
CUST08586,Wyatt Sangha,Male,agrawalekansh@example.org,7708020502,Hajipur,Manipur,India,2021-10-22
CUST08587,Samar Bajaj,Male,minhasindira@example.com,6934406402,Bhopal,West Bengal,India,2023-07-17
CUST08588,Raghav Kota,Male,lhayre@example.net,8210685879,Sambhal,Jharkhand,India,2023-12-25
CUST08589,Anjali Ramesh,Female,kannanyauvani@example.net,6640511875,Tirupati,Andhra Pradesh,India,2023-02-02
CUST08590,Ria Mane,Female,kminhas@example.org,8938344777,Secunderabad,Arunachal Pradesh,India,2023-10-29
CUST08591,Qabil Bedi,Female,vedant74@example.org,6202944026,Bhagalpur,Madhya Pradesh,India,2026-07-09
CUST08592,Tara Vohra,Female,netrasandal@example.org,9428581236,Deoghar,Madhya Pradesh,India,2022-06-24
CUST08593,Rachita Thakkar,Male,balvanchandran@example.com,9141300198,Panihati,Meghalaya,India,2021-09-29
CUST08594,Girish Divan,Female,krishnamurthyrajeshri@example.org,1103712507,Dehri,Rajasthan,India,2022-05-15
CUST08595,Dhriti Sura,Female,jhalakseth@example.net,7690536059,Ahmednagar,Arunachal Pradesh,India,2024-05-27
CUST08596,Yug Suresh,Female,dalbirprakash@example.org,6553964167,Patiala,Karnataka,India,2024-01-25
CUST08597,Imaran Narain,Female,dmohanty@example.org,9747864516,Erode,Madhya Pradesh,India,2024-03-20
CUST08598,Frederick Master,Female,onveer06@example.com,2289735673,Parbhani,Punjab,India,2024-10-17
CUST08599,Nisha Memon,Female,urmisagar@example.org,6461552139,Sagar,Nagaland,India,2023-10-22
CUST08600,Oeshi Banerjee,Female,hloke@example.com,8944976593,Sagar,Gujarat,India,2023-07-19
CUST08601,Wakeeta Bose,Male,sbandi@example.net,2901918618,Buxar,West Bengal,India,2025-12-06
CUST08602,Saumya Bir,Female,jasmit06@example.org,4403277188,Morena,Sikkim,India,2021-08-16
CUST08603,Owen Padmanabhan,Female,lekharajagopal@example.net,5324696845,Bokaro,Maharashtra,India,2023-08-15
CUST08604,Henry Balasubramanian,Female,timothy33@example.org,8990870736,Shimoga,Chhattisgarh,India,2023-05-23
CUST08605,Anthony Dhaliwal,Male,charan11@example.org,9652519365,Gangtok,Nagaland,India,2021-09-08
CUST08606,Jasmit Brahmbhatt,Female,nidhibansal@example.com,8327611037,Gandhinagar,Chhattisgarh,India,2022-02-14
CUST08607,Gayathri Venkataraman,Male,nkalla@example.net,7140179624,Jodhpur,Tamil Nadu,India,2021-11-06
CUST08608,Samar Raj,Male,anvighose@example.net,6648549920,Surendranagar Dudhrej,Rajasthan,India,2022-04-13
CUST08609,Devansh Das,Male,urvashigour@example.org,2457915685,Bhind,Rajasthan,India,2024-09-12
CUST08610,Timothy Amble,Male,subramanianzilmil@example.org,9913497405,Noida,Jharkhand,India,2023-03-30
CUST08611,Frado Kapur,Male,cchar@example.org,1746822450,Jalandhar,Maharashtra,India,2023-10-18
CUST08612,Manya Rajan,Male,ksaxena@example.org,2594859626,Kadapa,Andhra Pradesh,India,2023-12-09
CUST08613,Urvashi Ghosh,Female,bachittar60@example.com,1779141236,Gudivada,Maharashtra,India,2025-07-01
CUST08614,Rajeshri Andra,Male,wriddhishrai@example.com,3012864284,Bihar Sharif,Manipur,India,2024-03-19
CUST08615,Ishwar Varughese,Male,vidhi09@example.com,0488181802,Rajahmundry,Tamil Nadu,India,2023-06-16
CUST08616,Raksha Sehgal,Female,bhallaishani@example.org,8270433728,Jalgaon,Karnataka,India,2024-06-20
CUST08617,Oni Dixit,Female,gautam53@example.net,7055373072,Rewa,Kerala,India,2025-09-13
CUST08618,Wahab Soni,Male,ryan96@example.com,6942137092,Kochi,West Bengal,India,2023-05-01
CUST08619,Hema Pal,Female,warhiissac@example.org,5740496649,Kozhikode,Chhattisgarh,India,2024-05-29
CUST08620,Warinder Krishnan,Male,irajagopalan@example.com,7509652240,Hyderabad,Nagaland,India,2021-09-24
CUST08621,Yash Kadakia,Female,msane@example.org,5550236386,Kolhapur,Goa,India,2022-02-22
CUST08622,Devansh Agrawal,Male,nmani@example.com,7314791605,Mathura,Karnataka,India,2024-10-28
CUST08623,Logan Verma,Female,aahanatripathi@example.net,9992976077,Agartala,Maharashtra,India,2023-10-23
CUST08624,Azad Bail,Female,bgoyal@example.com,6822050842,Aurangabad,Andhra Pradesh,India,2022-01-05
CUST08625,Gaurang Gopal,Female,vedanttoor@example.com,0709181113,Hospet,Rajasthan,India,2023-12-24
CUST08626,Ridhi Ramesh,Female,krajan@example.org,9202815451,Aurangabad,Bihar,India,2023-07-29
CUST08627,Kevin Chacko,Male,wallajanya@example.net,2936558691,Guntur,Madhya Pradesh,India,2025-12-06
CUST08628,Kamya Dar,Male,deepa33@example.org,7050100576,Gudivada,Madhya Pradesh,India,2022-01-13
CUST08629,Advika Mital,Female,pkala@example.com,7227234797,Jamnagar,Meghalaya,India,2021-12-10
CUST08630,Leela Tata,Female,abduljoshi@example.net,3306231688,Saharsa,Meghalaya,India,2021-11-20
CUST08631,Henry Ramesh,Female,parth42@example.org,6137955356,Raipur,Bihar,India,2024-04-09
CUST08632,Neelima Badal,Male,krishnaprabhu@example.com,3387369972,Bettiah,Sikkim,India,2026-03-24
CUST08633,Gavin Sangha,Female,kmurty@example.net,7890120117,Kurnool,Tripura,India,2023-07-21
CUST08634,Bakhshi Chakraborty,Male,jbasak@example.org,7460246386,Patiala,Punjab,India,2022-10-28
CUST08635,Patrick Johal,Male,esavant@example.com,3273588265,Thoothukudi,Punjab,India,2022-09-03
CUST08636,Wazir Manne,Female,jack66@example.net,6333010979,Agra,Punjab,India,2025-06-16
CUST08637,Januja Nair,Female,kundasamaksh@example.net,1379287963,Surat,Tripura,India,2021-08-30
CUST08638,Ayaan Mody,Female,sarthakkrishnan@example.com,5107767360,Tiruppur,Himachal Pradesh,India,2022-11-06
CUST08639,Idika Karan,Female,abeersood@example.org,5167185099,Hubli–Dharwad,Andhra Pradesh,India,2023-10-28
CUST08640,Vrishti Mallick,Male,maniradha@example.org,4649251658,Secunderabad,Kerala,India,2025-06-29
CUST08641,Abhimanyu Boase,Male,lajita23@example.net,1642651950,Berhampore,Bihar,India,2022-10-27
CUST08642,Inaya Rajagopal,Female,yauvanighosh@example.net,1248957549,Pune,Arunachal Pradesh,India,2024-05-30
CUST08643,Shaurya Kata,Male,anthonynarayanan@example.com,2845473002,Raurkela Industrial Township,Punjab,India,2024-08-06
CUST08644,Mahika Chanda,Male,devikataneja@example.com,9483414295,Howrah,Mizoram,India,2021-11-15
CUST08645,Yashica Seth,Male,siyasaran@example.org,2517645219,Bellary,Manipur,India,2025-09-27
CUST08646,Umang Chandran,Female,chamelimann@example.org,7435358914,Bardhaman,Rajasthan,India,2025-03-13
CUST08647,Guneet Saha,Male,shauryadhaliwal@example.com,7160955443,Medininagar,Madhya Pradesh,India,2023-02-25
CUST08648,Wakeeta Halder,Male,taradasgupta@example.com,4919025813,Shimoga,Kerala,India,2024-11-30
CUST08649,Daniel Dube,Male,aganguly@example.net,7668256941,Tirupati,Assam,India,2022-01-13
CUST08650,Tanish Dugal,Male,anshandra@example.org,3759320744,Gaya,Uttarakhand,India,2024-07-18
CUST08651,Udarsh Halder,Male,ishwarhayer@example.org,0214195677,Bellary,Arunachal Pradesh,India,2025-05-06
CUST08652,Vinaya Parekh,Female,anya78@example.net,6938152393,Amaravati,Gujarat,India,2025-02-24
CUST08653,Gavin Divan,Male,kai55@example.com,3570846341,Ambattur,Tamil Nadu,India,2025-12-22
CUST08654,Bachittar Vohra,Male,barkha57@example.com,1642839158,Tiruvottiyur,Chhattisgarh,India,2026-03-16
CUST08655,Diya Jhaveri,Female,sudiksha45@example.org,0622157841,Siwan,Chhattisgarh,India,2024-08-25
CUST08656,Ekalinga Varkey,Female,indaliparikh@example.net,4341074516,Ichalkaranji,Rajasthan,India,2023-10-03
CUST08657,Anirudh Chand,Female,gaurangi50@example.net,3448077754,Gandhinagar,Rajasthan,India,2023-10-20
CUST08658,Frederick Wable,Male,yashodakonda@example.net,7458552970,Rampur,Uttar Pradesh,India,2022-09-20
CUST08659,Prisha Sahota,Female,poojahanda@example.net,9894764682,Ichalkaranji,Arunachal Pradesh,India,2023-02-26
CUST08660,Yuvraj Bhardwaj,Male,onveerupadhyay@example.net,4322428532,Nangloi Jat,Assam,India,2025-05-20
CUST08661,Manya Kohli,Female,asrivastava@example.net,8810546621,Kishanganj,Mizoram,India,2024-01-16
CUST08662,Xalak Master,Female,qpalan@example.org,2947095095,Jamshedpur,Andhra Pradesh,India,2025-05-20
CUST08663,Siddharth Chanda,Male,onkar16@example.net,8154695600,Bidar,Karnataka,India,2024-12-17
CUST08664,Chakradhar Sem,Female,qushisekhon@example.com,2842541952,Kota,Mizoram,India,2024-12-20
CUST08665,Bhanumati Bala,Male,daksha03@example.org,2459135073,Bhavnagar,Nagaland,India,2025-06-20
CUST08666,Yatan Pandey,Male,ybhakta@example.com,0720317625,Berhampur,Goa,India,2024-08-17
CUST08667,Sathvik Kibe,Female,rajmanbir@example.org,2937336702,Kavali,Telangana,India,2026-06-03
CUST08668,Advika Balan,Female,vincentmody@example.org,0266761125,Rajpur Sonarpur,Madhya Pradesh,India,2024-04-04
CUST08669,Nachiket Venkatesh,Male,prasadnimrat@example.net,6774397009,Korba,Uttarakhand,India,2026-02-24
CUST08670,Kevin Ratti,Female,dugalavni@example.org,5431465930,Barasat,Manipur,India,2021-10-12
CUST08671,Hiral Mitra,Female,henry13@example.org,5897247642,Uluberia,Manipur,India,2026-06-02
CUST08672,Eta Dara,Male,kohlibarkha@example.net,7094272402,Begusarai,Odisha,India,2022-05-04
CUST08673,Alexander Swaminathan,Female,nathanmurthy@example.org,6735727672,Avadi,Tripura,India,2026-07-23
CUST08674,Chatresh Kohli,Male,muttiaryan@example.org,8502022627,Siliguri,Bihar,India,2022-11-20
CUST08675,Orinder Pandey,Female,ekbal07@example.net,7440198363,Nagaon,Karnataka,India,2024-10-03
CUST08676,Kashvi Kant,Male,zinal94@example.com,9002641928,Kalyan-Dombivli,Andhra Pradesh,India,2022-10-12
CUST08677,Sathvik Thaker,Male,kalasolanki@example.org,9174514861,Saharanpur,Telangana,India,2026-05-21
CUST08678,Manbir Oza,Male,azad94@example.com,3524456163,Navi Mumbai,Meghalaya,India,2025-08-12
CUST08679,Arunima Panchal,Male,pallaviedwin@example.org,8944197801,Tirupati,Mizoram,India,2023-12-30
CUST08680,Orinder Aurora,Male,smurty@example.net,0372065164,Machilipatnam,Punjab,India,2023-05-19
CUST08681,Kiaan Mahajan,Female,naveen43@example.com,6148949137,Bilaspur,Gujarat,India,2025-08-16
CUST08682,Mugdha Saini,Female,bailekaraj@example.net,8414087176,Bhavnagar,Andhra Pradesh,India,2023-11-21
CUST08683,Simon Srinivasan,Female,zranganathan@example.com,8077938247,New Delhi,Bihar,India,2023-02-27
CUST08684,Vedant Oak,Female,farisbatra@example.net,1534160597,Morbi,Andhra Pradesh,India,2025-05-31
CUST08685,Advika Bhagat,Male,anay97@example.com,8172413626,Lucknow,Nagaland,India,2025-03-12
CUST08686,Triveni Ratta,Female,dinrachit@example.com,3703287670,Bally,West Bengal,India,2025-01-30
CUST08687,Warda Soni,Male,yashodhara50@example.net,7034204955,Hapur,Assam,India,2022-09-13
CUST08688,Yagnesh Saraf,Female,ubarad@example.net,2341927038,Adoni,Gujarat,India,2023-02-20
CUST08689,Timothy Handa,Female,ibajaj@example.org,1121979418,Udaipur,Uttar Pradesh,India,2026-04-24
CUST08690,Agastya Babu,Female,tanish56@example.com,4756716987,Ajmer,Karnataka,India,2021-10-22
CUST08691,Kevin Dewan,Male,wpandya@example.com,7406486095,Nashik,Gujarat,India,2026-03-04
CUST08692,Jagrati Kulkarni,Female,champak72@example.org,4235851824,Arrah,Rajasthan,India,2026-05-21
CUST08693,Urmi Kala,Male,xkhare@example.com,2735703036,Ratlam,Haryana,India,2022-05-18
CUST08694,Aashi Dash,Male,rushilchopra@example.com,6955148018,Ramgarh,Telangana,India,2024-11-28
CUST08695,Niharika Ganguly,Male,jsant@example.net,0960019893,Aurangabad,Haryana,India,2024-11-01
CUST08696,Yatin Manne,Female,nikita04@example.com,3449924266,Jalandhar,Gujarat,India,2024-05-23
CUST08697,Hiral Grewal,Male,sachdevaradhika@example.net,8059138147,Avadi,Mizoram,India,2023-07-10
CUST08698,Varenya Kala,Male,jeremiah18@example.net,5118139862,Narasaraopet,Tripura,India,2025-11-03
CUST08699,Varsha Chad,Female,grewalavni@example.net,8736268737,Tinsukia,Mizoram,India,2021-08-14
CUST08700,Manthan Parikh,Male,amol75@example.com,7679795529,North Dumdum,Andhra Pradesh,India,2024-10-24
CUST08701,Rudra Mutti,Male,binasur@example.com,1886964899,Medininagar,Arunachal Pradesh,India,2023-08-23
CUST08702,Vanya Wali,Male,janakipatil@example.net,7946388582,Muzaffarnagar,Meghalaya,India,2021-09-21
CUST08703,Dalbir Sethi,Female,eagarwal@example.net,3302355769,Bathinda,Goa,India,2024-12-25
CUST08704,Eshana Raj,Female,balvanparmer@example.org,3907793135,Deoghar,Punjab,India,2024-05-01
CUST08705,Vihaan Verma,Male,osidhu@example.com,8058465575,Hospet,Assam,India,2024-12-29
CUST08706,Brijesh Kakar,Male,dhaliwalzaid@example.com,5965865083,Rourkela,Himachal Pradesh,India,2021-11-14
CUST08707,Watika Dash,Male,chavvi70@example.net,8743463901,Satna,Uttar Pradesh,India,2022-11-06
CUST08708,Vrinda Balasubramanian,Female,chandrachanakya@example.net,3835003609,Bijapur,Nagaland,India,2025-03-11
CUST08709,Riya Iyengar,Female,ibhardwaj@example.com,4468020485,Bally,Tamil Nadu,India,2022-04-13
CUST08710,Wriddhish Basu,Female,ravalyagnesh@example.com,9678028582,Davanagere,Assam,India,2026-05-30
CUST08711,Hiral Mohan,Male,nchatterjee@example.com,4070190012,Raichur,Mizoram,India,2024-06-24
CUST08712,Yoshita Jain,Female,barmancharvi@example.org,1274311131,Pallavaram,West Bengal,India,2026-05-17
CUST08713,Yutika Zachariah,Female,ykakar@example.org,6260485080,Tiruchirappalli,Madhya Pradesh,India,2022-02-05
CUST08714,Bimala Varughese,Male,naveensarin@example.net,2712539631,Miryalaguda,West Bengal,India,2023-02-22
CUST08715,Mason Bhalla,Male,pranit59@example.org,4255115619,Firozabad,Jharkhand,India,2024-04-04
CUST08716,Charvi Sunder,Male,taradeol@example.org,2160773107,Sri Ganganagar,Himachal Pradesh,India,2024-11-13
CUST08717,Vrishti Doctor,Female,rudramahal@example.net,9432491179,Khandwa,Bihar,India,2026-03-26
CUST08718,Ekansh Patel,Male,thakkarhenry@example.com,1551936507,Saharsa,Maharashtra,India,2023-03-12
CUST08719,Ojasvi Narang,Male,anaysura@example.org,0049716311,Vijayawada,Madhya Pradesh,India,2023-02-06
CUST08720,Shivansh Kashyap,Male,anay14@example.com,8961403749,Bhimavaram,Bihar,India,2022-04-25
CUST08721,Shravya Gala,Male,cbhatia@example.org,0629715163,Dharmavaram,Gujarat,India,2023-01-07
CUST08722,Qushi Kanda,Male,amritapanchal@example.net,8584931740,Dehri,Bihar,India,2023-10-12
CUST08723,Devika Vig,Male,zrajagopalan@example.org,7128236706,Tiruchirappalli,Uttar Pradesh,India,2024-12-31
CUST08724,Chaman Arya,Female,zseth@example.com,3534144617,Bettiah,Tamil Nadu,India,2023-02-23
CUST08725,Kalpit Kanda,Female,zayyan83@example.org,8454534579,Nizamabad,Kerala,India,2025-12-20
CUST08726,Neha Mital,Female,sanya68@example.org,8783425847,Kumbakonam,Tripura,India,2024-09-23
CUST08727,Bhavini Roy,Female,guhaanmol@example.com,7541940077,Delhi,Gujarat,India,2025-08-08
CUST08728,Qushi Jani,Male,rastogijyoti@example.net,1747347173,Rewa,Rajasthan,India,2022-10-13
CUST08729,Ekanta Suri,Male,masteranjali@example.org,1946845222,Dindigul,Uttarakhand,India,2026-06-24
CUST08730,Jagvi Doctor,Female,yoshitakapur@example.org,6295531390,Dhule,Jharkhand,India,2021-09-03
CUST08731,Amaira Dixit,Male,zchawla@example.net,1711902839,Navi Mumbai,Meghalaya,India,2023-10-13
CUST08732,Harita Trivedi,Male,doravritti@example.org,9667497764,Bally,Rajasthan,India,2024-11-04
CUST08733,Vasudha Lata,Female,harinakshisinghal@example.org,0897610782,Jaunpur,Rajasthan,India,2022-04-04
CUST08734,Nitesh Om,Male,quincymohan@example.net,7327754200,Phagwara,Arunachal Pradesh,India,2024-01-19
CUST08735,Rajeshri Mann,Female,osha@example.net,8558855279,Mira-Bhayandar,Punjab,India,2023-01-31
CUST08736,Xiti Ravi,Male,onkar09@example.org,5448981757,Pali,Sikkim,India,2021-09-03
CUST08737,Udant Chaudhry,Male,guhapushti@example.org,3726214412,Bikaner,Telangana,India,2026-07-02
CUST08738,Christopher Garde,Male,vorajatin@example.com,9241620119,Gopalpur,Uttar Pradesh,India,2024-08-04
CUST08739,Chandran Saxena,Female,muttiganga@example.net,1048329378,Bidar,Tamil Nadu,India,2024-12-07
CUST08740,Nikita Kala,Female,mravi@example.net,0390705371,Kulti,Gujarat,India,2023-08-29
CUST08741,Indali Batta,Male,anikasampath@example.org,3325640810,Mango,Tamil Nadu,India,2025-09-12
CUST08742,Vrinda Comar,Male,fnazareth@example.com,5659930040,Maheshtala,Arunachal Pradesh,India,2022-12-16
CUST08743,Divya Kumer,Male,ggala@example.org,3279747649,Mau,Bihar,India,2022-03-06
CUST08744,Nachiket Oak,Male,sonilekha@example.net,5328997306,Thane,Gujarat,India,2025-03-04
CUST08745,Gopal Buch,Male,jatin61@example.net,4084080468,Purnia,Arunachal Pradesh,India,2022-05-03
CUST08746,Samaksh Narang,Male,qdhillon@example.org,8024063851,Tiruppur,Arunachal Pradesh,India,2021-12-20
CUST08747,Hamsini Dave,Male,laksh74@example.net,9430598325,Kamarhati,Rajasthan,India,2024-08-18
CUST08748,Daksh Raghavan,Male,ektakrishnan@example.org,9403403405,Warangal,Odisha,India,2022-01-11
CUST08749,Fariq Kakar,Male,brindasood@example.org,0371825665,Agartala,Punjab,India,2024-12-22
CUST08750,Nikita Bal,Male,sureshmadhavi@example.net,2544794154,Siwan,Rajasthan,India,2024-11-09
CUST08751,Ikbal Dugal,Female,bpalan@example.net,3974357842,Silchar,Madhya Pradesh,India,2022-08-04
CUST08752,Urvashi Batra,Female,hamsini21@example.net,5458490804,Erode,Bihar,India,2023-04-04
CUST08753,George Kale,Male,kalasara@example.com,6443109873,Sonipat,Manipur,India,2025-04-06
CUST08754,Tristan Chaudhuri,Female,lratta@example.org,3738733903,Hindupur,Gujarat,India,2022-08-12
CUST08755,Brijesh Rana,Female,damyantithakkar@example.org,3888561934,Jamshedpur,Chhattisgarh,India,2025-10-30
CUST08756,Ayaan Parsa,Female,patelunni@example.net,3640963173,Panchkula,Karnataka,India,2025-11-12
CUST08757,Lajita Mital,Female,baradnitara@example.com,0681120472,Kulti,Uttar Pradesh,India,2022-08-30
CUST08758,Jagvi Acharya,Male,revabandi@example.net,6884808975,Kumbakonam,Uttar Pradesh,India,2025-02-02
CUST08759,Manan Murty,Female,gborde@example.com,8004067594,Gurgaon,Punjab,India,2023-09-05
CUST08760,Harinakshi Bawa,Female,ssampath@example.com,8820444720,Ludhiana,Himachal Pradesh,India,2024-12-02
CUST08761,Faris Yadav,Female,abhimanyu18@example.org,4838855672,Raurkela Industrial Township,Gujarat,India,2025-11-11
CUST08762,Jason Kothari,Female,singhanya@example.com,0762894437,Visakhapatnam,Jharkhand,India,2025-02-25
CUST08763,Dakshesh Varty,Female,nitesh95@example.org,6319628762,Tadepalligudem,Goa,India,2026-04-12
CUST08764,Sneha Tara,Male,charan79@example.com,2809019488,Hapur,Goa,India,2022-01-13
CUST08765,Andrew Biswas,Male,sjohal@example.org,4182775046,Nagaon,Madhya Pradesh,India,2026-03-24
CUST08766,Oscar Karpe,Male,warjas99@example.net,4569735302,Tadipatri,Bihar,India,2022-08-31
CUST08767,Vaishnavi Chaudhari,Male,jagatkaul@example.com,4397916931,Surat,Arunachal Pradesh,India,2024-09-29
CUST08768,Rudra Seshadri,Male,netranarayan@example.com,8685360161,Tirunelveli,Manipur,India,2025-02-02
CUST08769,Elijah Goyal,Male,valagirik@example.org,8428909989,Rajahmundry,Odisha,India,2026-01-29
CUST08770,Vyanjana Pingle,Male,esaraf@example.org,9604882991,Amaravati,Sikkim,India,2026-03-29
CUST08771,Triya Kohli,Male,ranakabir@example.net,1525600062,Guntakal,Odisha,India,2025-12-14
CUST08772,Nakul Dugar,Female,desaidalaja@example.net,3364407847,Bongaigaon,Arunachal Pradesh,India,2022-09-04
CUST08773,Krisha Yadav,Female,chackobhavini@example.net,4136764735,Bidar,Gujarat,India,2021-09-10
CUST08774,Nisha Dar,Female,sampathyutika@example.net,8401523700,Jalna,Madhya Pradesh,India,2022-08-05
CUST08775,Devansh Atwal,Female,ayushman74@example.org,2162390251,Shivpuri,Karnataka,India,2025-01-09
CUST08776,Charita Choudhary,Male,banerjeevedhika@example.org,1376718043,Dehri,Uttar Pradesh,India,2022-01-06
CUST08777,Falan Balasubramanian,Female,csampath@example.org,8415291056,Bulandshahr,Andhra Pradesh,India,2024-10-09
CUST08778,Hardik Chaudhry,Female,warriortamanna@example.net,3377621013,Unnao,Uttarakhand,India,2024-04-08
CUST08779,Vedhika Mangat,Female,raagini28@example.net,5521854146,Thoothukudi,Manipur,India,2021-12-21
CUST08780,Krishna Nagi,Male,patilveer@example.com,3578098850,Ambarnath,Tamil Nadu,India,2021-12-04
CUST08781,Benjamin Batra,Female,prabhakardiya@example.org,1134468736,Karawal Nagar,Assam,India,2026-05-31
CUST08782,Utkarsh Narasimhan,Male,pbora@example.com,7171145155,Etawah,Manipur,India,2025-12-15
CUST08783,Jatin Puri,Female,rehaandubey@example.org,7343394259,Shahjahanpur,Madhya Pradesh,India,2025-08-01
CUST08784,Gopal Gulati,Female,thakkarekbal@example.net,4448463708,Bahraich,Punjab,India,2022-04-02
CUST08785,Ojasvi Narayan,Male,sunderbrijesh@example.net,8030231326,Madhyamgram,Sikkim,India,2024-09-27
CUST08786,Rohan Pradhan,Male,nsachdeva@example.net,5032873974,Ramgarh,Madhya Pradesh,India,2025-07-03
CUST08787,Bhavani Keer,Female,azaanhanda@example.org,5675943203,Nangloi Jat,Mizoram,India,2022-05-25
CUST08788,Reyansh Rajagopal,Female,eshana14@example.net,1222072367,Bokaro,Sikkim,India,2023-03-31
CUST08789,Sathvik Dube,Male,maharajcaleb@example.net,3376191897,Bulandshahr,Tripura,India,2022-03-11
CUST08790,Tara Raja,Male,elijahghose@example.net,2943820064,Madhyamgram,Sikkim,India,2025-12-28
CUST08791,Chandran Mand,Female,sundaramtanmayi@example.net,9387093317,Chandigarh,Arunachal Pradesh,India,2022-08-22
CUST08792,Neel Jaggi,Female,arjun06@example.org,3058123059,Loni,Kerala,India,2026-05-27
CUST08793,Omisha D’Alia,Female,zinal56@example.org,1237314543,Mira-Bhayandar,Chhattisgarh,India,2026-03-28
CUST08794,Yashawini Barad,Male,bariagunbir@example.org,1444140482,Bhubaneswar,Odisha,India,2022-02-27
CUST08795,Rajata Devi,Male,danielbhavsar@example.com,4399015482,Morbi,Manipur,India,2022-08-05
CUST08796,Kai Nayar,Male,schandran@example.org,0365365222,Rourkela,Jharkhand,India,2024-05-25
CUST08797,Gaurav Balay,Female,raghavandayamai@example.org,7711882519,Delhi,Tripura,India,2026-07-05
CUST08798,Prisha Goel,Female,manya32@example.net,4291227654,Orai,Assam,India,2023-09-18
CUST08799,Shivansh Goda,Female,rattitejas@example.org,8992131408,Shivpuri,Kerala,India,2023-07-21
CUST08800,Nimrat Sandal,Male,krishna41@example.org,9266231658,Kumbakonam,Uttar Pradesh,India,2024-06-19
CUST08801,Vansha Pandit,Male,oliver98@example.net,4046899008,Jabalpur,Jharkhand,India,2024-08-30
CUST08802,Sudiksha Majumdar,Female,samijasmit@example.org,8244557831,Ahmedabad,Madhya Pradesh,India,2021-12-27
CUST08803,Henry Thakur,Male,xavier39@example.net,8295470619,Tadepalligudem,Uttar Pradesh,India,2023-06-26
CUST08804,Bhanumati Sant,Female,lallaqushi@example.com,2874854111,Kolkata,Meghalaya,India,2024-10-13
CUST08805,Triveni Hans,Female,hdass@example.com,0039912827,Ramagundam,Madhya Pradesh,India,2024-05-18
CUST08806,Sai Sagar,Male,sarthak62@example.org,5460669858,Anand,Sikkim,India,2022-04-18
CUST08807,Jason Dora,Female,sacharisha@example.com,4662199127,Vellore,Kerala,India,2022-09-22
CUST08808,Simon Nagy,Female,bavachandani@example.com,8870801877,Panvel,Telangana,India,2022-03-10
CUST08809,Quincy Lalla,Female,matthew96@example.org,4582360665,Raebareli,Gujarat,India,2026-02-18
CUST08810,Oviya Prabhu,Male,agastya81@example.org,2611414201,Secunderabad,Gujarat,India,2025-12-14
CUST08811,Naksh Raja,Female,zraman@example.net,1928564957,Jodhpur,Tamil Nadu,India,2025-03-16
CUST08812,Irya Kota,Male,jacksaini@example.net,1293571384,Miryalaguda,Sikkim,India,2025-07-27
CUST08813,Nakul Madan,Female,alexander35@example.net,8101573848,Raebareli,Jharkhand,India,2025-01-01
CUST08814,Odika Venkatesh,Male,natarajankashish@example.com,9273671679,Guntakal,Karnataka,India,2024-02-10
CUST08815,Samesh Kannan,Female,oni08@example.net,8133247518,Giridih,Haryana,India,2025-10-13
CUST08816,Chakrika Chokshi,Female,eshere@example.org,1057293046,Ujjain,Chhattisgarh,India,2022-09-09
CUST08817,Wriddhish Buch,Female,omaja85@example.com,2212512420,Tirunelveli,Kerala,India,2024-02-17
CUST08818,Tanmayi Kaur,Male,yadavichoudhry@example.net,7199784469,Katni,Andhra Pradesh,India,2023-04-06
CUST08819,Krishna Chakrabarti,Female,chaayajohal@example.com,2755085821,Bongaigaon,Uttarakhand,India,2023-09-04
CUST08820,Nakul Sehgal,Female,xavier43@example.com,2597620410,Mau,Kerala,India,2024-12-18
CUST08821,Janaki Sandal,Male,leenadewan@example.org,2787695875,Bongaigaon,Haryana,India,2021-09-15
CUST08822,Balendra Munshi,Male,fbhavsar@example.net,2332524817,Pune,Chhattisgarh,India,2023-10-04
CUST08823,Ladli Subramanian,Female,yatinperi@example.net,2052874685,Uluberia,Karnataka,India,2021-10-12
CUST08824,Jagvi Sem,Male,abdul47@example.com,7562595829,Navi Mumbai,Tamil Nadu,India,2023-10-04
CUST08825,Maya Bumb,Male,hpai@example.com,2111304756,Kulti,West Bengal,India,2021-12-23
CUST08826,Reyansh Jani,Female,hchana@example.org,4645036610,Asansol,Nagaland,India,2024-07-25
CUST08827,Omkaar Majumdar,Female,hemani64@example.com,1617606218,Alwar,Telangana,India,2021-10-16
CUST08828,Lekha Walia,Male,routyahvi@example.org,4958292936,Bhiwani,Bihar,India,2026-03-07
CUST08829,Wriddhish Sarna,Male,mangalira@example.net,0175125759,Anantapur,Uttar Pradesh,India,2024-11-17
CUST08830,Jonathan Doctor,Male,vthaker@example.com,3732774031,Ludhiana,Haryana,India,2023-11-06
CUST08831,Mohammed Dugar,Male,cprabhakar@example.net,5354502336,Jabalpur,Tripura,India,2023-07-22
CUST08832,Manthan Wable,Female,harsh34@example.net,0885995279,Bhiwandi,Mizoram,India,2025-04-11
CUST08833,Sai Soni,Male,vparekh@example.com,9183647414,Mehsana,Mizoram,India,2025-08-26
CUST08834,Pranav Pall,Female,ramaekantika@example.org,5354467866,Aligarh,Himachal Pradesh,India,2023-03-16
CUST08835,Tanveer Ganesan,Female,warda89@example.org,7282992722,Karawal Nagar,Meghalaya,India,2023-02-17
CUST08836,Faris Narayanan,Male,pmahajan@example.com,3814666703,Alwar,Uttarakhand,India,2024-06-05
CUST08837,Hemal Lata,Male,vihaan39@example.org,3808455541,Deoghar,Meghalaya,India,2023-06-23
CUST08838,Nidra Sridhar,Female,trajan@example.org,2848371603,Bellary,Tripura,India,2022-12-09
CUST08839,Balvan Raval,Male,bassifaris@example.com,6368431919,Nagpur,Goa,India,2023-07-09
CUST08840,Daniel Biswas,Female,sundergarima@example.org,0447459463,Parbhani,Rajasthan,India,2023-12-02
CUST08841,Aadhya Nori,Male,mdeshmukh@example.com,6750625514,Buxar,Bihar,India,2025-12-06
CUST08842,Wahab Dhawan,Female,ekiya89@example.org,8025800100,Tirupati,Karnataka,India,2025-05-15
CUST08843,Faqid Sawhney,Female,qsem@example.com,9387892801,Bidar,Karnataka,India,2024-05-21
CUST08844,Yash Swamy,Male,nirja04@example.org,3619136920,Korba,Gujarat,India,2023-11-27
CUST08845,Vedika Kothari,Male,tiwarilekha@example.net,7214548064,Srikakulam,Madhya Pradesh,India,2022-04-09
CUST08846,Pavani Chanda,Male,devansara@example.net,9647607440,Bhilwara,Tripura,India,2025-03-29
CUST08847,Akshay Lanka,Male,gabagabriel@example.net,1026802299,Haridwar,Tamil Nadu,India,2023-06-13
CUST08848,Kai Ravel,Male,perifitan@example.org,0700236149,New Delhi,Madhya Pradesh,India,2022-02-23
CUST08849,Oscar Sekhon,Male,caleb81@example.com,2949950718,Satara,Mizoram,India,2024-08-19
CUST08850,Arin Mandal,Female,jai68@example.net,5232121526,Anantapuram,Himachal Pradesh,India,2023-09-07
CUST08851,Advay Tank,Female,manan35@example.org,0407352054,Rourkela,Goa,India,2024-11-17
CUST08852,Jalsa Sanghvi,Female,iradani@example.org,7654708509,Visakhapatnam,Chhattisgarh,India,2024-10-29
CUST08853,Hemal D’Alia,Male,fdhar@example.org,6117931719,Bettiah,Uttarakhand,India,2023-09-26
CUST08854,Patrick Mani,Female,gaurangirastogi@example.com,4547017270,Bharatpur,Jharkhand,India,2025-05-29
CUST08855,Harita Lad,Male,khoslakashvi@example.org,6392268604,Bhagalpur,Goa,India,2022-07-29
CUST08856,Chanakya Wali,Male,madanamrita@example.net,2022119781,Bellary,Gujarat,India,2025-04-12
CUST08857,Forum Pandya,Female,hariniom@example.net,3308154961,Bikaner,Rajasthan,India,2021-10-27
CUST08858,Ridhi Pandya,Female,nachiketarya@example.com,0834064534,Satna,Mizoram,India,2022-03-01
CUST08859,Falak Mitter,Male,wbhatti@example.org,7788230295,Bhiwandi,Tripura,India,2026-03-23
CUST08860,Ria Kapoor,Female,zayan27@example.com,6708869983,Mysore,Kerala,India,2022-01-13
CUST08861,Anjali Balasubramanian,Male,sanghaindira@example.com,3302246939,Latur,Mizoram,India,2021-07-28
CUST08862,Ekantika Pall,Male,prakasheshana@example.net,0378957701,Uluberia,Tripura,India,2024-04-14
CUST08863,Maya Pai,Female,sandalojas@example.com,0193022696,Morbi,Maharashtra,India,2025-02-01
CUST08864,Alexander More,Male,ekajajani@example.net,6204272803,Eluru,Jharkhand,India,2025-01-13
CUST08865,Tejas Rajan,Female,aarini98@example.org,8274084554,Jabalpur,Gujarat,India,2024-03-07
CUST08866,Mugdha Barad,Male,msavant@example.net,6355823174,Sikar,Sikkim,India,2023-01-27
CUST08867,Nimrat Ravi,Male,dkapoor@example.net,8212389925,Kalyan-Dombivli,Manipur,India,2025-06-26
CUST08868,Triya Mander,Male,yash36@example.net,6059357195,Chandigarh,Kerala,India,2026-02-07
CUST08869,Noah Murty,Female,chakrika30@example.com,7739743977,North Dumdum,Tamil Nadu,India,2025-06-28
CUST08870,Yatin Apte,Male,kjoshi@example.net,2445214990,Bhind,Maharashtra,India,2025-11-22
CUST08871,Tanvi Sastry,Male,lila56@example.net,4921941025,Kavali,Meghalaya,India,2024-04-07
CUST08872,Isha Mani,Female,parthmadan@example.net,1091217469,Ghaziabad,Andhra Pradesh,India,2025-06-25
CUST08873,Wakeeta Raval,Female,wardachowdhury@example.com,7905377650,Amroha,Kerala,India,2025-09-26
CUST08874,Jagdish Swamy,Male,brahmbhattinaya@example.org,2043907960,Vijayawada,Punjab,India,2026-06-20
CUST08875,Ishanvi Gandhi,Female,ekaniraju@example.org,6405740650,Loni,Uttarakhand,India,2022-06-17
CUST08876,Netra Sawhney,Male,upasnaraval@example.org,1294399227,Madanapalle,Rajasthan,India,2026-01-19
CUST08877,Aarav Kurian,Male,azad73@example.net,2979464741,Gwalior,Goa,India,2023-06-25
CUST08878,Harshil Minhas,Male,bakhshichaudhry@example.net,1627042576,Chandrapur,Tamil Nadu,India,2025-06-13
CUST08879,Advaith Sibal,Female,qbala@example.com,2300190890,Ahmednagar,Madhya Pradesh,India,2024-07-23
CUST08880,Ryan Sehgal,Male,jagrati34@example.org,6357566483,Meerut,Himachal Pradesh,India,2025-04-27
CUST08881,Anay Uppal,Male,sgrover@example.com,2294557551,Etawah,Chhattisgarh,India,2023-04-03
CUST08882,Vedhika Kapur,Male,rudrabehl@example.com,3284976133,Silchar,Kerala,India,2024-02-09
CUST08883,Hritik Thaker,Male,chaudhurioeshi@example.com,8529943569,Malegaon,Goa,India,2025-03-10
CUST08884,Brijesh Mutti,Female,sethandrew@example.org,2419958833,Meerut,Sikkim,India,2023-07-17
CUST08885,Ucchal Din,Female,unnatichokshi@example.org,2114536264,Ahmednagar,Mizoram,India,2022-12-31
CUST08886,Brijesh Biswas,Female,bansallipika@example.org,9182853132,Jalandhar,Meghalaya,India,2025-12-14
CUST08887,Daniel Natt,Male,gagankhurana@example.net,6785390682,Tiruvottiyur,Maharashtra,India,2021-08-29
CUST08888,Ridhi Vala,Female,modisaumya@example.com,9606477648,Mangalore,Uttar Pradesh,India,2024-10-29
CUST08889,Tanmayi Mittal,Male,balvanlad@example.com,8959916079,Kulti,Andhra Pradesh,India,2025-04-08
CUST08890,Abhiram Seshadri,Female,meera85@example.net,9853726171,Korba,Rajasthan,India,2024-11-27
CUST08891,Onkar Mannan,Female,sbatta@example.com,9408595375,Ambala,Sikkim,India,2022-06-06
CUST08892,Warhi Batta,Male,sdar@example.org,1748393019,Dehradun,West Bengal,India,2024-05-21
CUST08893,Udant Bahri,Male,laban76@example.org,1991049677,Davanagere,Andhra Pradesh,India,2023-02-12
CUST08894,Faris Din,Female,krishnabora@example.org,4831601697,Unnao,Mizoram,India,2025-09-13
CUST08895,Prisha Bhatia,Female,mitrarushil@example.com,9440339117,Silchar,Gujarat,India,2025-03-25
CUST08896,Saanvi Kurian,Male,mukherjeesarthak@example.com,2644222823,Gandhinagar,West Bengal,India,2025-10-12
CUST08897,Tristan Borah,Female,gavin26@example.com,1999764159,Gorakhpur,Bihar,India,2026-03-10
CUST08898,Bhanumati Wali,Male,waglegautam@example.com,6405721517,Bharatpur,Tripura,India,2022-12-03
CUST08899,Abhimanyu Prakash,Female,haritabatra@example.org,9431623860,Parbhani,Chhattisgarh,India,2026-03-10
CUST08900,Sathvik Mutti,Male,chanderwilliam@example.org,4206988367,Surat,Goa,India,2024-08-13
CUST08901,Adweta Agate,Female,vbarad@example.org,3475585158,Chinsurah,West Bengal,India,2021-11-29
CUST08902,Watika Bansal,Male,fdua@example.net,1717169873,Thanjavur,Karnataka,India,2025-02-01
CUST08903,Amrita Mander,Male,ibuch@example.net,0374934509,Singrauli,Andhra Pradesh,India,2022-03-19
CUST08904,Teerth Arya,Female,nnarayan@example.org,4928464082,Patna,Tripura,India,2023-04-19
CUST08905,Laksh Sarraf,Female,abhiramnanda@example.com,9812609196,Haridwar,Meghalaya,India,2021-12-25
CUST08906,Yashvi Parmar,Female,lajitadhar@example.org,7924616468,Muzaffarnagar,Punjab,India,2024-10-11
CUST08907,Ekapad Kala,Male,rajagopalaayush@example.net,6894669769,Motihari,Telangana,India,2025-05-21
CUST08908,Andrew Keer,Male,ghosekamya@example.org,6630338011,Khammam,Maharashtra,India,2021-10-28
CUST08909,Umang Pall,Male,kaurfrado@example.net,8127066674,Patna,Tamil Nadu,India,2025-04-04
CUST08910,Adweta Khare,Male,champak97@example.net,8849093835,Munger,Rajasthan,India,2025-11-11
CUST08911,Samar Malhotra,Male,bhardwajfitan@example.net,9820561348,Dindigul,Gujarat,India,2024-10-30
CUST08912,George Ratti,Male,jhalak49@example.org,0292474454,Serampore,Manipur,India,2022-08-08
CUST08913,Arunima Dugal,Male,edhitha16@example.org,3448754230,Singrauli,Kerala,India,2025-03-11
CUST08914,Riya Kari,Female,guneethegde@example.net,3827457139,Raebareli,Rajasthan,India,2024-12-03
CUST08915,Jhalak Om,Male,qshere@example.org,7187436581,Maheshtala,Manipur,India,2024-03-22
CUST08916,Alka Ganesan,Male,ssarma@example.org,6739799302,Ambarnath,Rajasthan,India,2022-02-14
CUST08917,Kritika Naidu,Male,iwason@example.net,3160345568,Jalandhar,Chhattisgarh,India,2024-06-06
CUST08918,Mitesh Kuruvilla,Female,hemang79@example.net,8467583481,Gandhinagar,Sikkim,India,2021-11-05
CUST08919,Anika Bahri,Male,dakshvala@example.org,0509333091,Sagar,Meghalaya,India,2025-08-10
CUST08920,Alka Cherian,Male,bainsyash@example.com,9746752233,Ulhasnagar,Karnataka,India,2024-05-24
CUST08921,William Srinivasan,Female,mjoshi@example.com,2472763559,Kalyan-Dombivli,Assam,India,2021-12-08
CUST08922,Wyatt Gopal,Male,vasatanish@example.net,8792593050,Kharagpur,Karnataka,India,2026-05-25
CUST08923,Vaishnavi Shan,Female,gganesh@example.org,0259416103,Warangal,Haryana,India,2025-10-27
CUST08924,Om Rastogi,Male,wkulkarni@example.org,8611767007,Bhagalpur,Assam,India,2025-06-07
CUST08925,Kevin Vaidya,Female,kevinsahni@example.com,1106549406,Vijayanagaram,Rajasthan,India,2024-04-02
CUST08926,Avni Dubey,Male,christopherbose@example.com,5380536792,Chandigarh,West Bengal,India,2021-10-26
CUST08927,Jeevika Yadav,Female,csrinivas@example.org,6767554560,Kharagpur,Goa,India,2026-07-23
CUST08928,Avni More,Male,veergolla@example.net,7628709144,Saharsa,Mizoram,India,2021-12-31
CUST08929,Pallavi Narayan,Female,pmadan@example.net,4543888103,Dhule,Uttar Pradesh,India,2025-05-15
CUST08930,Oscar Prabhakar,Male,danielmandal@example.net,6168326635,Satna,Mizoram,India,2023-07-07
CUST08931,Ikshita Sagar,Female,irya38@example.net,4791270409,Mau,Goa,India,2025-11-04
CUST08932,Jagdish Misra,Female,qraghavan@example.net,6670308756,Junagadh,Tripura,India,2022-06-01
CUST08933,Timothy Srinivas,Male,somgirik@example.net,8721401948,Alappuzha,Telangana,India,2025-10-02
CUST08934,Lekha Doshi,Male,ekajasachdeva@example.com,3390711423,Howrah,Punjab,India,2023-01-21
CUST08935,Anya Kala,Female,mannanparth@example.com,7936791370,Bettiah,Himachal Pradesh,India,2023-06-21
CUST08936,Kala Bajwa,Male,bishakhabhasin@example.com,7050098187,Sagar,Uttar Pradesh,India,2023-10-11
CUST08937,Joshua Dara,Female,parekhanmol@example.org,3176656432,Kottayam,Uttarakhand,India,2021-10-14
CUST08938,Hritik Vyas,Female,mkari@example.com,8925064148,Sirsa,Nagaland,India,2024-05-25
CUST08939,Zinal Vohra,Male,rajata27@example.org,3306456285,Tirupati,Manipur,India,2024-12-31
CUST08940,Yauvani Gulati,Male,siddharth45@example.org,9340309655,Gudivada,Tripura,India,2022-06-19
CUST08941,Frederick Deo,Female,harshil80@example.org,3449958645,Maheshtala,Bihar,India,2023-10-19
CUST08942,Agastya Raman,Female,smenon@example.org,3240200235,Karnal,Kerala,India,2025-10-02
CUST08943,Arya Yogi,Male,uvig@example.com,9649695856,Rajpur Sonarpur,Uttarakhand,India,2022-07-09
CUST08944,Chakradhar Sura,Female,georgechawla@example.org,2783379923,Uluberia,Uttar Pradesh,India,2021-08-08
CUST08945,Kevin Goel,Female,somsamar@example.com,3467066932,Giridih,Meghalaya,India,2025-06-07
CUST08946,Zehaan Sura,Male,lajita75@example.com,2173443371,Maheshtala,Maharashtra,India,2023-06-26
CUST08947,Aryan Narasimhan,Female,abeerpradhan@example.com,5727119272,Orai,Tamil Nadu,India,2024-08-24
CUST08948,Vamakshi Pillay,Female,dugaryashodhara@example.org,1886507796,Dehri,Telangana,India,2025-06-01
CUST08949,Vinaya Suri,Male,andrew40@example.org,0714709988,Sagar,Meghalaya,India,2022-01-23
CUST08950,Siya Khanna,Male,cbadami@example.net,1403404953,Guna,Goa,India,2024-09-11
CUST08951,Pavani Sibal,Female,bimalamukherjee@example.org,7271120974,Warangal,Bihar,India,2024-12-08
CUST08952,Meera Murty,Male,tristan76@example.net,4196680471,Kanpur,Tripura,India,2022-08-04
CUST08953,Chatura Mitter,Female,gabriel67@example.net,5879664542,Mau,Telangana,India,2022-03-27
CUST08954,Dipta Master,Female,dassai@example.com,4151458490,Ongole,Meghalaya,India,2024-10-20
CUST08955,Tamanna Kakar,Female,vermavivaan@example.com,4554353369,Jamshedpur,Gujarat,India,2026-06-16
CUST08956,Wriddhish Pradhan,Male,qchokshi@example.net,5725253247,Narasaraopet,Mizoram,India,2024-02-29
CUST08957,Gunbir Suresh,Male,bansalbachittar@example.com,1518888128,Danapur,Chhattisgarh,India,2022-07-28
CUST08958,Ekalinga Shere,Female,kiaan98@example.org,4421672451,Eluru,Telangana,India,2022-04-18
CUST08959,Chameli Jani,Female,anvi80@example.org,7964465418,Mahbubnagar,West Bengal,India,2026-05-18
CUST08960,Vasatika Lall,Female,eghose@example.org,5946888277,Bally,Maharashtra,India,2026-01-05
CUST08961,Avi Vora,Female,ekta28@example.net,9642851782,Chinsurah,Telangana,India,2024-06-30
CUST08962,Harish Chanda,Male,elijahsampath@example.net,0374312898,Tiruchirappalli,Chhattisgarh,India,2025-10-06
CUST08963,Ojasvi Konda,Female,suralexander@example.net,1751562708,Morbi,Andhra Pradesh,India,2023-07-14
CUST08964,Thomas Deep,Male,tkarpe@example.com,8890367632,Jammu,Meghalaya,India,2022-09-30
CUST08965,Fariq Sehgal,Male,yadavvrishti@example.net,4914944902,Bilaspur,Arunachal Pradesh,India,2024-12-19
CUST08966,Ansh Bava,Female,isaraf@example.net,9765980891,Deoghar,Himachal Pradesh,India,2022-03-05
CUST08967,Viraj Mahal,Male,zayyankalita@example.net,2222919547,Guwahati,Chhattisgarh,India,2023-08-08
CUST08968,Chavvi Bobal,Male,sarinmohini@example.org,3531208362,Madurai,Chhattisgarh,India,2026-07-04
CUST08969,Nidhi Sathe,Female,jalsa63@example.net,9129836474,Bathinda,Jharkhand,India,2025-11-19
CUST08970,Ikshita Bala,Female,rastogisathvik@example.org,1247800632,Bangalore,Uttar Pradesh,India,2021-09-19
CUST08971,Aashi Goyal,Female,shaleena@example.com,9082376438,Ambattur,Chhattisgarh,India,2025-02-15
CUST08972,Girik Bala,Male,tcherian@example.org,0200360992,Proddatur,Meghalaya,India,2021-12-20
CUST08973,Chaman Chokshi,Female,sarthak24@example.org,2750658543,Raiganj,Nagaland,India,2025-12-26
CUST08974,Jagvi Bedi,Male,wadhwaadvika@example.net,4031577387,Amritsar,Nagaland,India,2021-09-17
CUST08975,Abdul Char,Female,wbajwa@example.com,3248250276,Tezpur,Assam,India,2024-01-26
CUST08976,Leela Ramaswamy,Male,lukeaggarwal@example.net,0053739197,Katihar,Mizoram,India,2022-10-09
CUST08977,Jonathan Keer,Female,dswaminathan@example.com,3152352519,Patna,Maharashtra,India,2024-05-09
CUST08978,Eiravati Bose,Male,puriyagnesh@example.com,1757850183,Bhopal,Tamil Nadu,India,2024-05-19
CUST08979,Ojasvi Tailor,Male,qmutti@example.com,0624792447,Berhampore,Rajasthan,India,2025-06-13
CUST08980,Turvi Buch,Male,qnath@example.net,8133702550,Raurkela Industrial Township,Maharashtra,India,2025-03-18
CUST08981,Zashil Biswas,Male,ethan52@example.net,8792930566,Mira-Bhayandar,Arunachal Pradesh,India,2022-09-10
CUST08982,Nidhi Nagy,Female,deepa82@example.com,0000885115,Gopalpur,Tamil Nadu,India,2025-06-25
CUST08983,Hiral Kurian,Male,lwable@example.org,5452568582,Udaipur,Odisha,India,2025-07-15
CUST08984,Hamsini Basak,Male,ikbalrajagopalan@example.net,6747124812,Dehri,Manipur,India,2024-08-14
CUST08985,Gaurav Samra,Female,inayakalla@example.net,0697848204,Nagaon,Karnataka,India,2025-02-14
CUST08986,Zayyan Rattan,Male,nkoshy@example.net,5971526437,Bellary,Jharkhand,India,2023-02-28
CUST08987,Falak Baral,Female,chandran47@example.net,8304127929,Miryalaguda,Punjab,India,2024-05-20
CUST08988,Nirja Bhatnagar,Female,arunimawarrior@example.net,8361980190,Bulandshahr,Gujarat,India,2025-12-23
CUST08989,Yahvi Chana,Female,bhavna90@example.net,0495095688,Kolhapur,Madhya Pradesh,India,2023-12-06
CUST08990,Parth Rout,Male,tanmayiravi@example.net,8177122780,Bilaspur,Sikkim,India,2023-08-11
CUST08991,Chaman Biswas,Male,gopal12@example.org,4892645509,Silchar,Andhra Pradesh,India,2024-09-20
CUST08992,Yashasvi Bala,Male,baljiwan50@example.org,9270411218,Pimpri-Chinchwad,Uttar Pradesh,India,2023-11-08
CUST08993,Veer Sathe,Male,madanojasvi@example.org,3778758813,Kurnool,Uttarakhand,India,2023-11-24
CUST08994,Lajita Maharaj,Female,mpandey@example.com,8547770657,Kumbakonam,Uttar Pradesh,India,2022-09-04
CUST08995,Amara Basu,Male,nsanghvi@example.org,3293485938,Hazaribagh,Uttar Pradesh,India,2024-07-04
CUST08996,Priya Nanda,Male,kamya40@example.net,0788310130,Miryalaguda,Punjab,India,2024-02-28
CUST08997,Udyati Ghosh,Male,joshuabrar@example.com,1622110353,Yamunanagar,Punjab,India,2023-11-27
CUST08998,Netra Saraf,Female,ubikanagar@example.net,4663459525,Sangli-Miraj & Kupwad,Bihar,India,2023-10-08
CUST08999,Hardik Babu,Male,bansalchameli@example.net,1287176400,Mirzapur,Mizoram,India,2022-07-08
CUST09000,Tara Natarajan,Female,tbir@example.org,8257476031,Pudukkottai,Nagaland,India,2024-12-26
CUST09001,Reyansh Tata,Female,timothy08@example.com,8946557223,Guntur,Maharashtra,India,2024-03-08
CUST09002,Zarna Gopal,Female,yahvi95@example.org,7367047791,Gandhinagar,Mizoram,India,2023-12-23
CUST09003,Farhan Cheema,Female,fradothaker@example.org,5344829966,Kochi,Tripura,India,2022-04-28
CUST09004,Adya Chakrabarti,Female,chanderbhavna@example.com,2836881995,Tirunelveli,Karnataka,India,2026-03-20
CUST09005,Ishwar Wali,Male,kashishpalan@example.net,9432862327,Amaravati,Madhya Pradesh,India,2021-10-21
CUST09006,Upasna Nagi,Female,doraisaiah@example.org,5964291214,Mirzapur,Rajasthan,India,2024-11-29
CUST09007,Hemal Gola,Male,uranganathan@example.net,4913448033,Avadi,Andhra Pradesh,India,2026-02-09
CUST09008,Gaurika Korpal,Female,kalpitbhandari@example.net,7779719042,Rewa,Uttar Pradesh,India,2023-08-29
CUST09009,Kashvi Palla,Male,joshuabuch@example.org,2469043661,Chandigarh,Assam,India,2023-07-12
CUST09010,Guneet Parmar,Male,nandini12@example.org,6110740381,Guna,Kerala,India,2022-02-21
CUST09011,Yash Wason,Female,naksh57@example.com,8808136831,Rampur,Goa,India,2023-03-28
CUST09012,Farhan Sane,Male,dugartanish@example.com,1921773973,Chittoor,Tripura,India,2025-07-18
CUST09013,Dakshesh Manda,Male,vartyharinakshi@example.net,8545823418,Kolkata,Goa,India,2022-11-15
CUST09014,Vaishnavi Loke,Male,ttalwar@example.net,6758071447,Dibrugarh,Meghalaya,India,2026-06-01
CUST09015,Falan Sengupta,Female,nadkarniunnati@example.org,0981018068,Bharatpur,Telangana,India,2024-10-03
CUST09016,Yoshita Lall,Male,farispingle@example.com,0669617999,Silchar,Meghalaya,India,2024-08-28
CUST09017,Chavvi Cherian,Male,garimasur@example.net,8117645975,Jaipur,Odisha,India,2022-10-29
CUST09018,George Goda,Female,gautami60@example.net,1021512936,Karawal Nagar,Himachal Pradesh,India,2024-05-29
CUST09019,Amara Mishra,Male,anneadvik@example.org,2003694186,Dewas,Uttarakhand,India,2025-08-07
CUST09020,Gagan Nayak,Female,hemani10@example.com,3546638918,Vijayawada,Nagaland,India,2024-10-03
CUST09021,Hiral Nagar,Female,dattaomya@example.net,4350185199,Naihati,Mizoram,India,2026-06-15
CUST09022,Hemangini Kala,Female,ishanivora@example.org,3508155254,Suryapet,Rajasthan,India,2025-12-09
CUST09023,Samesh Sule,Female,rattajhalak@example.com,8429616972,Belgaum,Kerala,India,2022-11-19
CUST09024,Maanas Kale,Female,rishi90@example.net,5027858013,Motihari,Jharkhand,India,2023-02-28
CUST09025,Saumya Patla,Male,aarora@example.com,8099789640,Kurnool,Kerala,India,2024-01-28
CUST09026,Osha Naidu,Female,daminisundaram@example.com,3553689513,Bhagalpur,Madhya Pradesh,India,2022-11-02
CUST09027,Naveen Mallick,Female,panditmaanas@example.com,1105061370,Lucknow,Odisha,India,2026-03-31
CUST09028,Anya Lalla,Male,mangatchakradev@example.net,4787780330,Bihar Sharif,Maharashtra,India,2025-03-14
CUST09029,Fitan Merchant,Female,aggarwaleesha@example.org,2521737034,Gandhidham,Manipur,India,2026-06-27
CUST09030,Ishaan Pai,Male,oakekapad@example.net,6930152569,Mau,Uttar Pradesh,India,2023-01-17
CUST09031,Aarna Mannan,Female,aditya10@example.net,6758659053,Junagadh,Tripura,India,2024-08-06
CUST09032,Vihaan Sandhu,Male,gopalisaac@example.com,5316037909,Machilipatnam,Goa,India,2024-04-30
CUST09033,Michael Deo,Male,sharafmanbir@example.org,9043258153,Motihari,Punjab,India,2025-12-01
CUST09034,Abdul Pandit,Female,lpuri@example.net,7074731349,Ichalkaranji,Meghalaya,India,2023-05-04
CUST09035,Jagat Parikh,Female,rameshpanini@example.net,0382436709,Bangalore,Tripura,India,2024-10-03
CUST09036,Indali Dash,Female,abalasubramanian@example.net,1198561993,Mirzapur,Odisha,India,2022-04-26
CUST09037,Dakshesh Sarin,Male,fpandit@example.com,0822917447,Fatehpur,Uttarakhand,India,2023-07-14
CUST09038,Vanya Batta,Female,raaginisarkar@example.org,5460965552,Ludhiana,Madhya Pradesh,India,2023-09-03
CUST09039,Deepa Chowdhury,Female,dhillonatharv@example.com,6114429319,Uluberia,Gujarat,India,2023-11-16
CUST09040,Upma Arya,Male,suhanibath@example.net,6481539914,Bidhannagar,Himachal Pradesh,India,2024-07-26
CUST09041,Viraj Korpal,Male,jainjhalak@example.org,5563443720,Khammam,Arunachal Pradesh,India,2023-01-28
CUST09042,Falak Setty,Female,vasatika45@example.org,3904949798,Jaunpur,Tamil Nadu,India,2025-07-17
CUST09043,Mohini Sethi,Female,ranveer18@example.org,1475519182,Bhalswa Jahangir Pur,Goa,India,2024-08-11
CUST09044,Anika Mandal,Female,zbhatnagar@example.org,0249384044,Dibrugarh,Rajasthan,India,2022-10-13
CUST09045,Maanav Ghosh,Female,bhandariharini@example.org,7433501726,Mumbai,Sikkim,India,2022-09-17
CUST09046,Yatin Dhar,Female,zachariahsaanvi@example.org,3142962420,Coimbatore,Telangana,India,2024-07-22
CUST09047,Samuel Kala,Male,snatt@example.com,9881640357,Loni,Assam,India,2021-08-24
CUST09048,Urvi Tata,Female,gaurangchatterjee@example.com,7830087238,Naihati,Nagaland,India,2022-05-17
CUST09049,Neel Tiwari,Female,gaurav98@example.org,5317602688,Nagaon,Assam,India,2024-01-24
CUST09050,Daksha Kota,Male,ria88@example.net,3521053351,Bhind,Rajasthan,India,2023-06-20
CUST09051,Hredhaan Brar,Female,zashil25@example.org,0605039812,Ambattur,Gujarat,India,2025-03-03
CUST09052,Raagini Mital,Female,gangulymitesh@example.org,4640326838,Sikar,Tamil Nadu,India,2024-02-21
CUST09053,Daniel Bains,Male,neeltrivedi@example.net,8250593139,Bhopal,Gujarat,India,2022-02-27
CUST09054,Warjas Sule,Male,balveer35@example.com,0910140681,Amroha,Punjab,India,2025-06-28
CUST09055,Isha Dyal,Female,rdasgupta@example.com,8603819331,Mangalore,Andhra Pradesh,India,2023-10-27
CUST09056,Fitan Mukherjee,Male,vohrapatrick@example.com,0722219149,Mango,Sikkim,India,2021-07-31
CUST09057,Yoshita Contractor,Female,dasguptaabha@example.com,0762800302,Gulbarga,Bihar,India,2022-02-10
CUST09058,Odika Tank,Male,irabawa@example.net,8624393824,Berhampur,Andhra Pradesh,India,2023-02-03
CUST09059,Nitara Merchant,Male,keya76@example.org,2435467271,Dhule,Maharashtra,India,2022-10-06
CUST09060,Vaishnavi Khurana,Male,chakrikavohra@example.net,9098371629,Junagadh,Telangana,India,2023-05-08
CUST09061,Yash Kibe,Male,rlala@example.net,9519117963,Saharanpur,Tripura,India,2022-06-16
CUST09062,Bhavika Sathe,Male,ssabharwal@example.net,3472488859,Firozabad,Punjab,India,2021-08-17
CUST09063,Onkar Krishnan,Male,ramchameli@example.com,0907560723,Bhimavaram,Meghalaya,India,2022-02-22
CUST09064,Anay Bora,Female,routvanya@example.net,5220273825,Silchar,Uttar Pradesh,India,2021-12-19
CUST09065,Ekbal Zachariah,Female,bsami@example.com,3793826548,Burhanpur,Meghalaya,India,2025-09-23
CUST09066,Hitesh Bahl,Male,yutikasankaran@example.net,5366241476,Ratlam,Tripura,India,2025-02-10
CUST09067,Naksh Dube,Male,fjain@example.org,6843287823,Madhyamgram,Arunachal Pradesh,India,2023-02-17
CUST09068,Mohini Nagarajan,Female,birvarenya@example.net,8769765553,Mehsana,Uttar Pradesh,India,2024-09-01
CUST09069,Veer Wali,Female,ybala@example.com,7522291278,Ghaziabad,Andhra Pradesh,India,2024-08-23
CUST09070,Harinakshi Prabhakar,Female,vidhi76@example.net,2636321424,Firozabad,Rajasthan,India,2023-06-08
CUST09071,Harita Bhardwaj,Female,chandreshcontractor@example.org,2914290817,Latur,Goa,India,2022-03-30
CUST09072,Jeremiah Gill,Female,ochand@example.org,9695850153,Mirzapur,Uttarakhand,India,2025-11-17
CUST09073,Omkaar Handa,Male,harish66@example.org,2476000546,Khora ,Andhra Pradesh,India,2022-09-16
CUST09074,Panini Kala,Male,bgolla@example.net,6009538767,Bihar Sharif,Telangana,India,2025-09-17
CUST09075,Wridesh Bali,Male,kalahayre@example.com,8773610422,Nellore,Arunachal Pradesh,India,2023-09-19
CUST09076,Mason Swamy,Male,ckarpe@example.net,0507684657,Kollam,Haryana,India,2022-01-28
CUST09077,Jagrati Chatterjee,Female,ranveergour@example.com,1269272584,Aligarh,Telangana,India,2026-07-12
CUST09078,Nirja Pingle,Male,joshifaqid@example.com,3109691160,Rewa,Manipur,India,2026-06-17
CUST09079,Simon Menon,Female,buchlaban@example.net,3572452932,Ozhukarai,Madhya Pradesh,India,2023-11-29
CUST09080,Ayaan Sagar,Male,reyansh44@example.org,3597355382,Maheshtala,Arunachal Pradesh,India,2021-09-08
CUST09081,Radha Balasubramanian,Male,qsaxena@example.net,2683445475,Srinagar,Manipur,India,2024-03-30
CUST09082,Jackson Singh,Female,bhaviniminhas@example.com,3386937476,Jamshedpur,Manipur,India,2024-09-08
CUST09083,Isaac Varkey,Female,lprashad@example.net,0081891689,Sultan Pur Majra,Kerala,India,2024-03-01
CUST09084,Yochana Vig,Female,fsaxena@example.com,1553759788,Agra,Haryana,India,2023-08-09
CUST09085,Veer Choudhary,Female,kgopal@example.com,6349825246,Tirupati,Madhya Pradesh,India,2025-06-26
CUST09086,Saksham Arora,Female,smemon@example.net,1891336156,Jhansi,Andhra Pradesh,India,2022-03-25
CUST09087,Wyatt Sarraf,Male,harisimon@example.org,4739141313,Katihar,Himachal Pradesh,India,2021-07-25
CUST09088,Pooja Sehgal,Female,munibhavini@example.com,5770376605,Serampore,Karnataka,India,2023-04-20
CUST09089,Indrajit Pal,Male,rhayre@example.net,8072056292,Jaunpur,Madhya Pradesh,India,2025-08-20
CUST09090,Dhruv Parsa,Female,agrawalvedant@example.com,6589336127,Tiruppur,Manipur,India,2022-02-06
CUST09091,Vinaya Wason,Male,jasonbajaj@example.org,5253129920,Ahmedabad,Arunachal Pradesh,India,2024-10-10
CUST09092,Indira Pathak,Female,johalmohammed@example.org,1771788812,Medininagar,Rajasthan,India,2023-12-28
CUST09093,Ojasvi Loke,Female,girishguha@example.com,6049486739,Chandrapur,Andhra Pradesh,India,2024-08-12
CUST09094,Widisha Chawla,Male,harish49@example.net,2426198119,Meerut,Odisha,India,2025-03-21
CUST09095,Yuvraj Sharaf,Female,lgandhi@example.com,4698017314,Baranagar,Assam,India,2024-04-29
CUST09096,Chakrika Nagar,Male,ksingh@example.net,2121729971,Visakhapatnam,Meghalaya,India,2026-05-04
CUST09097,Christopher Rana,Female,qushimemon@example.net,8243402259,Bokaro,Haryana,India,2026-07-09
CUST09098,Ranveer Mody,Male,chokshithomas@example.net,6587528366,Imphal,Tamil Nadu,India,2023-08-11
CUST09099,Jairaj Buch,Female,dalbir00@example.org,5350040641,Sambhal,Assam,India,2023-03-01
CUST09100,Lajita Lata,Male,vdevi@example.org,5795806283,Kottayam,Nagaland,India,2022-06-19
CUST09101,Jai Varughese,Male,logan36@example.org,0468686734,Thiruvananthapuram,Odisha,India,2025-02-06
CUST09102,Jalsa Kibe,Female,sacharwazir@example.org,7331902720,Navi Mumbai,Himachal Pradesh,India,2022-08-23
CUST09103,Wazir Mander,Male,xprabhu@example.net,3231398959,Noida,Nagaland,India,2026-05-17
CUST09104,Rehaan Salvi,Female,tejas01@example.com,9068924228,Dhule,Andhra Pradesh,India,2024-03-14
CUST09105,Falak Handa,Male,chaitalykala@example.org,8950567825,Aurangabad,Tripura,India,2021-08-24
CUST09106,Manan Sehgal,Male,lekha16@example.com,2741672232,Burhanpur,Himachal Pradesh,India,2023-09-15
CUST09107,Tristan Sankar,Male,harshilchana@example.net,8333848447,Rajkot,Chhattisgarh,India,2022-05-14
CUST09108,Advika Hans,Female,vyanjana30@example.com,9042380624,Alwar,Telangana,India,2024-12-08
CUST09109,Raghav Sabharwal,Male,yachana35@example.org,1439930153,Parbhani,Chhattisgarh,India,2025-04-18
CUST09110,Charles Lad,Female,ranbirmohanty@example.com,5962481462,Shimla,Tamil Nadu,India,2024-04-26
CUST09111,Yashica Natt,Male,murtytarak@example.org,4343165770,Navi Mumbai,Uttarakhand,India,2023-12-03
CUST09112,Naksh Deol,Male,chanakya16@example.com,5097364387,Anantapuram,Himachal Pradesh,India,2026-02-16
CUST09113,Azaan Choudhry,Female,pkulkarni@example.com,7014188117,Kumbakonam,Bihar,India,2024-03-17
CUST09114,Chakradev Kannan,Male,peter04@example.com,2795072770,Vijayawada,Rajasthan,India,2022-03-30
CUST09115,Hemang Butala,Male,pchatterjee@example.org,9120186346,Erode,Tamil Nadu,India,2024-10-07
CUST09116,Advika Prabhakar,Male,wvarty@example.net,1967778166,Bhilai,Odisha,India,2024-11-11
CUST09117,Fitan Mohanty,Female,trege@example.org,0596283707,Gandhinagar,Rajasthan,India,2024-07-11
CUST09118,Ria Gara,Female,divyabala@example.org,6488907908,Etawah,Karnataka,India,2025-04-20
CUST09119,Yasti Som,Female,zsarraf@example.org,6675578401,Gopalpur,Manipur,India,2025-12-22
CUST09120,Isha Ram,Female,shauryaandra@example.com,3915026721,Durgapur,Assam,India,2025-09-06
CUST09121,Chaitaly Ramaswamy,Male,msoni@example.org,7817015407,Kavali,Uttarakhand,India,2024-05-04
CUST09122,Jason Date,Male,nathanielgour@example.com,0787673591,Shimla,Punjab,India,2025-12-22
CUST09123,Gaurika Ramakrishnan,Male,daminithaman@example.org,9634885747,Hapur,Punjab,India,2021-09-26
CUST09124,Gautam Soman,Female,yuvrajmody@example.com,2265381466,Warangal,Kerala,India,2025-10-18
CUST09125,Yug Gaba,Male,saanvi06@example.com,3718788669,Sikar,Goa,India,2025-05-15
CUST09126,Chakrika Dyal,Female,balaywarda@example.com,2674547442,Karimnagar,Uttar Pradesh,India,2026-07-09
CUST09127,Upma Atwal,Male,patlaaarini@example.org,5720324028,Tenali,Goa,India,2026-02-13
CUST09128,Manthan Jani,Male,maharajgopal@example.org,6316181056,Jabalpur,Goa,India,2023-08-02
CUST09129,Samaksh Dasgupta,Male,max58@example.com,9341439842,Aizawl,Kerala,India,2025-10-07
CUST09130,Patrick Mohanty,Male,sinhameghana@example.com,9773656060,Gorakhpur,Madhya Pradesh,India,2023-10-06
CUST09131,Utkarsh Patla,Female,misraonveer@example.net,9255716210,Bahraich,Bihar,India,2025-01-30
CUST09132,Advik Sundaram,Female,lchaudhuri@example.org,2034180194,Berhampur,Goa,India,2023-07-10
CUST09133,Darsh Sankaran,Female,umalhotra@example.com,3239411501,Satna,Arunachal Pradesh,India,2022-10-10
CUST09134,Falan Nagar,Male,oliver00@example.com,0515451274,Jalgaon,Jharkhand,India,2022-08-07
CUST09135,Warhi Dora,Male,lavanya04@example.org,8522967106,Chittoor,Uttarakhand,India,2023-05-22
CUST09136,Idika Sheth,Female,nandinilata@example.org,6356490656,Secunderabad,Odisha,India,2023-04-02
CUST09137,Ojas Raman,Male,maharajyagnesh@example.org,9761393650,Solapur,Gujarat,India,2023-11-08
CUST09138,Amaira Ganguly,Male,lmemon@example.net,5117712463,Satna,Odisha,India,2024-08-01
CUST09139,Chatura Bala,Male,cthaman@example.net,5852708261,Rampur,Odisha,India,2026-06-05
CUST09140,Lopa Chacko,Female,karan98@example.net,6363471014,Tumkur,Nagaland,India,2024-03-09
CUST09141,Charan Saran,Male,lbrar@example.org,7891463382,Aizawl,Bihar,India,2022-12-28
CUST09142,Shivani Kala,Male,keyachakrabarti@example.net,9357933067,Tadepalligudem,Andhra Pradesh,India,2025-03-26
CUST09143,Liam Ramachandran,Female,somvanya@example.com,8779068374,Bhilwara,Bihar,India,2024-06-07
CUST09144,Nidhi Setty,Male,bhattinaya@example.org,9471666502,Pune,Mizoram,India,2023-08-31
CUST09145,Vivaan Mohan,Female,charvi84@example.net,7997431653,Jalandhar,Meghalaya,India,2022-12-05
CUST09146,Dhriti Karpe,Male,lakshitgarg@example.com,0554807867,Ghaziabad,Kerala,India,2024-12-15
CUST09147,Ekavir Bains,Male,imodi@example.org,2287192309,Kharagpur,Meghalaya,India,2025-02-19
CUST09148,Indali Narasimhan,Male,qreddy@example.com,7569848022,Buxar,Meghalaya,India,2024-11-13
CUST09149,Kashvi Nagarajan,Female,amairayohannan@example.com,9510055088,Jammu,Haryana,India,2024-07-14
CUST09150,Warhi Mammen,Male,vincenttak@example.org,9382285289,Rewa,Karnataka,India,2024-02-03
CUST09151,Amaira Gopal,Male,gnaidu@example.com,5198749047,Warangal,Uttar Pradesh,India,2021-10-13
CUST09152,Onkar Lad,Male,brijeshkara@example.com,0265997978,Vellore,Nagaland,India,2022-01-12
CUST09153,Lucky Karnik,Female,yagneshparikh@example.com,8858687072,Orai,Gujarat,India,2022-01-11
CUST09154,Vidhi Mann,Male,timothymisra@example.com,0893727048,Chandigarh,Rajasthan,India,2024-08-16
CUST09155,Balvan Keer,Male,surafaras@example.org,6494120246,Bongaigaon,Telangana,India,2022-07-10
CUST09156,Chaaya Balay,Male,aarnav01@example.com,0010660550,Bidar,Andhra Pradesh,India,2025-04-26
CUST09157,Yashvi Iyengar,Male,owenatwal@example.net,2463937423,Katni,Sikkim,India,2025-09-27
CUST09158,Anya Sarma,Male,pchoudhry@example.net,9157432919,Agra,Goa,India,2024-10-18
CUST09159,Nitesh Sandhu,Male,pinglefinn@example.com,1799132390,Jehanabad,Meghalaya,India,2021-09-28
CUST09160,Bhavika Chander,Male,mjohal@example.com,9929785696,Bhopal,Uttar Pradesh,India,2021-08-31
CUST09161,Suhani Khatri,Female,mekhaladevan@example.org,7490129520,Kavali,Kerala,India,2022-06-12
CUST09162,Chaitanya Gokhale,Male,edesai@example.com,7193009977,Aizawl,Gujarat,India,2022-03-05
CUST09163,Henry Mutti,Female,hiral40@example.org,3864408121,Siliguri,Odisha,India,2021-09-04
CUST09164,Tara Narasimhan,Female,ysamra@example.org,4841520518,Delhi,Tamil Nadu,India,2024-08-21
CUST09165,Fiyaz Gandhi,Female,jairaj02@example.org,7557721022,Bathinda,Chhattisgarh,India,2022-02-27
CUST09166,Abeer Lata,Female,ektaseth@example.net,7811791269,Shahjahanpur,Jharkhand,India,2026-06-26
CUST09167,Bishakha Bassi,Male,frado30@example.net,2210794239,Karaikudi,Haryana,India,2025-10-08
CUST09168,Balendra Kalla,Male,irya52@example.org,4056417653,Bulandshahr,Telangana,India,2025-05-23
CUST09169,Aarnav Bhatnagar,Male,boaselucky@example.com,0317194855,Eluru,Chhattisgarh,India,2023-06-16
CUST09170,Samar Ramanathan,Female,prashadutkarsh@example.net,6015858856,Dibrugarh,Meghalaya,India,2026-07-09
CUST09171,Ekansh Narula,Female,sekhonnidra@example.net,5199488354,Alappuzha,West Bengal,India,2025-05-11
CUST09172,Saumya Murthy,Female,gauravrai@example.com,9941893108,Giridih,Tripura,India,2021-08-08
CUST09173,Nidra Wadhwa,Female,ayaan56@example.com,3402006556,Bidar,Nagaland,India,2022-01-27
CUST09174,Hemani Goyal,Male,lsunder@example.org,4281896256,Hosur,Kerala,India,2024-03-26
CUST09175,Ekanta Char,Female,manneraagini@example.net,8434566770,Shahjahanpur,Uttarakhand,India,2026-03-29
CUST09176,Jalsa Palan,Male,karantrivedi@example.com,1453401023,Thane,Gujarat,India,2026-02-15
CUST09177,Rushil Tata,Male,auroraekiya@example.org,2809971173,Etawah,Manipur,India,2024-08-06
CUST09178,Rishi Tank,Female,nazarethandrew@example.com,1631857845,Khandwa,Rajasthan,India,2024-06-28
CUST09179,Jhalak Chandra,Male,netrajayaraman@example.org,8284695873,Mango,Maharashtra,India,2022-10-30
CUST09180,Advay Dhillon,Female,cchaudhry@example.org,0263213380,Purnia,Uttarakhand,India,2026-05-10
CUST09181,Hemal Parmer,Male,chameliborah@example.net,5287439871,Haldia,Karnataka,India,2022-11-19
CUST09182,Aayush Suri,Female,samakshthakkar@example.com,2790518628,Giridih,Tripura,India,2023-08-22
CUST09183,Gaurangi Kapadia,Male,zbava@example.com,5868186854,Suryapet,Madhya Pradesh,India,2023-03-01
CUST09184,Kamya Mittal,Male,xprasad@example.org,0059569958,Bhusawal,Sikkim,India,2023-06-09
CUST09185,Pooja Rattan,Male,ayushsura@example.org,3858174943,Thoothukudi,Haryana,India,2021-12-23
CUST09186,Charvi Dora,Male,jaikhurana@example.com,7541483283,Pali,Sikkim,India,2024-09-14
CUST09187,Advaith Bajaj,Female,gaurikachander@example.com,6264158728,Guna,Andhra Pradesh,India,2025-06-28
CUST09188,Dhriti Chad,Female,chandran79@example.org,0219867813,Anantapuram,Tripura,India,2022-02-21
CUST09189,Balveer Sathe,Female,kaleria@example.org,6461562122,Ulhasnagar,Bihar,India,2022-12-22
CUST09190,Matthew Bawa,Female,patlaamruta@example.org,7588368006,Bongaigaon,Nagaland,India,2023-12-18
CUST09191,Triveni Prasad,Male,ishanidhaliwal@example.org,6322866047,Dhanbad,Karnataka,India,2025-04-14
CUST09192,Yahvi Bawa,Female,yochanaboase@example.org,6083701832,Bihar Sharif,Madhya Pradesh,India,2022-11-09
CUST09193,Raagini Vala,Female,hemangborde@example.net,9910793618,Thrissur,Arunachal Pradesh,India,2025-05-15
CUST09194,Ubika Sarkar,Female,dhruv74@example.org,2160112288,Bellary,Meghalaya,India,2022-05-02
CUST09195,Falan Krishna,Male,jchander@example.net,3692404995,Warangal,Meghalaya,India,2026-02-12
CUST09196,Ansh Kunda,Male,murthyekiya@example.com,8397062124,Satna,Haryana,India,2025-05-18
CUST09197,Yahvi Mukherjee,Male,bandipatrick@example.com,0895209847,Saharsa,Tripura,India,2024-06-06
CUST09198,Garima Taneja,Female,wchowdhury@example.org,2643746068,Madanapalle,Kerala,India,2025-11-03
CUST09199,Harita Sahni,Male,niharika28@example.net,4107871520,Bettiah,Bihar,India,2021-10-22
CUST09200,Nidra Batta,Female,laladev@example.com,2223194978,Amaravati,Rajasthan,India,2024-06-18
CUST09201,Rajeshri Mody,Female,mallekalinga@example.org,1945523428,Chandrapur,Tripura,India,2025-11-18
CUST09202,Tarak Menon,Female,rudra90@example.org,0306335284,Chandrapur,Maharashtra,India,2025-12-07
CUST09203,Nilima Singhal,Male,yashoda84@example.org,8234202334,Sagar,Maharashtra,India,2025-08-29
CUST09204,Rajeshri Choudhry,Male,naveen65@example.com,9947313074,Raipur,Uttarakhand,India,2024-07-19
CUST09205,Ira Dhingra,Male,ccheema@example.com,6848788586,Howrah,Telangana,India,2025-02-24
CUST09206,Akshay Badami,Male,xloyal@example.net,5088537023,Guna,Madhya Pradesh,India,2024-10-13
CUST09207,Ladli Gera,Female,riya44@example.com,8647380174,Kota,Sikkim,India,2023-01-31
CUST09208,Mugdha Pillay,Male,manthan19@example.net,7701328716,Bathinda,Gujarat,India,2023-04-09
CUST09209,Reyansh Pandya,Female,fchandran@example.org,3172856652,Solapur,Odisha,India,2021-09-26
CUST09210,Qabil Viswanathan,Female,vedhikapurohit@example.net,2277063406,Narasaraopet,Assam,India,2023-03-16
CUST09211,Jagat Banerjee,Male,kamyayadav@example.org,5555321598,Dindigul,Karnataka,India,2022-11-20
CUST09212,Shivani Desai,Male,chhabrawahab@example.org,6325061883,Navi Mumbai,Chhattisgarh,India,2022-03-29
CUST09213,Tarak Prabhu,Male,vnair@example.net,1041256869,Pune,Bihar,India,2024-05-11
CUST09214,Harita Ratti,Female,chakradev31@example.net,8307786521,Agra,Arunachal Pradesh,India,2022-03-07
CUST09215,Isaac Chowdhury,Male,ekanshbhardwaj@example.org,5616140542,Tinsukia,Telangana,India,2024-09-18
CUST09216,Aayush Aurora,Female,ebali@example.org,7132422543,Yamunanagar,Mizoram,India,2026-02-20
CUST09217,Watika Parikh,Male,chhabraniharika@example.com,2837656928,Danapur,Rajasthan,India,2023-12-22
CUST09218,Xiti Karnik,Female,ubika62@example.com,1397335661,Satna,Meghalaya,India,2021-09-29
CUST09219,Vrinda Mand,Male,gabriel76@example.net,9026729942,Gudivada,Tamil Nadu,India,2026-03-05
CUST09220,Ronith Virk,Male,harinivirk@example.com,0462295779,Chittoor,Bihar,India,2022-04-30
CUST09221,Ayushman Venkataraman,Female,lallsiya@example.org,7469895392,Phagwara,Manipur,India,2022-11-10
CUST09222,Indali Vohra,Female,kapurnidhi@example.org,7219143279,Rajkot,Uttar Pradesh,India,2023-11-27
CUST09223,Charan Solanki,Female,oviya90@example.net,7205403358,Tenali,Arunachal Pradesh,India,2024-03-22
CUST09224,Vanya Cheema,Male,vmajumdar@example.com,1769561418,Akola,Tripura,India,2025-04-27
CUST09225,Geetika Padmanabhan,Female,max47@example.com,2889375841,Tiruppur,Maharashtra,India,2024-01-06
CUST09226,Qasim Ravel,Male,odasgupta@example.net,2392471533,Sangli-Miraj & Kupwad,Tamil Nadu,India,2023-04-16
CUST09227,Jason Bala,Male,tarazehaan@example.com,5002766605,Sagar,Meghalaya,India,2022-07-16
CUST09228,Triya Bhatia,Female,subramaniannoah@example.com,5635575885,Panihati,Goa,India,2023-12-16
CUST09229,Akshay Morar,Male,gaurikadara@example.com,6838958641,Ramgarh,West Bengal,India,2025-06-01
CUST09230,Vamakshi Savant,Male,guptafaris@example.com,0200300377,Anand,Mizoram,India,2024-04-24
CUST09231,Gagan Kurian,Female,vincentmemon@example.com,1680142847,Chennai,Himachal Pradesh,India,2022-05-25
CUST09232,Abdul Gola,Female,gauri31@example.com,3344392133,Allahabad,Nagaland,India,2025-10-31
CUST09233,Irya Ratta,Female,charhamsini@example.org,1582997196,Chandigarh,Sikkim,India,2022-04-19
CUST09234,Avi Raghavan,Female,zehaanrajagopal@example.com,7635576576,South Dumdum,Meghalaya,India,2022-01-20
CUST09235,Upma Sangha,Male,ryanshenoy@example.org,0247554263,Bhatpara,Manipur,India,2025-03-24
CUST09236,Harinakshi Shukla,Female,chandraekantika@example.com,2956347538,Alwar,Tamil Nadu,India,2024-07-15
CUST09237,Rudra Bhavsar,Male,wdugar@example.net,1419866583,Sagar,Madhya Pradesh,India,2026-03-13
CUST09238,Yatan Mohan,Male,darikakuruvilla@example.com,2059192659,Shimoga,Mizoram,India,2026-02-21
CUST09239,Hemal Varughese,Male,gbhatia@example.org,0862016480,Kottayam,West Bengal,India,2023-05-17
CUST09240,Amrita Sandal,Female,mitali76@example.org,1293893987,Salem,Goa,India,2026-01-05
CUST09241,Urvashi Guha,Male,talwartanish@example.org,3931193094,Durg,Andhra Pradesh,India,2021-12-05
CUST09242,Vaishnavi Andra,Male,muttitanish@example.net,1121596793,Chapra,Arunachal Pradesh,India,2024-05-07
CUST09243,Yashasvi Krishnan,Female,wpai@example.net,6359919348,Serampore,Meghalaya,India,2022-06-19
CUST09244,Yuvraj Sha,Female,iryadoctor@example.com,2198814756,Karnal,Tripura,India,2023-02-27
CUST09245,Rohan Manne,Female,jkeer@example.com,8765047241,Indore,Mizoram,India,2024-07-22
CUST09246,Kamya Bava,Male,mannanfrado@example.net,1055022262,Bokaro,Uttar Pradesh,India,2023-02-13
CUST09247,Chatura Mistry,Male,singhnandini@example.com,6512545205,Latur,Punjab,India,2025-04-17
CUST09248,Sanaya Mitter,Male,meghalal@example.com,3834666378,Bahraich,Goa,India,2022-02-27
CUST09249,Watika Dass,Female,bina93@example.net,8414847107,Ichalkaranji,Tamil Nadu,India,2022-10-10
CUST09250,Baghyawati Suri,Female,vasajack@example.org,3129072553,Nizamabad,Rajasthan,India,2022-03-23
CUST09251,Faraj Pathak,Female,fbuch@example.org,2542264577,Bharatpur,Kerala,India,2022-04-12
CUST09252,Fariq Ramakrishnan,Female,ygrewal@example.net,1721756083,Latur,Rajasthan,India,2026-05-21
CUST09253,Lopa Zachariah,Female,pben@example.net,3674535984,Bilaspur,Kerala,India,2022-09-13
CUST09254,Avi Kulkarni,Male,aarnav92@example.com,1082717569,Sangli-Miraj & Kupwad,Punjab,India,2025-11-13
CUST09255,Forum Chopra,Female,avinadkarni@example.com,7019902959,Ambattur,Karnataka,India,2023-07-20
CUST09256,Falak Wable,Female,diya31@example.net,7205154560,Miryalaguda,Gujarat,India,2022-05-19
CUST09257,Fariq Patla,Male,zchaudhary@example.org,6918253398,Eluru,Maharashtra,India,2025-10-11
CUST09258,Chandran Din,Female,zkaul@example.com,1663936947,Tinsukia,Telangana,India,2026-07-05
CUST09259,Forum Jhaveri,Female,badalaryan@example.com,8148866495,Panipat,West Bengal,India,2021-08-20
CUST09260,Laban Savant,Female,peterdubey@example.net,8085117020,Bikaner,Tripura,India,2021-10-11
CUST09261,Charan Bhatnagar,Male,deepachoudhary@example.com,2091792650,Karimnagar,Karnataka,India,2026-07-13
CUST09262,Akshay Swaminathan,Male,sekhonvedika@example.org,1862023669,Mirzapur,Chhattisgarh,India,2025-02-11
CUST09263,Nathaniel Mangal,Male,bmukhopadhyay@example.org,7963941764,Siwan,Tripura,India,2025-09-26
CUST09264,Yug Bahri,Male,neeliyengar@example.com,1027602398,Tirunelveli,Jharkhand,India,2024-10-01
CUST09265,Qarin Chander,Male,nsidhu@example.org,3541145122,Alwar,Punjab,India,2024-07-23
CUST09266,Warhi Thaker,Male,girishdeshmukh@example.com,9494601153,Dibrugarh,Tripura,India,2022-03-31
CUST09267,Priya Krishnamurthy,Male,diyengar@example.net,5254712002,Gurgaon,Uttarakhand,India,2023-05-02
CUST09268,Hemangini Mukhopadhyay,Male,jbath@example.com,2695633532,Mysore,Chhattisgarh,India,2025-09-04
CUST09269,Chasmum Shanker,Female,jacob97@example.com,2350728994,Ratlam,Jharkhand,India,2023-07-11
CUST09270,Robert Wadhwa,Male,manddaksha@example.org,1691408046,Kottayam,Goa,India,2025-07-05
CUST09271,Jonathan Sarkar,Male,fdar@example.net,6180112482,Bilaspur,Telangana,India,2022-01-04
CUST09272,Arunima Chaudhuri,Female,suriharsh@example.org,6781441824,Morbi,Goa,India,2022-01-28
CUST09273,Onkar Joshi,Female,bhavinichokshi@example.com,8316189322,Panvel,Jharkhand,India,2024-04-09
CUST09274,Charles Saini,Male,nairrohan@example.org,3399953469,Howrah,Chhattisgarh,India,2025-07-15
CUST09275,Kamya Madan,Female,nimratpant@example.net,9573581996,Rampur,Madhya Pradesh,India,2021-09-12
CUST09276,Robert Ramakrishnan,Male,xbhatti@example.org,9744892077,Hazaribagh,Chhattisgarh,India,2024-01-03
CUST09277,Nitara Ghosh,Female,taraklal@example.org,1248211140,Gwalior,Nagaland,India,2024-06-15
CUST09278,Shaurya Babu,Female,prisha84@example.com,5475830581,Ramagundam,Telangana,India,2024-09-21
CUST09279,Harsh Grover,Male,liambir@example.org,8907711436,Bhatpara,Nagaland,India,2023-02-28
CUST09280,Charan Prabhu,Male,advik71@example.org,0063006463,Khammam,Telangana,India,2023-12-11
CUST09281,Ranbir Trivedi,Female,utkarsh47@example.com,3187817346,Nangloi Jat,Sikkim,India,2024-09-20
CUST09282,Janaki Solanki,Female,sachichatterjee@example.net,9184868507,Narasaraopet,Rajasthan,India,2021-09-23
CUST09283,Parth Ray,Male,darasathvik@example.com,8934710299,Gandhidham,Rajasthan,India,2023-04-30
CUST09284,Elijah Sundaram,Male,sodhixiti@example.org,9117497735,Durgapur,Haryana,India,2023-07-23
CUST09285,Barkha Krishnan,Female,fiyazkata@example.net,9309012135,Karaikudi,Uttar Pradesh,India,2024-06-08
CUST09286,Mitali Bhakta,Male,hrao@example.net,9808053874,Ozhukarai,Telangana,India,2025-12-27
CUST09287,Januja Kala,Female,viraj52@example.com,0140442157,Khora ,Gujarat,India,2024-11-18
CUST09288,Omaja Majumdar,Female,pbarman@example.net,5266129022,Amravati,Chhattisgarh,India,2022-09-07
CUST09289,Saanvi Natt,Male,vivaan92@example.com,0705641565,Rohtak,Maharashtra,India,2025-06-28
CUST09290,Anjali Shroff,Female,sethicharan@example.org,3156228860,Tirupati,Goa,India,2022-01-06
CUST09291,Ishaan Dash,Female,falgunibali@example.com,7568140455,Dharmavaram,Sikkim,India,2021-08-30
CUST09292,Bhavna Chakraborty,Male,mandonveer@example.com,9208854907,Chinsurah,Madhya Pradesh,India,2022-11-18
CUST09293,Gautam Chakraborty,Female,manan68@example.com,4763967332,Chittoor,Kerala,India,2022-06-13
CUST09294,Balveer Magar,Male,handaisaiah@example.org,7466822928,Phusro,Goa,India,2026-06-27
CUST09295,Laksh Loyal,Male,jasmitsekhon@example.net,1539222944,Gurgaon,Maharashtra,India,2026-03-09
CUST09296,Ubika Garg,Female,lohitsalvi@example.com,9355813472,Meerut,Telangana,India,2024-09-03
CUST09297,Nitara Mall,Female,snagar@example.org,1573495189,Muzaffarnagar,Assam,India,2024-05-23
CUST09298,Aditya Sawhney,Female,bhavika09@example.com,9550169808,Mathura,Bihar,India,2024-01-20
CUST09299,Hemang Dutta,Female,lilachoudhary@example.com,7622614438,Silchar,Goa,India,2025-03-03
CUST09300,Kalpit Mandal,Female,fwalla@example.com,3896542559,Madurai,Uttarakhand,India,2022-09-15
CUST09301,Theodore Kunda,Male,gaurangi87@example.net,7200074937,Gurgaon,Rajasthan,India,2024-04-08
CUST09302,Wriddhish Mani,Male,nandahredhaan@example.net,6892723811,Indore,Tamil Nadu,India,2023-12-20
CUST09303,Fiyaz Morar,Male,daveaarav@example.com,3427564196,Parbhani,Maharashtra,India,2022-07-12
CUST09304,Krish Nath,Male,arin41@example.net,6930768403,Ujjain,Himachal Pradesh,India,2022-09-17
CUST09305,Isaiah Wason,Female,krish84@example.net,5616872190,Guwahati,Jharkhand,India,2024-09-28
CUST09306,Nitesh Krishnamurthy,Female,bbabu@example.org,6741423322,Pune,Punjab,India,2021-10-24
CUST09307,Ekantika Dhaliwal,Female,riya33@example.com,2305954754,Berhampur,Mizoram,India,2026-05-19
CUST09308,Devika Biswas,Female,gaurangkant@example.net,6399002466,Phagwara,Meghalaya,India,2023-01-19
CUST09309,Umang Narayan,Female,bansalekapad@example.net,8644969657,Farrukhabad,Meghalaya,India,2023-12-17
CUST09310,Kabir Balay,Male,osubramaniam@example.org,0459765715,Kolhapur,Karnataka,India,2024-08-13
CUST09311,Nirja Divan,Male,advik94@example.org,3621046356,Jalna,Uttarakhand,India,2021-11-16
CUST09312,Ganga Keer,Male,bhargavautkarsh@example.org,1910504189,Tezpur,Arunachal Pradesh,India,2024-03-25
CUST09313,Tara Rai,Male,masonprakash@example.com,0502678812,Kottayam,Madhya Pradesh,India,2026-07-05
CUST09314,Yasti Chatterjee,Female,tankbishakha@example.org,0313511088,Rampur,Mizoram,India,2026-02-10
CUST09315,Krish Gola,Male,amaira86@example.net,6525752770,Indore,Madhya Pradesh,India,2026-05-18
CUST09316,Nakul Chad,Male,qushi55@example.com,3787263406,Chandrapur,Mizoram,India,2025-10-17
CUST09317,Agastya Chacko,Male,spandit@example.net,2228765950,Morena,Arunachal Pradesh,India,2022-05-29
CUST09318,Utkarsh Prasad,Male,ekapad19@example.org,9036016915,Pune,Chhattisgarh,India,2023-02-14
CUST09319,Charan Panchal,Female,eshanaswamy@example.org,2757003078,Bhind,Haryana,India,2022-01-17
CUST09320,Anay Khalsa,Female,jhalakram@example.net,6859931875,Nanded,Uttar Pradesh,India,2024-12-15
CUST09321,Noah Patla,Female,ypai@example.net,1360689373,Lucknow,Sikkim,India,2022-11-02
CUST09322,Veda Khatri,Female,lgola@example.com,4831942980,Kumbakonam,Gujarat,India,2025-09-07
CUST09323,Lajita Bassi,Male,umukherjee@example.com,2344065039,Bareilly,Assam,India,2023-04-26
CUST09324,Lakshit Mahajan,Male,elijah87@example.org,2196919806,Rajpur Sonarpur,Telangana,India,2022-09-03
CUST09325,Chanchal De,Female,wallaraksha@example.net,6525550531,Katni,Goa,India,2021-09-25
CUST09326,Yutika Bhargava,Female,nviswanathan@example.net,2200241369,Jalgaon,Maharashtra,India,2023-12-04
CUST09327,Nicholas Lata,Male,chakradevranganathan@example.net,2867299968,Mahbubnagar,Punjab,India,2026-04-25
CUST09328,Joshua Chaudry,Female,avni38@example.com,3258388912,Maheshtala,Rajasthan,India,2021-09-21
CUST09329,Tejas Samra,Female,nimrat67@example.net,3197260964,Hazaribagh,Himachal Pradesh,India,2024-09-19
CUST09330,Omya Andra,Male,widisha06@example.net,5057294493,Rajahmundry,Goa,India,2023-07-07
CUST09331,Yasti Buch,Male,reyanshpall@example.org,2809187095,Gandhinagar,Gujarat,India,2025-04-19
CUST09332,Nathaniel Prabhakar,Male,ishitavenkataraman@example.net,6743863304,Bathinda,Manipur,India,2024-01-14
CUST09333,Qarin Pau,Male,ishanadig@example.net,4007369300,Ahmednagar,Uttar Pradesh,India,2022-09-01
CUST09334,Odika Manda,Male,epandya@example.net,5868843082,Suryapet,Sikkim,India,2023-09-08
CUST09335,Ethan Natt,Female,choudhuryarin@example.com,0921676108,Korba,Kerala,India,2023-10-27
CUST09336,Darpan Mani,Male,dguha@example.org,5636301853,Moradabad,Madhya Pradesh,India,2022-04-19
CUST09337,Rachana Gulati,Male,mahikabhavsar@example.org,0316508911,Raebareli,Uttarakhand,India,2024-04-30
CUST09338,Ekantika Raghavan,Male,theodore74@example.net,7104092443,Ulhasnagar,Andhra Pradesh,India,2025-01-17
CUST09339,Prisha Bhardwaj,Female,raaginidhar@example.net,7526234469,Patiala,Karnataka,India,2021-11-20
CUST09340,Girik Bera,Male,wsinghal@example.com,1328542668,Jamshedpur,Tripura,India,2024-02-19
CUST09341,Sanaya Doshi,Male,bhavya89@example.com,5969569087,Vellore,Chhattisgarh,India,2022-01-15
CUST09342,Pavani Ganguly,Male,priya43@example.com,3296260672,Sambhal,Nagaland,India,2023-04-25
CUST09343,Abhiram Palla,Male,smallick@example.org,7020355601,Tumkur,Arunachal Pradesh,India,2024-07-15
CUST09344,Oni Sandal,Male,hemani11@example.org,4750816915,Bhiwani,Assam,India,2025-12-20
CUST09345,Anirudh Raja,Male,mkrishna@example.com,4098997177,Sagar,Madhya Pradesh,India,2025-11-02
CUST09346,Upkaar Puri,Female,akohli@example.net,4024151607,Agra,Jharkhand,India,2021-07-27
CUST09347,Ganga Madan,Female,cgupta@example.com,7467034751,Kollam,Sikkim,India,2024-01-21
CUST09348,Udant Setty,Male,advaysehgal@example.org,6128967325,Nellore,Maharashtra,India,2022-05-09
CUST09349,Onkar Walla,Female,tanay49@example.com,0283128137,Bhiwani,Punjab,India,2023-02-04
CUST09350,Vedhika Choudhary,Male,brinda34@example.com,4472166279,Hazaribagh,Andhra Pradesh,India,2024-03-15
CUST09351,Tanay Barman,Female,chakrabartiveda@example.com,0953303957,Visakhapatnam,Rajasthan,India,2022-05-10
CUST09352,Gagan Sachdev,Male,pandeydarsh@example.org,8040403403,Barasat,Madhya Pradesh,India,2021-07-23
CUST09353,Bhanumati Subramanian,Male,andrabenjamin@example.net,7568368220,Aizawl,Mizoram,India,2025-04-04
CUST09354,Maya Palla,Female,janya19@example.org,5712818731,Karnal,Karnataka,India,2022-04-12
CUST09355,Gopal Mahajan,Female,falaknarayan@example.net,6326731323,Alappuzha,Kerala,India,2024-06-23
CUST09356,Vihaan Ahluwalia,Female,raaginibanerjee@example.com,8483938758,Ambala,Karnataka,India,2024-08-14
CUST09357,Rachit Gera,Male,charvisankaran@example.net,9569477494,Guna,Gujarat,India,2022-10-11
CUST09358,Deepa Bora,Female,tanaysolanki@example.net,6413046987,Sambhal,Tamil Nadu,India,2026-05-26
CUST09359,Lila Gupta,Female,bhardwajsiddharth@example.com,7999548780,Alappuzha,Maharashtra,India,2022-08-07
CUST09360,Karan Sekhon,Female,kalitaishanvi@example.com,4888252540,Rewa,Sikkim,India,2025-08-11
CUST09361,Kritika Sastry,Male,lsrinivas@example.org,8807715696,Latur,Andhra Pradesh,India,2022-02-09
CUST09362,Keya Sarna,Female,ndara@example.com,6974097729,Bihar Sharif,Madhya Pradesh,India,2024-03-25
CUST09363,Lakshmi Bhatnagar,Male,gmann@example.com,2977767355,Kamarhati,Gujarat,India,2022-10-01
CUST09364,Ranveer Sabharwal,Female,kamya82@example.com,7824971598,Meerut,Karnataka,India,2023-03-19
CUST09365,Farhan Memon,Female,revakhatri@example.org,5026140511,Orai,Tripura,India,2025-06-05
CUST09366,Chakradev Dani,Male,mdutta@example.com,1417845734,Ajmer,Andhra Pradesh,India,2024-03-22
CUST09367,Hritik Tailor,Male,anmolpant@example.com,9735228301,Mathura,Uttarakhand,India,2026-04-23
CUST09368,Indrajit Bhakta,Male,shravya79@example.org,2984703278,Mango,Chhattisgarh,India,2024-07-17
CUST09369,Banjeet Kulkarni,Male,kashish20@example.net,6901189081,Mathura,Telangana,India,2024-05-31
CUST09370,Vrinda Rao,Male,qdoshi@example.org,9782612647,Srikakulam,Goa,India,2025-03-15
CUST09371,Hamsini Prasad,Male,dakshjani@example.org,4586492589,Kota,Goa,India,2025-10-13
CUST09372,Tarak Bora,Male,lshroff@example.com,0975621665,Korba,Telangana,India,2023-08-24
CUST09373,Alka Rout,Male,georgesharaf@example.net,9781948150,Bally,Rajasthan,India,2024-08-02
CUST09374,Udyati Vyas,Male,vedhikapathak@example.net,8785213506,Gaya,Uttarakhand,India,2026-05-02
CUST09375,Aryan Koshy,Female,lekha88@example.net,1827136346,Satara,Karnataka,India,2021-08-20
CUST09376,Vincent Babu,Male,msane@example.org,7831407053,Jammu,Punjab,India,2022-09-23
CUST09377,Rayaan Saxena,Male,uchadha@example.com,1728704587,Bahraich,Maharashtra,India,2024-02-17
CUST09378,Samaksh Khatri,Female,aradhananaik@example.org,8996055169,Chandigarh,Maharashtra,India,2025-08-25
CUST09379,Ryan Walia,Male,charoviya@example.net,0680092709,Munger,Jharkhand,India,2023-09-24
CUST09380,Indali Shenoy,Male,luckynaidu@example.net,7810596734,Bahraich,Andhra Pradesh,India,2024-02-19
CUST09381,Sara Gera,Female,radhikasinghal@example.org,2777429306,Medininagar,Mizoram,India,2021-08-04
CUST09382,Krisha Sekhon,Female,mohini81@example.net,5601592020,Hospet,Tamil Nadu,India,2026-03-16
CUST09383,Nisha Kashyap,Male,hredhaanchatterjee@example.org,3212904996,Morena,Telangana,India,2025-01-15
CUST09384,Isaac Gole,Female,jbasu@example.net,2970392904,Guntur,Chhattisgarh,India,2025-07-17
CUST09385,Wyatt Nadkarni,Female,unnikara@example.net,7320923212,Chittoor,Tamil Nadu,India,2025-01-14
CUST09386,Chaitanya Nagarajan,Male,gabasai@example.net,2977740496,Cuttack,Kerala,India,2025-05-13
CUST09387,Joshua Bhat,Male,egola@example.org,9825081860,Cuttack,Gujarat,India,2026-07-15
CUST09388,Veda Narula,Female,opillai@example.com,4081884673,Avadi,Arunachal Pradesh,India,2024-10-22
CUST09389,Chakradhar Murty,Male,aarna28@example.com,8971403287,Imphal,Andhra Pradesh,India,2024-04-08
CUST09390,Oviya Bhavsar,Female,rde@example.com,9338552848,Pune,Haryana,India,2024-11-02
CUST09391,Eesha Balan,Female,babudarpan@example.org,6063273510,Bidar,Chhattisgarh,India,2025-09-11
CUST09392,Jagdish Dyal,Female,janaki21@example.net,9452101113,Chittoor,Uttar Pradesh,India,2024-08-13
CUST09393,Ekalinga Dhar,Female,ayushkurian@example.net,0338938386,Bhubaneswar,West Bengal,India,2026-07-14
CUST09394,Ijaya Vyas,Male,ftandon@example.net,9251621490,Darbhanga,Jharkhand,India,2026-02-12
CUST09395,Krisha Patla,Male,pranit47@example.net,7128385569,Agra,Kerala,India,2025-11-07
CUST09396,Mohini De,Female,anaygill@example.com,4297872160,Rampur,West Bengal,India,2022-06-06
CUST09397,Ridhi Borah,Female,turvibarad@example.org,4197695972,Deoghar,Chhattisgarh,India,2023-04-14
CUST09398,Yahvi Goyal,Male,ekapad15@example.net,7509296896,Bathinda,Goa,India,2022-06-30
CUST09399,Benjamin Ravi,Male,ishwar66@example.net,1388058639,Nellore,Odisha,India,2025-08-28
CUST09400,Lakshit Srinivasan,Male,saiborra@example.com,7190603541,Faridabad,Punjab,India,2023-05-26
CUST09401,Shravya Sandal,Male,rnori@example.net,9568682497,Naihati,West Bengal,India,2023-09-21
CUST09402,Maanas Sani,Male,devansh99@example.net,2253843659,Kulti,Telangana,India,2025-02-27
CUST09403,Azaan Saxena,Male,dhriti28@example.org,1078716732,Raichur,Goa,India,2023-07-07
CUST09404,Chaitaly Lalla,Female,amairasubramanian@example.net,7649030541,Motihari,Maharashtra,India,2021-12-13
CUST09405,Yutika Barad,Female,ghayer@example.net,5323564953,Kollam,West Bengal,India,2025-12-24
CUST09406,Jagvi Jaggi,Female,krishsamar@example.com,1517642175,Katni,Rajasthan,India,2025-10-10
CUST09407,Simon Date,Male,jyoti58@example.org,3657255021,Srinagar,Arunachal Pradesh,India,2024-05-19
CUST09408,Panini Misra,Female,osibal@example.com,3918764817,Ghaziabad,Karnataka,India,2025-09-03
CUST09409,Finn Butala,Male,zachariaheiravati@example.com,6926874666,Kota,Andhra Pradesh,India,2024-08-31
CUST09410,Naveen Minhas,Female,sabharwalbarkha@example.net,9616650985,Kavali,Maharashtra,India,2024-03-12
CUST09411,Jagvi Gaba,Female,alkatank@example.org,6939699643,Nagpur,Odisha,India,2024-04-12
CUST09412,Nidra Vohra,Male,sharmafaras@example.org,8217975690,Pondicherry,Rajasthan,India,2025-10-21
CUST09413,Lopa Sengupta,Female,varya@example.org,0041064742,Sirsa,Bihar,India,2024-11-20
CUST09414,Neha Korpal,Female,panditjeevika@example.org,5864610227,Jorhat,Madhya Pradesh,India,2024-09-23
CUST09415,Chaitanya Peri,Female,dubeaadhya@example.net,5993955155,Bally,West Bengal,India,2022-09-28
CUST09416,Dominic Mangat,Female,lbaria@example.com,0021228471,Bilaspur,Sikkim,India,2021-10-31
CUST09417,Hardik Chadha,Male,farispant@example.net,8634661609,Bokaro,Manipur,India,2025-08-17
CUST09418,Chaman Lad,Male,devicaleb@example.org,9512174660,Karimnagar,Haryana,India,2022-04-21
CUST09419,Nitara Khare,Female,gkothari@example.net,6950605121,Jamnagar,Telangana,India,2022-12-11
CUST09420,Nisha Kuruvilla,Female,ekavir55@example.org,9760489368,Kozhikode,Tamil Nadu,India,2025-06-03
CUST09421,Zaitra Parmer,Male,tanay67@example.com,6689249081,Muzaffarpur,Odisha,India,2021-12-22
CUST09422,Owen Wagle,Female,sagarwal@example.com,1795560333,Indore,Tamil Nadu,India,2026-04-30
CUST09423,Quincy Kashyap,Male,chavvi29@example.org,8262494697,Udupi,Haryana,India,2025-02-13
CUST09424,Balvan Behl,Male,grewalupadhriti@example.com,4186270743,Tiruvottiyur,Bihar,India,2023-01-11
CUST09425,Adya Sood,Male,netra60@example.org,5580738044,Amravati,Nagaland,India,2021-10-22
CUST09426,Rehaan Sidhu,Female,ymurty@example.org,0379836981,Gandhidham,Chhattisgarh,India,2021-08-11
CUST09427,Arya Jani,Female,cjani@example.com,4372131627,Bettiah,Manipur,India,2025-11-09
CUST09428,Frado Sawhney,Male,harishsastry@example.com,5131938605,Panihati,Madhya Pradesh,India,2025-05-04
CUST09429,Januja Soni,Female,tara66@example.org,9561017838,Meerut,Uttarakhand,India,2024-09-28
CUST09430,Ekbal Nayar,Male,imaran71@example.org,8939667556,Bulandshahr,Rajasthan,India,2022-06-26
CUST09431,Ridhi Mishra,Male,vincent15@example.com,7807537683,Madanapalle,Karnataka,India,2026-01-22
CUST09432,Udant Doshi,Male,dashlohit@example.org,7693976790,Kakinada,Rajasthan,India,2024-06-05
CUST09433,Siddharth Prashad,Male,vbedi@example.com,5473911648,Mirzapur,Madhya Pradesh,India,2026-02-04
CUST09434,Bhavika Kohli,Male,yashvi48@example.org,3670272074,Nashik,Assam,India,2022-06-05
CUST09435,Naveen Dube,Male,oshukla@example.com,2419463354,Meerut,Odisha,India,2023-05-20
CUST09436,Yatan Dey,Male,spalla@example.com,5530751409,Jammu,Gujarat,India,2025-05-31
CUST09437,Arya Mahajan,Male,ssachdeva@example.com,3846122983,Sambhal,Uttarakhand,India,2025-11-12
CUST09438,Omaja Narasimhan,Male,ansh29@example.org,6294311905,Bilaspur,Tripura,India,2026-04-09
CUST09439,Vanya Tak,Male,meghanaravi@example.net,2990338538,Shimoga,Mizoram,India,2025-06-06
CUST09440,Isaiah Virk,Female,aishani40@example.com,5029698478,Raipur,Himachal Pradesh,India,2022-12-19
CUST09441,Udyati Taneja,Female,pillaigirish@example.com,6949926520,Bathinda,Tamil Nadu,India,2023-10-03
CUST09442,Kalpit Sampath,Male,eandra@example.com,1871134436,Kishanganj,Haryana,India,2024-09-18
CUST09443,Ronith Deshpande,Female,lpatla@example.com,3981863822,Morbi,Maharashtra,India,2023-11-27
CUST09444,Ria Raj,Female,qbedi@example.org,3441824693,Berhampore,Meghalaya,India,2026-04-30
CUST09445,Mitali Malhotra,Female,abhimanyu10@example.org,1241570741,Jorhat,Goa,India,2023-02-11
CUST09446,Nilima Prashad,Female,sarafaarna@example.com,1979626404,Sri Ganganagar,West Bengal,India,2023-01-22
CUST09447,Umang Sathe,Female,nakshchahal@example.com,9688694413,Nangloi Jat,Kerala,India,2022-02-08
CUST09448,Advika Thaker,Female,kapurwilliam@example.org,0328915145,Amroha,Arunachal Pradesh,India,2022-08-23
CUST09449,Baghyawati Anand,Female,samarthrama@example.net,6466985641,Hosur,Uttarakhand,India,2026-06-10
CUST09450,Jagdish Ganesh,Female,yachanadhaliwal@example.net,8909087143,Kalyan-Dombivli,Bihar,India,2023-09-26
CUST09451,Urishilla Lall,Female,brinda94@example.com,7233432055,Sirsa,Chhattisgarh,India,2023-11-08
CUST09452,Jasmit Banik,Male,ybhandari@example.com,4083424565,Khandwa,Haryana,India,2025-07-06
CUST09453,Neel Mandal,Female,baljiwanpandey@example.net,2867786866,Davanagere,Telangana,India,2022-10-18
CUST09454,Janya Tandon,Male,rbanik@example.com,3038246725,Pali,Tripura,India,2024-01-20
CUST09455,Anvi Chopra,Female,baradayaan@example.com,7711572598,Etawah,Manipur,India,2026-05-02
CUST09456,Tanay Issac,Male,isaha@example.org,9322460492,Dhanbad,Sikkim,India,2021-12-13
CUST09457,Qarin Kashyap,Male,pranitchahal@example.com,3533071240,Kanpur,Sikkim,India,2026-03-27
CUST09458,Upasna Dey,Female,dayitaarora@example.com,7348923636,Danapur,Uttarakhand,India,2021-10-08
CUST09459,Januja Nanda,Female,cvarty@example.net,3806068294,Phusro,Gujarat,India,2026-03-05
CUST09460,Charvi Kunda,Male,vkorpal@example.org,1492935075,Bhilwara,Karnataka,India,2023-01-27
CUST09461,Shivansh Chada,Female,barkha64@example.org,8269963077,Hazaribagh,Rajasthan,India,2022-07-27
CUST09462,Farhan Sant,Female,wablewilliam@example.org,6263176455,Meerut,Uttar Pradesh,India,2023-09-27
CUST09463,Chameli Wadhwa,Female,qsamra@example.net,9390680078,Ambarnath,Meghalaya,India,2025-06-01
CUST09464,Yochana Misra,Female,banjeetpanchal@example.com,7891256827,Ozhukarai,Himachal Pradesh,India,2022-10-02
CUST09465,Madhavi Ganesh,Male,yasti50@example.net,6230522378,Bangalore,Assam,India,2025-04-20
CUST09466,Aarush Goswami,Male,upasna25@example.net,3381100864,Dharmavaram,Sikkim,India,2022-11-10
CUST09467,Amrita Pandit,Female,triya96@example.net,9613130063,Bellary,Himachal Pradesh,India,2023-05-31
CUST09468,Patrick Yohannan,Male,yatan51@example.org,0966829466,Kolhapur,Kerala,India,2025-11-29
CUST09469,Advay Chaudhuri,Male,aryanravi@example.org,0208625837,Rampur,Manipur,India,2023-05-25
CUST09470,Charles Bava,Female,raghavdeep@example.net,4116015861,Ghaziabad,Meghalaya,India,2025-06-15
CUST09471,Nandini Saran,Female,unnati64@example.net,1508836615,Sasaram,Meghalaya,India,2024-02-05
CUST09472,Avni Loke,Female,ipal@example.org,5523168421,Korba,Telangana,India,2024-12-04
CUST09473,Pallavi Sarraf,Female,mistryfarhan@example.org,8914240779,Proddatur,Arunachal Pradesh,India,2026-01-13
CUST09474,Joshua Rajagopal,Male,srinivasandevansh@example.com,8945704815,Mangalore,Madhya Pradesh,India,2022-06-01
CUST09475,Omaja Shere,Male,avnisant@example.com,7429075303,Raiganj,West Bengal,India,2024-07-09
CUST09476,Zashil Dewan,Male,nkeer@example.org,2684627441,Ulhasnagar,Tamil Nadu,India,2022-11-21
CUST09477,Onkar Patil,Female,dhritimittal@example.org,2147383375,Morena,Karnataka,India,2023-08-30
CUST09478,Qasim Garg,Female,tandongaurangi@example.com,5355319646,Ambattur,Tamil Nadu,India,2024-08-08
CUST09479,Hemang Roy,Female,jgulati@example.com,9896322033,Kozhikode,Sikkim,India,2023-01-10
CUST09480,Gunbir Chowdhury,Female,chakrabortybanjeet@example.org,2112381249,Raurkela Industrial Township,Kerala,India,2021-12-04
CUST09481,Darika Bail,Male,kashyapfaris@example.net,6636466969,Farrukhabad,Assam,India,2025-12-24
CUST09482,Tristan Taneja,Female,agastya89@example.net,3877932953,Jalandhar,Arunachal Pradesh,India,2022-12-17
CUST09483,Pahal Pillai,Female,bahlbhanumati@example.com,3065988057,Bidhannagar,Odisha,India,2021-10-21
CUST09484,Yutika Chauhan,Female,msampath@example.com,1628473249,Moradabad,Uttarakhand,India,2021-12-04
CUST09485,Vanya Chhabra,Male,wdani@example.org,2668812684,Jaipur,Uttar Pradesh,India,2023-05-23
CUST09486,Nitara Grewal,Male,bhattacharyyachatresh@example.com,8123872523,Silchar,Madhya Pradesh,India,2025-02-25
CUST09487,Eiravati Chanda,Female,nachiketchoudhury@example.com,5233551669,Navi Mumbai,Kerala,India,2024-10-13
CUST09488,Jeremiah Bandi,Female,gayathrigopal@example.org,8647697626,Ghaziabad,Assam,India,2021-08-19
CUST09489,Baghyawati Kala,Male,tanveer27@example.com,2531242905,Bettiah,Meghalaya,India,2022-11-20
CUST09490,Unnati Balan,Female,bhatfaraj@example.org,8273708910,Raebareli,Goa,India,2026-05-19
CUST09491,Noah Dhaliwal,Female,gdube@example.net,3949616055,Phusro,Sikkim,India,2021-12-10
CUST09492,Benjamin Nagy,Male,jagdish25@example.com,3128578882,Bahraich,Manipur,India,2022-04-05
CUST09493,Teerth Babu,Male,byogi@example.com,8505173052,Visakhapatnam,Maharashtra,India,2026-01-25
CUST09494,Peter Gupta,Male,vasatikagour@example.org,1920412517,Ambarnath,Arunachal Pradesh,India,2025-01-04
CUST09495,Naksh Swamy,Female,iyengardhriti@example.com,5479717666,Pali,Manipur,India,2025-06-06
CUST09496,Yachana Kaul,Male,gaurav80@example.org,9858788071,Bhatpara,Bihar,India,2025-08-24
CUST09497,Osha Swamy,Male,tbandi@example.net,8308858898,Bidar,Goa,India,2023-09-13
CUST09498,Chameli Gara,Female,ayush54@example.net,8628883950,Mangalore,Karnataka,India,2023-10-22
CUST09499,Neelima Srinivasan,Male,veer16@example.org,5095051686,Udupi,Odisha,India,2023-08-22
CUST09500,Ishaan Kari,Male,nagiunnati@example.org,5929585215,Medininagar,Meghalaya,India,2024-02-24
CUST09501,Elijah Dhaliwal,Male,ekarajdani@example.net,5187045942,Khandwa,Goa,India,2026-01-18
CUST09502,Nachiket Prashad,Female,kuruvillaojas@example.org,6758714838,Rampur,Bihar,India,2022-01-18
CUST09503,Jagat Minhas,Female,oliveramble@example.org,2185318320,Maheshtala,Punjab,India,2026-06-03
CUST09504,Watika Bhavsar,Female,tristannarayan@example.net,2699517672,Hapur,Meghalaya,India,2022-07-11
CUST09505,Ansh Borra,Male,kuppal@example.net,7539114063,Delhi,Maharashtra,India,2022-05-11
CUST09506,Azaan Sarin,Male,gabaazaan@example.com,6506441290,Bhopal,Assam,India,2026-04-07
CUST09507,Barkha Sandhu,Male,kabir17@example.com,3508343910,Kumbakonam,Andhra Pradesh,India,2024-04-30
CUST09508,Gaurangi Gala,Female,gmital@example.com,5567704664,Siliguri,Nagaland,India,2026-04-03
CUST09509,Karan Bava,Female,hsengupta@example.org,3341057193,Cuttack,Nagaland,India,2025-10-21
CUST09510,Timothy Apte,Male,hemangchoudhry@example.org,6513490152,Rajpur Sonarpur,Goa,India,2026-04-28
CUST09511,Ojasvi Lalla,Female,sdas@example.org,4456045124,Dibrugarh,Arunachal Pradesh,India,2023-05-09
CUST09512,Aayush Saxena,Female,brindasarna@example.org,9122789865,Guna,Punjab,India,2026-01-18
CUST09513,Raksha Banerjee,Male,samianthony@example.org,6671218244,Bongaigaon,Himachal Pradesh,India,2022-09-11
CUST09514,Zehaan Sankaran,Female,jhalak33@example.com,5189715665,Etawah,Meghalaya,India,2023-06-11
CUST09515,Ekbal Barad,Female,mpau@example.net,7865073904,Thrissur,Meghalaya,India,2023-12-02
CUST09516,Pavani Chander,Male,athaman@example.net,5303966879,Saharanpur,Gujarat,India,2022-09-16
CUST09517,Kiaan Nagar,Male,aranganathan@example.org,8001290254,Kolkata,West Bengal,India,2022-02-19
CUST09518,Ekani Raja,Male,iyerimaran@example.net,0024885148,Sikar,Karnataka,India,2021-08-09
CUST09519,Gautami Bhargava,Male,vanya99@example.com,3553941699,Solapur,Punjab,India,2025-08-04
CUST09520,Yashvi Acharya,Female,ganeshforum@example.com,4948440920,Gulbarga,Kerala,India,2026-04-29
CUST09521,Hritik Nath,Female,iranarayan@example.net,2460066347,Dehri,Tamil Nadu,India,2025-01-13
CUST09522,Vasatika Kala,Male,qprabhakar@example.org,7278749572,Patna,Uttar Pradesh,India,2026-06-24
CUST09523,Yashasvi Khosla,Male,indrajit34@example.net,8983088139,Anand,Karnataka,India,2021-10-30
CUST09524,Nisha Butala,Female,sswaminathan@example.com,4789964506,Mirzapur,Punjab,India,2025-05-09
CUST09525,Abeer Ratta,Male,esagar@example.com,4432240693,Orai,Uttar Pradesh,India,2023-08-24
CUST09526,Vihaan Acharya,Male,om58@example.org,3430517847,Dharmavaram,Tripura,India,2024-07-08
CUST09527,Madhavi Bawa,Male,guptaelijah@example.org,3059166568,Machilipatnam,Goa,India,2024-03-26
CUST09528,Ayushman Vora,Male,shahojas@example.com,6228584458,Bijapur,Meghalaya,India,2023-02-19
CUST09529,Harsh Bhatti,Female,chaudharylila@example.org,7893068506,Tadipatri,Karnataka,India,2024-01-08
CUST09530,Jairaj Kapur,Male,akeer@example.com,9194735858,Shimoga,Chhattisgarh,India,2026-01-14
CUST09531,Waida Manda,Male,aroraurvi@example.net,0097097579,Mau,Himachal Pradesh,India,2022-10-18
CUST09532,Azaan Vyas,Female,johalucchal@example.com,6847063921,Bhind,Telangana,India,2021-11-16
CUST09533,Ganga Parmar,Male,nayakkeya@example.org,2169937683,Bihar Sharif,Madhya Pradesh,India,2024-05-30
CUST09534,Ryan Sandhu,Female,pooja16@example.net,9583973958,Kadapa,Kerala,India,2023-06-14
CUST09535,Upma Raju,Male,pratyushsarraf@example.com,7889791108,Secunderabad,Gujarat,India,2024-01-27
CUST09536,Jeevika Narasimhan,Male,echakrabarti@example.net,1364576878,Jhansi,Assam,India,2023-10-22
CUST09537,Niharika Dave,Male,varkeyeta@example.com,5280249860,Meerut,Andhra Pradesh,India,2022-04-27
CUST09538,Dalaja Sagar,Female,bansalnilima@example.com,1956897878,Sambalpur,Himachal Pradesh,India,2023-11-04
CUST09539,Bahadurjit Ray,Male,ibobal@example.net,9925954510,Vellore,Haryana,India,2024-06-27
CUST09540,Qasim Brar,Male,minhasreva@example.com,8322409747,North Dumdum,Punjab,India,2023-10-08
CUST09541,Jalsa Sibal,Male,ibains@example.com,5173856809,Ballia,Maharashtra,India,2024-03-30
CUST09542,Dayita Bakshi,Male,urvashitara@example.org,2409860742,Gangtok,Andhra Pradesh,India,2021-10-13
CUST09543,Ayush Parekh,Female,rajuaadi@example.com,1868631154,Ozhukarai,West Bengal,India,2023-02-07
CUST09544,Raghav Mall,Male,karavni@example.com,6464269229,Varanasi,Arunachal Pradesh,India,2022-12-23
CUST09545,Gabriel Krish,Female,damyanti13@example.org,9953339175,Nangloi Jat,Uttar Pradesh,India,2022-11-18
CUST09546,Hemangini Murthy,Female,raghavdar@example.net,9301941669,Tadipatri,Mizoram,India,2025-06-01
CUST09547,Amrita Amble,Female,samar47@example.com,3343670175,Jaipur,Nagaland,India,2025-07-16
CUST09548,Finn Tandon,Female,harrisonchad@example.com,1578054224,Tenali,Kerala,India,2025-11-10
CUST09549,Hemal Kakar,Male,dakshesh67@example.com,7721793229,Jhansi,Telangana,India,2021-10-08
CUST09550,Saanvi Shan,Female,chaaya82@example.org,8629317016,Sultan Pur Majra,Uttarakhand,India,2022-09-17
CUST09551,Arya Mishra,Female,mallfalak@example.com,0853487657,Dindigul,Manipur,India,2024-03-22
CUST09552,Ayushman Koshy,Male,chackolipika@example.net,6155385088,Siliguri,Bihar,India,2024-10-05
CUST09553,Jason Tella,Male,kundadakshesh@example.net,4165232049,Silchar,Karnataka,India,2025-06-30
CUST09554,Ranveer Tiwari,Female,nihal02@example.org,8942320516,Vijayawada,Sikkim,India,2024-10-20
CUST09555,Amara Gokhale,Female,anjalirana@example.org,2165726683,Kumbakonam,Uttar Pradesh,India,2024-01-21
CUST09556,Ria Upadhyay,Male,indrajit39@example.org,2316738696,Jabalpur,Jharkhand,India,2025-05-12
CUST09557,Ishaan Pai,Female,aarnav61@example.net,7401093620,Serampore,Uttar Pradesh,India,2025-05-13
CUST09558,Aarnav D’Alia,Female,aishaniwalia@example.net,2635249106,Dewas,Jharkhand,India,2025-09-09
CUST09559,Ekaraj Ahluwalia,Male,wadhwabrinda@example.com,5227476914,Gorakhpur,Tripura,India,2022-04-15
CUST09560,Zaid Zachariah,Male,aachal60@example.com,6098582499,Imphal,Andhra Pradesh,India,2021-11-06
CUST09561,Gagan Vora,Female,parth18@example.net,8160170867,Panvel,Telangana,India,2023-10-30
CUST09562,Azad Sawhney,Male,krishnamishra@example.net,8047966528,Bilaspur,Himachal Pradesh,India,2025-10-21
CUST09563,Wazir Dua,Female,nidhisastry@example.net,2549366531,Bidhannagar,Assam,India,2021-11-04
CUST09564,Warda Nagy,Female,harish48@example.com,5366763828,Proddatur,Gujarat,India,2025-11-10
CUST09565,Hitesh Solanki,Male,galaati@example.net,9764921986,Latur,Andhra Pradesh,India,2022-07-13
CUST09566,Sachi Morar,Female,senkai@example.org,0555848769,Gangtok,Madhya Pradesh,India,2022-06-29
CUST09567,Edhitha Gera,Female,mitalgayathri@example.com,3520350275,Purnia,Madhya Pradesh,India,2026-01-19
CUST09568,Harrison Brar,Female,gedwin@example.com,9600040375,Agartala,Tamil Nadu,India,2024-06-02
CUST09569,Nicholas Johal,Female,abharaghavan@example.org,6630789337,Bally,Nagaland,India,2026-07-21
CUST09570,Tamanna Mitra,Male,leena76@example.org,9934854906,Kirari Suleman Nagar,Uttar Pradesh,India,2025-12-21
CUST09571,Zashil Lanka,Female,jainmaanas@example.net,1303679308,Hajipur,Haryana,India,2023-01-11
CUST09572,Aayush Som,Male,ysane@example.net,1692733217,Sagar,Rajasthan,India,2024-05-30
CUST09573,Faraj Raval,Male,tarak09@example.net,4950898868,Mirzapur,Chhattisgarh,India,2025-03-27
CUST09574,Vihaan Desai,Female,siddharth34@example.org,4905118350,Bally,Uttar Pradesh,India,2025-08-21
CUST09575,Ayushman Bir,Male,liam34@example.org,6428167790,Sambhal,Tripura,India,2024-12-13
CUST09576,Ati Kota,Female,anamika44@example.org,1944476149,Dindigul,Uttar Pradesh,India,2023-03-31
CUST09577,Abha Chander,Female,varshasingh@example.org,2126650148,South Dumdum,Nagaland,India,2025-06-22
CUST09578,Arya Prakash,Male,lramaswamy@example.net,5005171163,Thiruvananthapuram,Chhattisgarh,India,2021-10-02
CUST09579,Raksha Bansal,Male,sanyadalal@example.org,9944557061,Mirzapur,Andhra Pradesh,India,2026-02-27
CUST09580,Warjas Baria,Male,leela03@example.com,8418661250,Latur,Andhra Pradesh,India,2023-05-01
CUST09581,Vinaya Bhagat,Male,thamanjagdish@example.net,3807242730,Ludhiana,Jharkhand,India,2021-11-14
CUST09582,Kashvi Wason,Female,xdatta@example.net,0336166160,Amravati,Odisha,India,2022-12-02
CUST09583,Andrew Puri,Male,unarula@example.net,0963546424,Amaravati,Tripura,India,2026-04-26
CUST09584,Aryan Dhillon,Male,watwal@example.org,8472478466,Sri Ganganagar,Tripura,India,2025-07-13
CUST09585,Akshay Trivedi,Male,ekaraj52@example.org,5339984600,Shivpuri,Punjab,India,2022-07-29
CUST09586,Suhani Bhavsar,Male,semjonathan@example.org,0764587997,Chennai,Meghalaya,India,2025-04-30
CUST09587,Vivaan Varty,Male,aggarwalrayaan@example.com,4039514764,Erode,Telangana,India,2022-12-18
CUST09588,Maanav Chand,Female,snagarajan@example.com,2358687815,Tinsukia,Uttarakhand,India,2022-07-01
CUST09589,Raksha Mani,Female,pillayniharika@example.net,3947329326,Bharatpur,Gujarat,India,2023-04-12
CUST09590,Upadhriti Prashad,Male,wyatt04@example.com,6743809552,Deoghar,Rajasthan,India,2025-02-28
CUST09591,Arunima Wadhwa,Female,wardavyas@example.org,1566684496,Nandyal,Kerala,India,2022-12-03
CUST09592,Ganga Chokshi,Female,pbaria@example.net,6106773770,Aizawl,Assam,India,2025-03-10
CUST09593,Chatresh Sachdev,Male,anjaliprashad@example.com,2460715917,Aurangabad,Sikkim,India,2022-05-03
CUST09594,Janaki Rattan,Male,deria@example.net,8814176591,Hospet,Kerala,India,2025-03-12
CUST09595,Jagdish Mishra,Male,christopher93@example.net,2878103761,Panipat,Karnataka,India,2026-01-15
CUST09596,Faqid Vig,Male,anamika83@example.org,9674926088,Madhyamgram,Punjab,India,2022-04-28
CUST09597,Ijaya Bail,Female,umistry@example.net,2297307146,Thanjavur,Karnataka,India,2024-07-22
CUST09598,Zaitra Dey,Female,mandervaishnavi@example.org,3782076211,Munger,Uttarakhand,India,2022-08-02
CUST09599,Ucchal Kala,Female,indrajit94@example.org,9955047476,Chandrapur,Manipur,India,2022-06-19
CUST09600,Bakhshi Mitra,Female,kalitarajeshri@example.net,6550054542,Gulbarga,Andhra Pradesh,India,2023-11-21
CUST09601,Ekbal Choudhury,Male,yogipatrick@example.org,2195082797,Thane,Mizoram,India,2023-08-21
CUST09602,Guneet Halder,Male,chakradharratti@example.net,9773624375,Bulandshahr,Mizoram,India,2025-05-06
CUST09603,Bimala Lad,Female,bsem@example.com,2992125910,Pallavaram,Chhattisgarh,India,2024-08-07
CUST09604,Anika Raja,Male,taurora@example.net,7518899427,Karimnagar,Arunachal Pradesh,India,2025-02-27
CUST09605,Falan Mann,Female,omyutika@example.com,8228575378,Dibrugarh,Sikkim,India,2024-10-09
CUST09606,Hamsini Sethi,Male,shaosha@example.org,7387416024,Mau,Karnataka,India,2021-11-09
CUST09607,Jonathan Banerjee,Female,dhingraaayush@example.com,3950771701,Hindupur,Mizoram,India,2023-01-25
CUST09608,Ekansh Chaudhuri,Female,zbajaj@example.net,1557853584,Tezpur,West Bengal,India,2022-04-24
CUST09609,Dhriti Saini,Female,sathegagan@example.net,5937442229,Kolhapur,Gujarat,India,2021-07-27
CUST09610,Kashish Chaudhry,Female,raksharama@example.org,3516557877,Uluberia,Punjab,India,2025-06-11
CUST09611,Kamya Gala,Male,rushilkata@example.com,1795426768,Kharagpur,Madhya Pradesh,India,2023-04-19
CUST09612,Wyatt Ben,Male,udyatidua@example.net,1521383830,Phagwara,Uttar Pradesh,India,2023-09-16
CUST09613,Gauri Sridhar,Female,wbhardwaj@example.net,5160902216,Gandhidham,Goa,India,2024-10-27
CUST09614,Peter Dugal,Female,yogiraksha@example.com,2809615562,Nagpur,Uttar Pradesh,India,2024-11-30
CUST09615,Ansh Koshy,Female,paldaniel@example.org,6028587648,Machilipatnam,Andhra Pradesh,India,2024-08-15
CUST09616,Atharv Iyer,Male,ojasvi22@example.net,6824040897,Dharmavaram,Odisha,India,2021-11-04
CUST09617,William Zacharia,Male,bhaviniwagle@example.org,8952864246,Hospet,Assam,India,2024-09-17
CUST09618,Damyanti Sheth,Female,shenoychanakya@example.org,1997413318,Satna,Goa,India,2021-08-15
CUST09619,Jalsa Dubey,Male,kmall@example.org,7286458317,Bareilly,Andhra Pradesh,India,2022-08-26
CUST09620,Chaman Goswami,Female,butalawishi@example.org,7166975762,Hyderabad,Andhra Pradesh,India,2022-02-21
CUST09621,Lakshit Memon,Male,wwagle@example.net,4437236334,Amravati,Chhattisgarh,India,2022-01-08
CUST09622,Zinal Panchal,Male,zaitra53@example.com,1607196655,Bhatpara,West Bengal,India,2021-12-06
CUST09623,Bishakha Doctor,Male,ndewan@example.com,2053497479,Tiruchirappalli,Kerala,India,2026-04-07
CUST09624,Barkha Saraf,Female,guneet12@example.org,9106494854,Ahmednagar,Karnataka,India,2023-12-19
CUST09625,Hiral Pandey,Female,nvohra@example.net,1393246862,Fatehpur,Goa,India,2022-04-26
CUST09626,Omisha Agarwal,Female,fagrawal@example.net,8378896153,Junagadh,Uttarakhand,India,2023-06-14
CUST09627,Siddharth Mody,Male,vrittibansal@example.com,8876524368,Bhusawal,Goa,India,2022-09-26
CUST09628,Baljiwan Patla,Male,forumpalla@example.com,8544844860,Tiruvottiyur,Sikkim,India,2026-02-04
CUST09629,Ria Kurian,Male,isundaram@example.net,9207143929,Sambhal,Madhya Pradesh,India,2025-10-07
CUST09630,Bahadurjit Savant,Female,mmurty@example.com,9423170676,Ranchi,Uttar Pradesh,India,2023-08-26
CUST09631,Christopher Hegde,Male,aadhyakannan@example.com,3248090495,Hubli–Dharwad,Karnataka,India,2023-06-04
CUST09632,Chaaya Nath,Female,grewalrajata@example.org,4766340470,Jorhat,Karnataka,India,2025-03-05
CUST09633,Nakul Kapoor,Female,fchandra@example.net,4798803868,Bhagalpur,Arunachal Pradesh,India,2025-04-27
CUST09634,Unnati Muni,Male,advaith63@example.net,9342317073,Bulandshahr,Arunachal Pradesh,India,2023-07-20
CUST09635,Robert Mukherjee,Male,wmangat@example.org,8009989107,Faridabad,Madhya Pradesh,India,2023-06-19
CUST09636,Siddharth Kale,Female,henryprasad@example.net,5969115510,Malegaon,Manipur,India,2021-09-17
CUST09637,Banjeet Saxena,Female,rayaancomar@example.org,8431730874,Kadapa,Sikkim,India,2021-10-11
CUST09638,Fariq Gala,Female,anikarastogi@example.com,9721433565,Buxar,Chhattisgarh,India,2023-07-17
CUST09639,Omya Rajagopal,Male,odika44@example.com,7898756943,Rajkot,Assam,India,2022-12-30
CUST09640,Arin Krishna,Female,gayathribarad@example.com,4797732771,Kakinada,Arunachal Pradesh,India,2022-10-24
CUST09641,Ikbal Palla,Male,azaan94@example.org,4115251677,Deoghar,Odisha,India,2024-05-07
CUST09642,Frederick Balan,Male,zsarna@example.com,3011613695,Fatehpur,Kerala,India,2023-03-17
CUST09643,Rachana Goda,Female,om68@example.com,0168701350,Kozhikode,West Bengal,India,2021-08-05
CUST09644,Jackson Panchal,Female,udarshmani@example.org,3567535787,Sirsa,Sikkim,India,2021-09-21
CUST09645,Kritika Sur,Male,upal@example.net,2811746683,Amritsar,Tripura,India,2023-12-05
CUST09646,Zilmil Soman,Female,nachiket60@example.net,7248106897,Durg,Tamil Nadu,India,2024-11-21
CUST09647,Luke Bhardwaj,Male,ddhaliwal@example.com,5009190686,Bettiah,Rajasthan,India,2023-02-14
CUST09648,Sarthak Mangal,Female,bagarwal@example.com,5305517401,Jalgaon,Mizoram,India,2024-02-27
CUST09649,Sneha Golla,Male,zachariawarjas@example.net,0816035106,Allahabad,Maharashtra,India,2024-06-20
CUST09650,Chaaya Dhawan,Male,virajkalita@example.com,1688872701,Bhubaneswar,Assam,India,2023-12-05
CUST09651,Arjun Doshi,Female,ybhasin@example.org,3355661569,Yamunanagar,West Bengal,India,2022-03-04
CUST09652,Azad Kar,Female,krishna29@example.com,9344458566,Ajmer,Uttar Pradesh,India,2023-05-02
CUST09653,Dev Ramakrishnan,Female,ayaan00@example.net,5628132766,Etawah,Uttar Pradesh,India,2023-03-15
CUST09654,Manya Bansal,Female,dayamai57@example.com,0301245508,Baranagar,Uttarakhand,India,2025-04-01
CUST09655,Ansh Jani,Male,anaylalla@example.com,5251598215,Mau,Haryana,India,2024-09-27
CUST09656,Chandresh Khalsa,Female,skurian@example.net,3006172923,Bikaner,Kerala,India,2025-01-31
CUST09657,Yauvani Bala,Male,fariq84@example.net,9297165558,Mumbai,Goa,India,2021-11-20
CUST09658,Nicholas Srinivasan,Male,asangha@example.net,3666408284,Farrukhabad,Odisha,India,2024-04-13
CUST09659,Chanakya Morar,Female,walladarpan@example.net,2565974687,Madurai,Meghalaya,India,2026-02-19
CUST09660,Finn Varma,Male,vivaan65@example.com,3747085380,Tinsukia,Manipur,India,2024-02-22
CUST09661,Arya Wali,Female,grajagopalan@example.com,0650651717,Baranagar,Nagaland,India,2023-01-31
CUST09662,Oscar Saran,Male,qbobal@example.net,9561918423,Tiruppur,Andhra Pradesh,India,2022-04-27
CUST09663,Rachana Yohannan,Male,ladyashawini@example.com,5535385364,Munger,Kerala,India,2025-07-05
CUST09664,Chandran Krishna,Female,leela84@example.com,6556951535,Shimoga,Maharashtra,India,2022-05-17
CUST09665,Hamsini Natarajan,Female,ksaxena@example.net,9305143221,Avadi,Himachal Pradesh,India,2023-10-24
CUST09666,Wriddhish Malhotra,Female,vasatikanagy@example.org,1084510482,Korba,Arunachal Pradesh,India,2025-01-27
CUST09667,Tanish Ghose,Male,wkarpe@example.net,0813819763,Shivpuri,Tamil Nadu,India,2026-04-08
CUST09668,Ekani Saxena,Male,eraju@example.net,3591752010,Jalgaon,Maharashtra,India,2022-12-28
CUST09669,Ishanvi Karpe,Female,harini72@example.com,9743309648,Ozhukarai,Uttarakhand,India,2025-09-22
CUST09670,Xalak Mutti,Male,gautamivarty@example.net,5471009273,Thoothukudi,Kerala,India,2024-08-16
CUST09671,Ayush Pandit,Male,madanmohini@example.net,3808174835,Khammam,Meghalaya,India,2021-11-23
CUST09672,Wridesh Pau,Male,agateekaraj@example.org,6894221991,Agra,Telangana,India,2026-03-20
CUST09673,Samuel Tara,Male,chandrasimon@example.org,4915097472,Jorhat,Assam,India,2021-12-30
CUST09674,Caleb Suresh,Male,gaurangchaudhuri@example.org,5658874810,Faridabad,Bihar,India,2025-10-27
CUST09675,Ansh Kakar,Male,ahujabhavya@example.com,3472803632,Alwar,Bihar,India,2025-01-27
CUST09676,Indira Choudhury,Male,guptaonveer@example.com,3212125010,Jorhat,Karnataka,India,2025-10-05
CUST09677,Damini Baria,Female,deolradhika@example.net,7992379448,Mathura,Punjab,India,2025-08-26
CUST09678,Vedant Sha,Female,vincent36@example.org,4713078307,Jammu,Uttarakhand,India,2025-03-23
CUST09679,Jai Date,Male,ridhi62@example.net,3848431292,Nagercoil,Tamil Nadu,India,2024-02-02
CUST09680,Zashil Subramaniam,Female,gopal22@example.com,4809856362,Ujjain,Andhra Pradesh,India,2022-03-08
CUST09681,Vyanjana Grewal,Female,omajakari@example.org,9600145830,Vellore,Goa,India,2025-04-21
CUST09682,Dalbir De,Male,olall@example.org,3722003811,Srikakulam,Punjab,India,2025-10-19
CUST09683,Nicholas Kothari,Male,thamansuhani@example.org,1198262765,Dewas,Arunachal Pradesh,India,2023-05-13
CUST09684,Oviya Seshadri,Female,bahadurjitchanda@example.org,0276420965,Bhiwandi,Uttarakhand,India,2024-04-19
CUST09685,Sarthak Dyal,Female,ravivedhika@example.org,1658243027,Durg,Manipur,India,2023-10-28
CUST09686,Ijaya Bhasin,Male,gmane@example.com,4268724456,Erode,Himachal Pradesh,India,2023-08-14
CUST09687,Peter Bava,Female,seshadrikamya@example.net,1630793118,Bathinda,Nagaland,India,2023-11-24
CUST09688,Falguni Bhakta,Female,dhruv92@example.org,8642668046,Saharanpur,Odisha,India,2025-10-08
CUST09689,Anirudh Nagar,Female,balvan12@example.net,1867571358,Vellore,Tripura,India,2023-05-16
CUST09690,Champak Bhatti,Female,thakkarfalguni@example.org,6156669670,Pimpri-Chinchwad,Haryana,India,2023-01-30
CUST09691,Kiaan Kibe,Female,fdeshmukh@example.com,4133946173,Rourkela,Uttar Pradesh,India,2022-03-19
CUST09692,Balveer Narula,Male,rjayaraman@example.org,7150234978,Howrah,Nagaland,India,2026-06-19
CUST09693,Ayush Vasa,Female,dvohra@example.net,5544668740,Srinagar,Uttar Pradesh,India,2026-07-23
CUST09694,Qarin Comar,Female,pdubey@example.org,3534685451,Morbi,Mizoram,India,2026-01-06
CUST09695,Aadi Patla,Female,vyastimothy@example.org,7616842192,Danapur,Bihar,India,2021-12-15
CUST09696,Irya Parmer,Female,aedwin@example.org,5064032926,Coimbatore,Odisha,India,2023-03-21
CUST09697,Fiyaz Rana,Male,kaursai@example.org,8412224072,Navi Mumbai,Punjab,India,2022-11-25
CUST09698,Ekaja Choudhry,Female,shravyamani@example.com,8091584550,Thrissur,Nagaland,India,2023-07-06
CUST09699,Wyatt Hegde,Male,bhaktaucchal@example.com,8585846283,Durg,Mizoram,India,2023-02-10
CUST09700,Brijesh Radhakrishnan,Female,saumya21@example.com,1823843913,Rohtak,Manipur,India,2025-04-17
CUST09701,Radhika Kala,Male,devanshbadal@example.com,8519031965,Aligarh,Kerala,India,2024-05-01
CUST09702,Dipta Tripathi,Male,amammen@example.com,1979797206,Deoghar,Assam,India,2026-05-22
CUST09703,Vidhi Chacko,Male,ekbaloommen@example.org,6513937649,Gwalior,Chhattisgarh,India,2021-08-11
CUST09704,Anirudh Sabharwal,Male,janixalak@example.net,3785488987,Madurai,Andhra Pradesh,India,2021-09-23
CUST09705,Wriddhish Kala,Female,ishitanagi@example.com,4108182019,Giridih,Kerala,India,2023-12-06
CUST09706,Chandresh Choudhury,Male,achokshi@example.org,4871095694,Madhyamgram,Chhattisgarh,India,2025-06-03
CUST09707,Amol Dora,Male,akorpal@example.net,1112755494,Ratlam,Goa,India,2022-12-09
CUST09708,Aarav Kala,Female,kumaralexander@example.com,1209261455,Nashik,Manipur,India,2023-12-10
CUST09709,Ikbal Shetty,Female,avni57@example.com,3864984294,Bhopal,Odisha,India,2025-02-26
CUST09710,Triveni Anne,Male,upmachadha@example.net,1279284404,Morbi,Uttar Pradesh,India,2026-03-22
CUST09711,Rachana Mishra,Female,bakhshi61@example.org,5747573038,Hosur,Uttarakhand,India,2023-11-17
CUST09712,Oeshi Manne,Male,uedwin@example.org,0198457513,Pune,Uttar Pradesh,India,2023-11-30
CUST09713,Advay Chopra,Female,omishasanghvi@example.org,7745525765,Karaikudi,Meghalaya,India,2021-09-01
CUST09714,Naveen Mammen,Female,qnayar@example.com,6130844770,Dehri,Odisha,India,2026-07-14
CUST09715,Ati Anand,Female,ctripathi@example.org,6053314122,Gudivada,Telangana,India,2024-07-01
CUST09716,Eshana Samra,Female,nnair@example.org,8329911875,Bhavnagar,Gujarat,India,2025-12-09
CUST09717,Adweta Varghese,Male,manan55@example.com,7932927910,Nagpur,Chhattisgarh,India,2025-09-24
CUST09718,Ekapad Batra,Male,cmunshi@example.com,5085963455,Bilaspur,Chhattisgarh,India,2025-01-25
CUST09719,Onveer Ratti,Male,jeremiah95@example.org,8619018562,Jalgaon,Mizoram,India,2022-10-10
CUST09720,Leena Suresh,Male,jeevikachaudry@example.net,1185973912,Guwahati,Madhya Pradesh,India,2024-04-01
CUST09721,Manan Reddy,Female,jsibal@example.org,1301544763,Machilipatnam,Madhya Pradesh,India,2021-11-24
CUST09722,Bhavika Bawa,Male,parmerlopa@example.com,7702042591,Kozhikode,Goa,India,2021-08-02
CUST09723,Chavvi Chopra,Female,waliadya@example.com,1028702256,Gorakhpur,Rajasthan,India,2021-10-18
CUST09724,Riya Upadhyay,Female,rachitasabharwal@example.net,2027458443,Nizamabad,Gujarat,India,2023-10-09
CUST09725,Ekaja Anand,Female,apingle@example.org,2929575368,Proddatur,Odisha,India,2024-06-05
CUST09726,Avni Dey,Male,bandiwyatt@example.net,3806877445,Ujjain,Himachal Pradesh,India,2022-01-21
CUST09727,Ronith Khatri,Male,aagarwal@example.org,2265388775,Agartala,Himachal Pradesh,India,2021-09-24
CUST09728,Advaith Raja,Female,girikpal@example.net,4941389106,Thiruvananthapuram,Uttar Pradesh,India,2026-06-08
CUST09729,Orinder Nagar,Male,riyasagar@example.com,9438116003,Berhampur,Andhra Pradesh,India,2023-06-10
CUST09730,Hiral Banerjee,Female,saniyash@example.com,6193770649,Farrukhabad,Odisha,India,2025-12-12
CUST09731,Qarin Krish,Male,ektasrivastava@example.org,8383443525,Warangal,Himachal Pradesh,India,2024-02-23
CUST09732,Alka Sarma,Female,ejain@example.com,3799801431,Bulandshahr,Nagaland,India,2025-01-26
CUST09733,Omya Malhotra,Female,emorar@example.net,0928243436,Sirsa,Odisha,India,2022-02-01
CUST09734,Yahvi Kapur,Female,agateekaja@example.net,5986806926,Davanagere,Madhya Pradesh,India,2023-08-02
CUST09735,Adya Chanda,Male,wakeetarajan@example.net,6551841255,Medininagar,Maharashtra,India,2024-10-28
CUST09736,Bhavya Behl,Female,vasudhananda@example.com,2475836472,Malegaon,Haryana,India,2024-12-17
CUST09737,Krish Acharya,Female,mratta@example.net,4973342190,Chapra,Tripura,India,2022-08-22
CUST09738,Harinakshi Thaman,Female,xgade@example.net,1050700071,Panchkula,Tamil Nadu,India,2022-05-23
CUST09739,Xalak Halder,Female,xsrinivas@example.org,7990636018,Kochi,Jharkhand,India,2024-01-09
CUST09740,Shivani Thaker,Male,karjagrati@example.net,0949930077,Surendranagar Dudhrej,Rajasthan,India,2022-01-16
CUST09741,Ishanvi Wadhwa,Male,kashishchahal@example.net,4239370356,Ambala,Chhattisgarh,India,2023-09-10
CUST09742,Akshay Parmar,Male,sanaya05@example.org,9967345549,New Delhi,Chhattisgarh,India,2022-07-07
CUST09743,Falguni Mishra,Male,ckalita@example.net,4660597887,Begusarai,Rajasthan,India,2024-07-21
CUST09744,Jai Acharya,Male,jasmit40@example.org,4911972079,Korba,Goa,India,2022-12-28
CUST09745,William Bakshi,Female,finnchhabra@example.net,5398219760,Pali,Karnataka,India,2022-03-27
CUST09746,Ekbal Bhat,Male,behlunni@example.com,1980249559,Ozhukarai,Jharkhand,India,2021-07-23
CUST09747,Nathaniel Banerjee,Female,surajack@example.org,8813797499,Gaya,Jharkhand,India,2025-03-23
CUST09748,Azaan Sethi,Male,karan66@example.org,1253076759,Berhampore,West Bengal,India,2026-03-08
CUST09749,Meera Deo,Female,kabirdhar@example.com,0226371631,Sambhal,Bihar,India,2025-07-16
CUST09750,Zashil Rana,Female,osha00@example.org,4753128699,Kozhikode,Tamil Nadu,India,2026-07-14
CUST09751,Logan Sengupta,Male,lprakash@example.org,0447241270,Buxar,Andhra Pradesh,India,2024-02-11
CUST09752,Hardik Murthy,Male,adhar@example.org,5798432245,Rourkela,Himachal Pradesh,India,2022-04-14
CUST09753,Lavanya Brahmbhatt,Male,bhavanibhargava@example.org,9939727057,Chittoor,Rajasthan,India,2025-04-21
CUST09754,Krisha Dey,Male,jborah@example.org,4984298595,Adoni,Uttarakhand,India,2022-04-26
CUST09755,Veer Yadav,Male,handayauvani@example.net,8032499836,Aligarh,Sikkim,India,2025-01-22
CUST09756,Krishna Biswas,Male,paudayamai@example.org,2572872253,Bhubaneswar,Punjab,India,2022-05-26
CUST09757,Tanveer Bawa,Male,hdani@example.org,8965063839,Delhi,Haryana,India,2023-05-03
CUST09758,Balveer Lanka,Male,tanvi11@example.com,3631016140,Phusro,Karnataka,India,2025-10-11
CUST09759,Girish Desai,Female,madhavtoor@example.com,1842702921,Unnao,Rajasthan,India,2023-02-24
CUST09760,Indali Deshpande,Male,ydalal@example.com,1292063760,Madhyamgram,Tripura,India,2026-04-29
CUST09761,Zinal Bains,Female,kjaggi@example.com,6797479107,Chapra,Kerala,India,2024-01-03
CUST09762,Jackson Jayaraman,Male,ramanathanishaan@example.com,9870080912,Phusro,Assam,India,2022-11-26
CUST09763,Maanas Nagi,Male,upadhritibal@example.com,1724015615,Bettiah,Uttar Pradesh,India,2024-02-23
CUST09764,Pranav Bhakta,Male,abehl@example.net,2110783445,Korba,Bihar,India,2025-02-08
CUST09765,Barkha Halder,Male,zilmilnagarajan@example.org,6283631081,Ulhasnagar,Madhya Pradesh,India,2022-08-05
CUST09766,Vasana Sahota,Male,riyaganguly@example.com,5665226208,Saharsa,Chhattisgarh,India,2024-05-28
CUST09767,Jackson Sood,Female,kmore@example.net,0576086884,Cuttack,Sikkim,India,2026-01-19
CUST09768,Aryan Babu,Female,wnarayan@example.net,5697049460,Jamalpur,Karnataka,India,2022-08-18
CUST09769,Dev Sundaram,Female,abduldeep@example.org,9554802018,Muzaffarpur,Uttar Pradesh,India,2023-03-13
CUST09770,Dhriti Gade,Female,chopraaditya@example.net,5220571487,Mathura,West Bengal,India,2022-07-16
CUST09771,Diya Tandon,Female,handaoni@example.com,3929650040,Jaunpur,Rajasthan,India,2024-12-09
CUST09772,Krisha Rai,Female,deshmukhoscar@example.com,9334100281,Saharsa,Uttar Pradesh,India,2025-08-30
CUST09773,Nihal Mishra,Female,gaurang91@example.net,9645041342,Salem,Telangana,India,2023-06-30
CUST09774,Widisha Hans,Female,vnori@example.org,1071297822,Udupi,Manipur,India,2026-01-09
CUST09775,Hredhaan Halder,Female,rachana95@example.com,8515667118,Khammam,Bihar,India,2023-01-20
CUST09776,Kritika Mohanty,Female,jaggipavani@example.net,5682696037,Bokaro,Odisha,India,2023-03-04
CUST09777,Chameli Toor,Female,bhavsarishita@example.com,5790536812,Mumbai,Sikkim,India,2023-12-23
CUST09778,Vrinda Kuruvilla,Female,oshaarya@example.com,4748568976,Srikakulam,Sikkim,India,2024-09-15
CUST09779,Bhavika Mallick,Male,pandyagayathri@example.org,9224992207,Morbi,Meghalaya,India,2024-03-26
CUST09780,Nitesh Hayer,Female,gaurangi76@example.net,9521413450,Orai,Uttar Pradesh,India,2021-08-05
CUST09781,Yashodhara Sarraf,Male,janya14@example.com,8200737743,Thiruvananthapuram,Bihar,India,2025-07-10
CUST09782,Idika Konda,Male,wridesh94@example.com,4212009718,Danapur,Jharkhand,India,2023-10-28
CUST09783,Ekta Garg,Female,shettyekapad@example.net,9602465508,Jamnagar,Rajasthan,India,2022-09-30
CUST09784,Vansha Raman,Female,lsawhney@example.net,8489731258,Sangli-Miraj & Kupwad,Gujarat,India,2023-08-20
CUST09785,Gaurav Iyer,Male,walidaksh@example.net,9590429912,Varanasi,West Bengal,India,2021-10-20
CUST09786,Upasna Kadakia,Male,zansiprabhu@example.net,0988736035,Tiruppur,Andhra Pradesh,India,2021-07-28
CUST09787,Chakrika Gara,Female,uprasad@example.net,4194379937,Sasaram,Karnataka,India,2025-02-22
CUST09788,Sai Bains,Female,xrajagopalan@example.net,7119025850,Bulandshahr,Kerala,India,2025-09-05
CUST09789,Vritti Sane,Female,sahachaitanya@example.org,4004506577,Mau,Punjab,India,2024-07-15
CUST09790,Caleb Das,Female,rajataravi@example.org,4343707684,Panvel,Uttar Pradesh,India,2022-06-30
CUST09791,Charvi Palla,Female,robertmannan@example.net,9598342410,Berhampur,Haryana,India,2024-02-21
CUST09792,Bimala Ravi,Female,mchowdhury@example.net,1296894026,Imphal,Assam,India,2024-01-19
CUST09793,Samarth Pall,Male,amaira93@example.com,7684732077,Munger,Assam,India,2025-04-29
CUST09794,Chaitanya Mammen,Female,sidhuvivaan@example.net,8615683467,Hosur,Tamil Nadu,India,2023-09-02
CUST09795,Rachana Lall,Female,finn02@example.org,7501562854,Bokaro,Odisha,India,2024-02-08
CUST09796,Aadi Gandhi,Female,sai06@example.com,2709986427,Indore,Odisha,India,2024-08-28
CUST09797,Jack Khosla,Female,onveerbhargava@example.net,9431245903,Purnia,Telangana,India,2025-02-19
CUST09798,Vedika Sachar,Male,ranveer24@example.org,3069475631,Sonipat,Chhattisgarh,India,2022-06-13
CUST09799,Oeshi Nayak,Male,ywason@example.com,4366965768,Amritsar,Telangana,India,2025-03-09
CUST09800,Forum Verma,Male,quincymore@example.net,6451073412,Serampore,Sikkim,India,2021-09-09
CUST09801,Anita Palan,Male,regeupadhriti@example.com,6429078428,Vellore,Tripura,India,2026-07-17
CUST09802,Lavanya Varughese,Female,ijayadugar@example.com,8435802473,Rourkela,Assam,India,2022-08-04
CUST09803,Ekapad Kota,Male,pyadav@example.org,8485237720,Naihati,Gujarat,India,2023-05-07
CUST09804,Tanveer Kakar,Female,hiteshsheth@example.com,1585548877,Rewa,Uttarakhand,India,2024-07-10
CUST09805,Upasna Savant,Male,routnitesh@example.org,2561532661,Pallavaram,Arunachal Pradesh,India,2023-09-24
CUST09806,Fariq Pillay,Male,xavier42@example.org,9280931031,Vellore,Nagaland,India,2021-07-27
CUST09807,Radha Dewan,Female,jyoti97@example.org,9746220891,Morena,Madhya Pradesh,India,2026-03-31
CUST09808,Vedant Wable,Female,qpalla@example.org,2831072086,Dewas,Odisha,India,2022-12-20
CUST09809,Siddharth Keer,Female,keya01@example.net,7669281721,Bhiwandi,Madhya Pradesh,India,2023-08-23
CUST09810,Bhanumati Dass,Male,oravi@example.org,6509507266,Dewas,Haryana,India,2021-09-07
CUST09811,Darika Soni,Male,ukhare@example.org,4173969448,Thiruvananthapuram,Bihar,India,2023-10-21
CUST09812,Yachana Raman,Female,sampathyash@example.org,5211373703,Shimoga,Uttar Pradesh,India,2025-04-03
CUST09813,Vasatika Jayaraman,Female,neeldey@example.org,3297072831,Rampur,Haryana,India,2021-11-17
CUST09814,Pushti Keer,Male,chhabrabina@example.net,9547891358,Avadi,Arunachal Pradesh,India,2025-03-16
CUST09815,Thomas Parikh,Female,ekta10@example.com,8769160678,Ulhasnagar,Mizoram,India,2023-07-07
CUST09816,Nachiket Munshi,Female,vvarghese@example.com,8954721671,Patna,Mizoram,India,2021-09-20
CUST09817,Sai Lala,Female,raghavrandhawa@example.com,1429280206,Bardhaman,Karnataka,India,2021-09-11
CUST09818,Gunbir Sha,Male,rachanazachariah@example.net,0232934862,Shimla,Tripura,India,2025-07-10
CUST09819,Kritika Nayar,Male,obhardwaj@example.net,0243078833,Ahmedabad,Madhya Pradesh,India,2023-07-15
CUST09820,Suhani Setty,Female,nchanda@example.net,5122346992,Dibrugarh,Tamil Nadu,India,2021-12-12
CUST09821,Hitesh Nagarajan,Male,deshpandeabdul@example.org,2257380864,Sultan Pur Majra,Haryana,India,2026-02-23
CUST09822,Zaitra Madan,Male,nandini55@example.net,9062844274,Meerut,Rajasthan,India,2026-05-24
CUST09823,Jairaj Luthra,Female,eshanachada@example.org,2803053066,Naihati,Gujarat,India,2025-02-07
CUST09824,Arunima Puri,Female,lalljyoti@example.net,6732337648,Pune,Kerala,India,2022-01-05
CUST09825,Anya Walla,Male,onveer55@example.org,2708251949,Ratlam,Tamil Nadu,India,2021-11-13
CUST09826,Omaja Chauhan,Male,goyalgabriel@example.com,2504194480,Mumbai,Bihar,India,2023-12-18
CUST09827,Pallavi Ramachandran,Male,daminikrishnamurthy@example.com,2813802329,Raiganj,Arunachal Pradesh,India,2025-09-15
CUST09828,Watika Dalal,Female,chandanisom@example.net,2440271448,Bhilwara,Gujarat,India,2024-03-19
CUST09829,Pooja Gopal,Male,bhanumatigupta@example.net,5359482551,Durg,Goa,India,2024-06-26
CUST09830,Eta Pingle,Female,bmohanty@example.org,9456979516,Narasaraopet,Kerala,India,2025-07-08
CUST09831,Aarav Anne,Male,jason22@example.org,1695293609,Raiganj,Maharashtra,India,2022-08-14
CUST09832,Madhav Bansal,Male,mshankar@example.com,8369466406,Salem,Chhattisgarh,India,2025-07-21
CUST09833,Jasmit Puri,Male,luthramason@example.com,2959539479,Bhavnagar,Maharashtra,India,2025-08-12
CUST09834,Harsh Reddy,Female,gjaggi@example.net,0264993096,Belgaum,Manipur,India,2026-07-05
CUST09835,Keya Bhattacharyya,Male,abdul75@example.com,9715566705,Kollam,Himachal Pradesh,India,2022-11-24
CUST09836,Lakshit Chandra,Male,bachittarpadmanabhan@example.org,2040832947,Dewas,Arunachal Pradesh,India,2025-03-17
CUST09837,Ethan Wagle,Male,girikvarty@example.org,5770711012,Rourkela,Karnataka,India,2026-07-09
CUST09838,Turvi Patil,Male,bhavikavyas@example.com,4476746216,Ramgarh,Punjab,India,2025-04-11
CUST09839,Onkar Nagy,Female,yaminideo@example.com,0723521363,Mathura,Maharashtra,India,2024-03-28
CUST09840,Aishani Joshi,Male,wmukhopadhyay@example.org,1274984236,Belgaum,Nagaland,India,2024-08-19
CUST09841,Ishanvi Kuruvilla,Female,zdhar@example.net,2922086039,Nangloi Jat,West Bengal,India,2022-03-18
CUST09842,Sara Varughese,Male,sarinvinaya@example.com,9700231203,Bidhannagar,Assam,India,2024-03-29
CUST09843,Indali Rajagopal,Male,anmol85@example.net,6466783728,Bhalswa Jahangir Pur,Assam,India,2025-03-09
CUST09844,Chanakya Kohli,Female,deshmukhjanaki@example.org,8990824906,Gurgaon,Madhya Pradesh,India,2024-06-02
CUST09845,Michael Chacko,Female,ayushmanbhatia@example.net,8690714019,Erode,Nagaland,India,2024-09-05
CUST09846,Anmol Mittal,Male,ekantika06@example.net,1172000516,Karimnagar,Nagaland,India,2021-12-21
CUST09847,Diya Gour,Female,zchaudry@example.org,4398555325,Yamunanagar,West Bengal,India,2022-08-17
CUST09848,Eta Pingle,Male,anamikahegde@example.org,8648795037,Gandhinagar,Haryana,India,2024-06-25
CUST09849,Raagini Doshi,Female,wadhwanidhi@example.net,3999024497,Serampore,Andhra Pradesh,India,2024-05-20
CUST09850,Laban Salvi,Male,indira69@example.com,0601608478,Naihati,Karnataka,India,2021-11-02
CUST09851,Yauvani Kurian,Female,praghavan@example.net,8833995960,Anantapur,Kerala,India,2024-05-28
CUST09852,Aditya Shanker,Male,ambleyoshita@example.com,5988681946,Nagercoil,Sikkim,India,2023-07-05
CUST09853,Kalpit Ghosh,Female,ushroff@example.com,9621990239,Aligarh,Sikkim,India,2022-10-30
CUST09854,Frederick Agrawal,Female,ubatta@example.net,9258449748,Satna,Jharkhand,India,2022-07-19
CUST09855,Wishi Virk,Female,schaudhry@example.com,4663022311,Jamnagar,Tamil Nadu,India,2026-05-30
CUST09856,Ronith Nadkarni,Female,padmanabhanjoshua@example.net,1164513425,Durg,Chhattisgarh,India,2025-06-02
CUST09857,Darsh Varty,Female,devansh87@example.org,1635244847,Mira-Bhayandar,Tamil Nadu,India,2022-07-01
CUST09858,Balvan Choudhry,Female,sathvik55@example.org,3039795886,Amroha,Uttarakhand,India,2022-09-06
CUST09859,Tanish Sha,Male,menonleela@example.com,1779611615,Bhiwandi,Bihar,India,2024-04-19
CUST09860,Warjas Mohan,Female,rehaan61@example.net,7726075108,Aurangabad,Telangana,India,2025-03-29
CUST09861,Siya Raju,Female,ravelinaya@example.net,6787300661,Katni,Chhattisgarh,India,2025-03-06
CUST09862,Suhani Dalal,Male,mkaran@example.com,4031317599,Allahabad,Assam,India,2026-06-03
CUST09863,Ryan Arora,Male,timothybandi@example.org,7142190679,Yamunanagar,Nagaland,India,2024-01-05
CUST09864,Aarini Narula,Male,lekha26@example.org,6362297194,Avadi,Meghalaya,India,2022-04-05
CUST09865,Varenya Suri,Female,parmeraarush@example.net,2748120800,Chennai,Telangana,India,2025-05-13
CUST09866,Eesha Sekhon,Male,sethunnati@example.net,5088842073,Udupi,Jharkhand,India,2023-01-18
CUST09867,Devika Parmar,Female,sehgalmohammed@example.org,6371379927,Ongole,Jharkhand,India,2022-11-19
CUST09868,Upadhriti Behl,Male,kchhabra@example.com,5865615708,Anantapur,Mizoram,India,2021-09-24
CUST09869,Chakradev Dubey,Male,esawhney@example.org,4436415830,Silchar,Uttarakhand,India,2025-11-29
CUST09870,Lipika Jaggi,Female,isolanki@example.com,5481049176,South Dumdum,Nagaland,India,2025-08-10
CUST09871,Oviya Kalla,Female,masteraachal@example.net,4598799537,Raiganj,Assam,India,2025-04-03
CUST09872,Mugdha Gera,Male,fmahajan@example.com,0676532877,Kurnool,Andhra Pradesh,India,2021-11-12
CUST09873,Neelima Kant,Female,wishipradhan@example.com,0302559112,Saharanpur,Sikkim,India,2023-02-06
CUST09874,Vrishti Rana,Male,tankindira@example.com,1663252871,Bikaner,Bihar,India,2023-06-27
CUST09875,Jai Acharya,Male,zmagar@example.com,1916137696,Jorhat,Himachal Pradesh,India,2025-08-17
CUST09876,Pranav Dugal,Male,vdhar@example.com,0000183368,Shivpuri,West Bengal,India,2024-06-24
CUST09877,Panini Mohan,Male,jalsa67@example.com,9363539408,Pallavaram,Kerala,India,2022-03-30
CUST09878,Priya Verma,Male,zansiparikh@example.com,8805826011,Rohtak,Bihar,India,2025-01-02
CUST09879,Ishita Wali,Male,prasadmohini@example.org,2522009784,Korba,Karnataka,India,2021-12-08
CUST09880,Xalak Sule,Male,harijasmit@example.com,3437580448,Madhyamgram,Telangana,India,2023-07-21
CUST09881,Tanay Lanka,Female,asood@example.net,1103873414,Akola,Madhya Pradesh,India,2025-09-04
CUST09882,Chasmum Soman,Male,qushianand@example.net,1810675060,Kota,Uttar Pradesh,India,2024-07-25
CUST09883,Hiral Prashad,Male,diyapandya@example.net,1636109169,Chinsurah,Uttarakhand,India,2025-07-27
CUST09884,Chatura Sidhu,Female,vranganathan@example.com,3052712791,Hazaribagh,Mizoram,India,2022-03-13
CUST09885,Jack Nagar,Male,ishanvi65@example.org,2231455494,Raebareli,Manipur,India,2024-06-12
CUST09886,Turvi Narasimhan,Male,danielnadig@example.com,2589186230,Noida,Madhya Pradesh,India,2024-11-21
CUST09887,Pranit Chopra,Female,yagnesh76@example.org,7016848824,Mangalore,Rajasthan,India,2022-03-07
CUST09888,Zashil Joshi,Female,manyasrivastava@example.org,4594141410,Gaya,Himachal Pradesh,India,2026-01-26
CUST09889,Triya Kar,Female,grewalnaksh@example.net,0358970473,Ranchi,Assam,India,2023-07-09
CUST09890,Atharv Kala,Male,dadayahvi@example.net,8787637333,Loni,Punjab,India,2025-08-08
CUST09891,Gautam Sengupta,Female,darikakarpe@example.org,0905592173,Pallavaram,Andhra Pradesh,India,2021-07-27
CUST09892,Pranit Gara,Male,orinder05@example.org,9004172250,Guntur,Chhattisgarh,India,2025-06-23
CUST09893,Vasana Pai,Male,ahujavamakshi@example.net,3012120216,Ambattur,Telangana,India,2025-03-19
CUST09894,Anay Lall,Male,xavier89@example.com,4321411799,Sri Ganganagar,Punjab,India,2022-12-16
CUST09895,Zaitra Khatri,Female,mitalishenoy@example.com,4376727461,Amravati,West Bengal,India,2026-04-06
CUST09896,Anjali Chand,Female,pallsamar@example.org,0279367908,Kota,Madhya Pradesh,India,2024-09-12
CUST09897,Brinda Dass,Female,sbalasubramanian@example.com,8747243953,Tenali,Odisha,India,2025-10-18
CUST09898,Jyoti Chander,Male,siyawason@example.net,8990619511,Unnao,Rajasthan,India,2025-12-19
CUST09899,Upasna Gara,Male,benjaminbahl@example.org,7709383093,Bharatpur,Arunachal Pradesh,India,2021-09-28
CUST09900,Ucchal Dora,Male,wkoshy@example.net,3420329627,Bettiah,West Bengal,India,2022-02-27
CUST09901,Anvi Saini,Male,adya64@example.net,9837836984,Hindupur,Gujarat,India,2025-01-16
CUST09902,Gaurika Kalita,Female,aryan98@example.com,7749750428,Danapur,Chhattisgarh,India,2025-09-21
CUST09903,Brijesh Bajwa,Male,shettyhemang@example.net,4722881725,Mira-Bhayandar,Karnataka,India,2021-11-14
CUST09904,Kevin Kalla,Female,damini32@example.com,3517296109,Panvel,Rajasthan,India,2022-10-01
CUST09905,Xiti Grewal,Female,vincent49@example.org,6731056798,Ujjain,Jharkhand,India,2022-01-21
CUST09906,Yoshita Soman,Male,patilkashish@example.com,3986291069,Sasaram,Chhattisgarh,India,2024-01-13
CUST09907,Joshua Prashad,Female,skumer@example.com,9993119428,Kozhikode,Tripura,India,2024-08-30
CUST09908,Aarnav Viswanathan,Female,patlafalguni@example.net,9804513875,Chandigarh,Tripura,India,2025-02-12
CUST09909,Upkaar Datta,Female,balvanacharya@example.com,4474540982,Singrauli,Chhattisgarh,India,2022-06-04
CUST09910,Saumya Chhabra,Female,hborde@example.net,0729589200,Allahabad,Maharashtra,India,2024-02-23
CUST09911,Yashoda Baral,Female,toza@example.com,4587418760,Kharagpur,Gujarat,India,2024-09-29
CUST09912,Upadhriti Khurana,Male,merchantyash@example.com,6784143123,Vellore,Arunachal Pradesh,India,2024-01-30
CUST09913,Wishi Narayan,Female,turvi97@example.net,2612146815,Ichalkaranji,Uttar Pradesh,India,2024-07-23
CUST09914,Aashi Seshadri,Male,indira04@example.com,5736968490,Ambala,Arunachal Pradesh,India,2024-10-05
CUST09915,Vansha Varty,Male,sehgalwridesh@example.net,0821578249,Panvel,Assam,India,2023-05-03
CUST09916,Ishita Murty,Male,patladayamai@example.com,0912192799,Bardhaman,Goa,India,2022-08-28
CUST09917,Azaan Soni,Female,ghosenathan@example.com,2819721384,Pallavaram,Arunachal Pradesh,India,2025-07-21
CUST09918,Dhruv Datta,Female,shankarishani@example.org,6166938134,Ghaziabad,Sikkim,India,2022-08-27
CUST09919,Ubika Raju,Female,rajeshrinigam@example.org,7787927728,Bhilai,Uttarakhand,India,2021-09-08
CUST09920,Reva Vig,Male,ravaldarika@example.org,9854577342,Aurangabad,Jharkhand,India,2021-11-23
CUST09921,Ekapad Mukhopadhyay,Female,lekha70@example.org,9426390116,Bhatpara,Manipur,India,2025-12-16
CUST09922,Ishaan Batra,Male,ckeer@example.net,5312134528,Dindigul,Jharkhand,India,2024-01-22
CUST09923,Abha Raman,Male,charvi44@example.org,9385897150,Ballia,West Bengal,India,2024-10-02
CUST09924,Krishna Ramesh,Male,muttisathvik@example.org,7491036656,North Dumdum,Karnataka,India,2024-02-26
CUST09925,Ekantika Nayar,Male,qasim49@example.com,1624572257,Satara,Goa,India,2025-12-18
CUST09926,Vedhika Ratti,Female,nadkarnidevika@example.net,5228181301,Mirzapur,Tamil Nadu,India,2023-06-22
CUST09927,Krisha Babu,Male,daragaurangi@example.com,5326602221,Mysore,Kerala,India,2026-02-26
CUST09928,Wyatt Srinivas,Female,sarayohannan@example.net,7256651477,Ulhasnagar,Nagaland,India,2021-10-30
CUST09929,Manan Natarajan,Female,damini10@example.com,1894935605,Narasaraopet,West Bengal,India,2025-07-11
CUST09930,Fariq Kumar,Female,dakshesh78@example.net,7740943277,Amroha,West Bengal,India,2022-10-25
CUST09931,Sai Nagarajan,Female,andrapriya@example.net,7413475045,Parbhani,Sikkim,India,2025-03-17
CUST09932,Dalbir Venkatesh,Male,katanisha@example.org,9724636740,Tiruppur,Maharashtra,India,2024-04-16
CUST09933,Shaurya Nagy,Male,bathhemangini@example.com,2926025857,Bhilai,Assam,India,2024-06-20
CUST09934,Gayathri Rau,Female,madanshaurya@example.net,2274293940,Vijayawada,Mizoram,India,2025-11-13
CUST09935,Ikshita Comar,Female,ajain@example.org,6583500358,Guntakal,Uttarakhand,India,2024-06-23
CUST09936,Sudiksha Tara,Male,bsachar@example.org,3903346407,Khandwa,Goa,India,2023-04-13
CUST09937,David Golla,Female,hritik59@example.com,3774227675,Alappuzha,Odisha,India,2025-07-06
CUST09938,Rishi Talwar,Female,mugdhamall@example.net,8462576100,Bhilai,West Bengal,India,2025-01-08
CUST09939,Nitara Panchal,Male,chakradev54@example.net,1509428089,Kozhikode,Telangana,India,2022-08-10
CUST09940,Pavani Murty,Female,tailoradvik@example.org,5743357654,Kharagpur,Mizoram,India,2021-09-10
CUST09941,Isaiah Bava,Female,ranbir66@example.com,9682565278,Kollam,Uttar Pradesh,India,2024-03-04
CUST09942,Veda Mahajan,Male,viswanathansanaya@example.net,2637223027,Kalyan-Dombivli,Madhya Pradesh,India,2025-01-19
CUST09943,Devika Gill,Male,zinalsem@example.com,3040816635,Howrah,Nagaland,India,2023-10-27
CUST09944,Nimrat Atwal,Female,ezacharia@example.org,5218726389,Bhubaneswar,Maharashtra,India,2024-07-18
CUST09945,Ishanvi Sridhar,Male,chadfinn@example.org,2590032320,Thrissur,Tamil Nadu,India,2022-06-30
CUST09946,Kiaan Bala,Male,radha61@example.org,8802622568,Arrah,Mizoram,India,2024-01-20
CUST09947,Michael Dyal,Male,mitterrohan@example.com,2340929306,Udaipur,Bihar,India,2023-09-09
CUST09948,Isaiah Andra,Female,narangbhavya@example.org,1847104264,Kharagpur,Tamil Nadu,India,2025-03-27
CUST09949,Rajeshri Kata,Female,hemakalla@example.com,8653452886,Bhilai,Haryana,India,2024-05-07
CUST09950,Qarin Apte,Male,byogi@example.org,0590894744,Panchkula,Assam,India,2026-04-13
CUST09951,Orinder Yohannan,Male,irya07@example.com,7923566481,Kollam,Gujarat,India,2022-09-13
CUST09952,Harsh Gopal,Male,divya43@example.com,0946797938,Rampur,Bihar,India,2023-02-25
CUST09953,Aayush Muni,Female,nilima63@example.org,6386930326,Imphal,Maharashtra,India,2026-03-31
CUST09954,Suhani Mital,Female,horagirindra@example.net,8876065118,Kanpur,Meghalaya,India,2021-11-06
CUST09955,Vedika Grover,Male,forumvohra@example.org,5355319730,Nizamabad,Tripura,India,2024-05-18
CUST09956,Diya Patla,Female,phalder@example.net,6235362810,Ambattur,West Bengal,India,2023-03-20
CUST09957,Bhavani Om,Male,hrajagopalan@example.org,0949300412,Gangtok,Meghalaya,India,2022-09-03
CUST09958,Jeet Kar,Female,chandani43@example.com,0761275543,Begusarai,Assam,India,2024-12-27
CUST09959,Kala Kakar,Male,noah94@example.org,0088173189,Ongole,West Bengal,India,2024-10-18
CUST09960,Hredhaan Jhaveri,Female,nathanielmajumdar@example.org,9166763234,Unnao,Himachal Pradesh,India,2024-01-14
CUST09961,Fariq Mannan,Female,hemamutti@example.net,6304120988,Alwar,Jharkhand,India,2023-04-05
CUST09962,Laban Mani,Female,yashmand@example.org,7604585070,Gurgaon,Kerala,India,2023-09-10
CUST09963,Vidhi Bains,Male,raokrishna@example.com,3017001444,Aizawl,Tamil Nadu,India,2022-04-25
CUST09964,Aarna Rattan,Male,wazir51@example.org,0904573308,Gwalior,West Bengal,India,2023-07-26
CUST09965,Harrison Chopra,Female,hitesh75@example.net,4194034798,Ujjain,Arunachal Pradesh,India,2026-07-16
CUST09966,Jairaj Iyengar,Male,znath@example.org,0603802232,Chandrapur,Uttarakhand,India,2024-10-12
CUST09967,Onkar Rout,Female,khannaharini@example.org,3995181422,Dhanbad,Telangana,India,2026-06-12
CUST09968,Nidra Shenoy,Female,pathakjason@example.net,4959664341,Chittoor,Rajasthan,India,2023-07-07
CUST09969,Jhalak Chawla,Male,sarrafchanchal@example.org,1051801744,Amritsar,Karnataka,India,2025-02-16
CUST09970,Januja Comar,Male,ddivan@example.org,8601506575,Latur,Goa,India,2024-02-01
CUST09971,Gautami Wali,Female,pdash@example.org,7983471338,Ramgarh,Punjab,India,2024-01-21
CUST09972,Timothy Khare,Female,veerhalder@example.net,7578697582,Latur,West Bengal,India,2022-01-05
CUST09973,Aryan Radhakrishnan,Female,magate@example.net,9902827291,Surat,West Bengal,India,2021-10-02
CUST09974,Warda Borde,Female,mseth@example.com,9284454710,Mahbubnagar,Manipur,India,2024-10-19
CUST09975,Vrishti Sabharwal,Female,sgoyal@example.net,7617947952,Fatehpur,Punjab,India,2022-06-12
CUST09976,Garima Yadav,Male,soodnachiket@example.net,9537526701,Rajahmundry,Assam,India,2021-11-27
CUST09977,Veer Narasimhan,Female,vamakshisheth@example.org,1149964376,Surendranagar Dudhrej,Madhya Pradesh,India,2022-06-11
CUST09978,Ria Suri,Male,mben@example.com,8781084159,Bally,Sikkim,India,2024-10-13
CUST09979,Yadavi Solanki,Male,ekorpal@example.net,8870225834,Ambattur,Madhya Pradesh,India,2023-08-31
CUST09980,Wakeeta Khosla,Male,gaurangkapadia@example.com,3098877805,Bongaigaon,Tamil Nadu,India,2025-10-07
CUST09981,Vanya Sidhu,Female,nmandal@example.org,9877285195,Haridwar,Odisha,India,2024-02-04
CUST09982,Bhavna Doshi,Male,samar86@example.org,9964424196,Kota,Tripura,India,2025-05-30
CUST09983,Raghav Chandra,Female,cbehl@example.com,9747458879,Bhalswa Jahangir Pur,Chhattisgarh,India,2024-06-07
CUST09984,Inaya Sachar,Female,qbath@example.net,7400949563,Bharatpur,Arunachal Pradesh,India,2025-06-04
CUST09985,Irya Date,Female,ggandhi@example.net,2886390713,Khora ,Nagaland,India,2025-10-21
CUST09986,Tanvi Gaba,Male,ekapad74@example.com,6731292857,Sagar,Rajasthan,India,2022-12-09
CUST09987,Libni Bahri,Female,gabriel32@example.org,8801907267,Bhind,Rajasthan,India,2022-01-14
CUST09988,Charita Nagarajan,Female,gkari@example.org,0738176674,Chittoor,West Bengal,India,2023-10-02
CUST09989,Nimrat Dubey,Male,mahaloni@example.net,2945840515,Korba,Chhattisgarh,India,2021-10-18
CUST09990,Falak Barman,Male,kamdaryashawini@example.com,7799308351,Panihati,Madhya Pradesh,India,2022-03-11
CUST09991,Krish Mukhopadhyay,Male,edhithachander@example.org,0623831552,Tezpur,Himachal Pradesh,India,2022-07-21
CUST09992,Bhanumati Sidhu,Male,jeevikashankar@example.org,9560176505,Kanpur,Madhya Pradesh,India,2025-05-06
CUST09993,Samarth Lalla,Male,dashchanakya@example.org,2176472731,Amaravati,Punjab,India,2021-07-24
CUST09994,Zansi Krishna,Female,yatan72@example.org,7228284294,Miryalaguda,Sikkim,India,2025-12-12
CUST09995,Kashish Thakur,Female,sinhaforum@example.net,8188228081,Guntakal,Nagaland,India,2024-01-28
CUST09996,Raghav Chahal,Male,hamsiniparmar@example.net,1385333587,Katihar,Odisha,India,2023-04-20
CUST09997,Qarin Peri,Female,sanimanthan@example.net,0304100050,Gorakhpur,Mizoram,India,2025-03-30
CUST09998,Jagvi Chaudhuri,Male,fdani@example.net,0861190375,Deoghar,Tripura,India,2023-03-11
CUST09999,Kashish Sibal,Male,yatan03@example.net,9961658162,Sikar,Gujarat,India,2022-04-02
CUST10000,Tarak Kakar,Male,jagat84@example.com,4516693365,Muzaffarpur,West Bengal,India,2026-02-08
